Playlist,Clave,Valor
K-Pop,Your Idol,Saja Boys
K-Pop,Golden,HUNTR/X
K-Pop,Soda Pop,Saja Boys
K-Pop,PTT (Paint The Town),LOONA
K-Pop,DNA,BTS
K-Pop,I'm Fine,BTS
K-Pop,IDOL,BTS
K-Pop,Answer : Love Myself,BTS
K-Pop,Best Of Me,BTS
K-Pop,Go Go,BTS
K-Pop,Dynamite,BTS
K-Pop,Permission to Dance,BTS
K-Pop,Blood Sweat & Tears,BTS
K-Pop,BOOMBAYAH,BLACKPINK
K-Pop,DDU-DU DDU-DU,BLACKPINK
K-Pop,JUMP,BLACKPINK
K-Pop,SPOT!,ZICO
K-Pop,BEAM BEAM,SOYEON
K-Pop,As If It's Your Last,BLACKPINK
K-Pop,POP/STARS,K/DA
K-Pop,Moon,BTS
K-Pop,PARANOIA,HEARTSTEEL
K-Pop,Super Shy,NewJeans
J-Rock,Wherever you are,ONE OK ROCK
J-Rock,Stand Out Fit In,ONE OK ROCK
J-Rock,The Beginning,ONE OK ROCK
J-Rock,Tropical Therapy,ONE OK ROCK
J-Rock,Party’s Over,ONE OK ROCK
J-Rock,The Pilot </3,ONE OK ROCK
J-Rock,Dystopia,ONE OK ROCK
J-Rock,Save Yourself - Japanese Version,ONE OK ROCK
J-Rock,Neon,ONE OK ROCK
J-Rock,Unforgettable,ONE OK ROCK
J-Rock,Nothing Helps,ONE OK ROCK
J-Rock,Never Let This Go,ONE OK ROCK
J-Rock,Yes I am,ONE OK ROCK
J-Rock,Riot!!!,ONE OK ROCK
J-Rock,Memories,ONE OK ROCK
J-Rock,One by One,ONE OK ROCK
J-Rock,Answer is near,ONE OK ROCK
J-Rock,Re:make,ONE OK ROCK
J-Rock,Kimishidai Ressha,ONE OK ROCK
J-Rock,Hitsuzen maker,ONE OK ROCK
J-Rock,Sansan dama,ONE OK ROCK
J-Rock,Kemuri,ONE OK ROCK
J-Rock,(you can do)everything,ONE OK ROCK
J-Rock,Yokubou ni michita seinendan,ONE OK ROCK
J-Rock,夢幻,MY FIRST STORY
J-Rock,REVIVER,MY FIRST STORY
J-Rock,Missing You,MY FIRST STORY
J-Rock,Warning,MY FIRST STORY
J-Rock,Take it Back!!,MY FIRST STORY
J-Rock,Bullet radio,MY FIRST STORY
J-Rock,Second Limit,MY FIRST STORY
J-Rock,The Story Is My Life,MY FIRST STORY
J-Rock,虚言NEUROSE - Itsuwari Neurose,MY FIRST STORY
J-Rock,Black Rail,MY FIRST STORY
J-Rock,Room,MY FIRST STORY
J-Rock,Fake,MY FIRST STORY
J-Rock,Someday,MY FIRST STORY
J-Rock,Nothing In The Story,MY FIRST STORY
J-Rock,ALONE,MY FIRST STORY
J-Rock,イマジネーション,SPYAIR
J-Rock,不可逆リプレイス - Fukagyaku Replace,MY FIRST STORY
J-Rock,Home,MY FIRST STORY
J-Rock,カーテンコール,Yuuri
J-Rock,RAGE OF DUST,SPYAIR
Belicosos,Y LLORO,Junior H
Belicosos,Pienso en Ella,Natanael Cano
Belicosos,ROSA PASTEL,Peso Pluma
Belicosos,Alch Si,Carín León
Belicosos,AMOR PROPIO,Grupo Frontera
Belicosos,TULUM,Peso Pluma
Belicosos,LADY GAGA,Peso Pluma
Azul y oro,Bluebird,Luke Howard
Azul y oro,Indigo,Nadje Noordhuis
Azul y oro,Era già tutto previsto,Riccardo Cocciante
Azul y oro,Amarte es un placer,Luis Miguel
Azul y oro,Por Debajo De La Mesa,Luis Miguel
Azul y oro,La Carcel De Sing Sing,José Feliciano
Azul y oro,Fado português,Amália Rodrigues
Azul y oro,Con el sueño entre mis brazos,Café Quijano
Azul y oro,Piensa en mí,Luz Casal
Azul y oro,A Hilly Town,Yuji Nomi
Azul y oro,Lágrimas do céu,Carminho
Azul y oro,Quem Me Dera,Mariza
Azul y oro,Volver,Estrella Morente
Azul y oro,Inténtalo encontrar - Bulería,Mayte Martin
Azul y oro,Porco e Bella,Joe Hisaishi
Azul y oro,In Search of the Distant Era,Joe Hisaishi
Azul y oro,Merry Go Round of Life (From Howl's Moving Castle Original Motion Picture Soundtrack),Grissini Project
Azul y oro,Nostalgia,Joe Hisaishi
Azul y oro,Mediterráneo,María José Llergo
Azul y oro,Algo contigo,Rita Payés
Azul y oro,I REMEMBER CLIFFORD,Masayoshi Takanaka
Azul y oro,Piel Canela,Andrés Cepeda
Azul y oro,Sola,Jessie Reyez
Azul y oro,Lo Que Construimos,Natalia Lafourcade
Azul y oro,"Quizás, quizás, quizás (feat. Nathy Peluso)",Omara Portuondo
Azul y oro,Quien lo diría,Rita Payés
Barras boy summer,Pretty Scene Girl!,Clover!
Barras boy summer,Ravers Fantasy - Nightcore Edit,Manian
Barras boy summer,I'm Good (Blue) - Nightcore,Speedcore
Barras boy summer,Poison - Nightcore Edit,DJ Gollum
Barras boy summer,Go Go Go Go! - Nightcore Version,Felsenstein
Barras boy summer,bad boy nightcore,bikkoism
Barras boy summer,Rather Be,Nightcore Reality
Barras boy summer,Last Friday Night - Hardstyle,Tooz
Barras boy summer,I Kissed A Girl (Hardstyle),TBMN
Barras boy summer,Let Her Go - Hardstyle,OZAI
Barras boy summer,Rather Be - Hardstyle,Tooz
Barras boy summer,Pompeii - Hardstyle,Tooz
Barras boy summer,Bad Boy (Hardstyle Version),DRAAH
Barras boy summer,Pika Girl,S3RL
Dallas - Memphis,Broken & Blue,Ally Venable
Dallas - Memphis,Brown Liquor,Ally Venable
Dallas - Memphis,Fragile Peace And Certain War,Carolyn Wonderland
Dallas - Memphis,Texas Louisiana,Ally Venable
Dallas - Memphis,Ride It Hard,Warren Zeiders
Dallas - Memphis,Sweet Southern Sounds,Samantha Fish
Dallas - Memphis,I'm Done Runnin',Samantha Fish
Dallas - Memphis,Bleach Blonde Bottle Blues,Larkin Poe
Bailes tristes para delincuentes,Me Va la Vida en Esto,Depresión Sonora
Bailes tristes para delincuentes,Como todo el Mundo,Depresión Sonora
Bailes tristes para delincuentes,Ya No Hay Verano,Depresión Sonora
Bailes tristes para delincuentes,Gasolina y Mechero,Depresión Sonora
Bailes tristes para delincuentes,Hasta Que Llegue la Muerte,Depresión Sonora
Bailes tristes para delincuentes,desorden del sueño,Ghouljaboy
Bailes tristes para delincuentes,Apocalipsis Virtual,Depresión Sonora
Bailes tristes para delincuentes,Veo tan Dentro,Depresión Sonora
Bailes tristes para delincuentes,Tú No Me Tienes Que Salvar,Depresión Sonora
Bailes tristes para delincuentes,estupefacientes,Depresión Sonora
Bailes tristes para delincuentes,vivo del aire,Depresión Sonora
Bailes tristes para delincuentes,descenso al sueño,Ghouljaboy
Bailes tristes para delincuentes,super ultra mega dark times,Ghouljaboy
Bailes tristes para delincuentes,Fuego Cruzado - Depresión Sonora Remix,VVV [Trippin'you]
Bailes tristes para delincuentes,Dónde Están mis Amigos,Depresión Sonora
Bailes tristes para delincuentes,Dos Adolescentes y su Primer Amor,Depresión Sonora
Bailes tristes para delincuentes,Bienvenido al Caos,Depresión Sonora
Bailes tristes para delincuentes,Mira Mis Ojos,Depresión Sonora
Bailes tristes para delincuentes,seguiremos siendo,Depresión Sonora
Bailes tristes para delincuentes,Hay Que Abandonar Este Lugar,Depresión Sonora
Pachanga,La ciudad de los gatos negros,La Pegatina
Pachanga,Duende garrapata,Los Delinqüentes
Pachanga,Tobogan,ZOO
Pachanga,Lloverá y yo veré,La Pegatina
Pachanga,Alosque (feat. D'Callaos),La Pegatina
Pachanga,Olivia (feat. Mario Diaz),La Pegatina
Pachanga,Gat rumberu - La Gran Pegatina - Live 2016,La Pegatina
Pachanga,Tu Foto Del DNI,Marmi
Pachanga,El Fin del Mundo,La La Love You
Pachanga,La primavera trompetera,Los Delinqüentes
Pachanga,Más Colao Que el Colacao,La La Love You
Pachanga,Normal,Carolina Durante
City Pop,悲しみがとまらない　I CAN'T STOP THE LONELINESS,Anri
City Pop,Plastic Love,Mariya Takeuchi
City Pop,FRIDAY MAGIC,Meiko Nakahara
City Pop,Follow Me,Junko Yagami
City Pop,黄昏のBAY CITY,Junko Yagami
City Pop,Jazzy Night,Miki Matsubara
City Pop,Stay with Me - Night Tempo Showa Groove Mix,Night Tempo
City Pop,Remember Summer Days (Night Tempo Showa Groove Mix),Night Tempo
Sentimiento garrapatero,Poeta encadenado - maqueta diciembre 2002,Los Delinqüentes
Sentimiento garrapatero,La calle de los morenos,Los Delinqüentes
Sentimiento garrapatero,Nube de pegatina,Los Delinqüentes
Sentimiento garrapatero,El aire de la calle,Los Delinqüentes
Sentimiento garrapatero,Duende garrapata,Los Delinqüentes
Sentimiento garrapatero,Esos bichos que nacen de los claveles,Los Delinqüentes
Sentimiento garrapatero,Mis condiciones pajareras,Los Delinqüentes
Sentimiento garrapatero,La niña de la palmera,Los Delinqüentes
Sentimiento garrapatero,Poeta encadenado,Los Delinqüentes
Sentimiento garrapatero,La ragazza del elevatore,Los Delinqüentes
Sentimiento garrapatero,Resplandor - A Migue Benítez,El Canijo de Jerez
Savage,La Última Vez,Cariño
Savage,Veneno,Cariño
Savage,Botellas A Pares,Cariño
Savage,B2B,Cariño
Savage,sadmeal,Cariño
Savage,tamagotchi,Cariño
Savage,llorando en la acera,Cariño
Savage,bonus trap,Cariño
Savage,Aún me acuerdo de todo,Cariño
Savage,La canción que escribiste,Axolotes Mexicanos
Savage,ROSAS y ESPINAS,Axolotes Mexicanos
Savage,Amarre,Axolotes Mexicanos
Savage,Himawari,Axolotes Mexicanos
Savage,Verano En Espiral,Axolotes Mexicanos
Savage,Skate,Pimp Flaco
Savage,DEMASIADO CALLADO,María Escarmiento
Savage,:*:·’☆ brillan las estrellas ☆:·:*:·,María Escarmiento
Savage,(L) nuëstro muNdo (L),María Escarmiento
Savage,Rather Be (feat. Jess Glynne),Clean Bandit
Savage,California Gurls,Katy Perry
Savage,Party In The U.S.A.,Miley Cyrus
Savage,Last Friday Night (T.G.I.F.),Katy Perry
Savage,Call Me Maybe,Carly Rae Jepsen
Savage,Starships,Nicki Minaj
Savage,Beauty And A Beat,Justin Bieber
Savage,El Fin del Mundo,La La Love You
Savage,Más Colao Que el Colacao,La La Love You
Savage,Himno (para los que están jodidos),La La Love You
Savage,Tu Foto Del DNI,Marmi
Savage,Normal,Carolina Durante
Savage,Nacida Para Sufrir,Axolotes Mexicanos
Savage,Sin Ti,Axolotes Mexicanos
Savage,Shake It Off,Taylor Swift
D A N C E,Fall in Love (feat. Ciscero),GoldLink
D A N C E,Aura,SG Lewis
D A N C E,YOU'RE THE ONE,KAYTRANADA
D A N C E,Think About Things,Daði Freyr
D A N C E,Money Dance,Duckwrth
D A N C E,Coming Closer,Duckwrth
D A N C E,I'M DEAD (feat. Sabrina Claudio),Duckwrth
D A N C E,Crush,Duckwrth
D A N C E,World On Wheels,Duckwrth
D A N C E,Juice,Young Franco
D A N C E,Love Me Like (feat. DUCKWRTH),Rayana Jay
D A N C E,Vex Oh feat. GoldLink & Ari PenSmith,KAYTRANADA
D A N C E,Head Shoulders Knees & Toes (feat. Norma Jean Martine),Ofenbach
D A N C E,West Coast (feat. Quinn XCII),DVBBS
D A N C E,Insane,Ofenbach
D A N C E,I Cried At The Rave,Sonny Alven
D A N C E,Feed The Fire (feat. Lucky Daye),SG Lewis
D A N C E,FEEL SOMETHING DIFFERENT,Bea Miller
D A N C E,The Recipe (prod. by KAYTRANADA),Aluna
D A N C E,10% (feat. Kali Uchis),KAYTRANADA
D A N C E,Be Your Girl (Kaytranada Edition),Teedra Moses
D A N C E,"U Say (feat. Tyler, The Creator & Jay Prince)",GoldLink
D A N C E,Free Room (feat. Appleby),Ravyn Lenae
D A N C E,Zulu Screams (feat. Maleek Berry & Bibi Bourelly),GoldLink
D A N C E,Essential Workers Anthem,Marc Rebillet
D A N C E,Therapy,Marc Rebillet
D A N C E,Throw That Shit Out,Marc Rebillet
D A N C E,Fluff,Tank and The Bangas
D A N C E,"Work (feat. DUCKWRTH, Saint Bodhi)",NEZ
D A N C E,Wasted Love (feat. Lagique),Ofenbach
D A N C E,Minefields - Ofenbach Remix,Faouzia
D A N C E,High Hopes,pluko
D A N C E,One More (feat. Nile Rodgers),SG Lewis
D A N C E,Lovefool,twocolors
D A N C E,Time,SG Lewis
D A N C E,Pheromones,Havelock
D A N C E,Kings & Queens,Coppola
D A N C E,Katchi - Ofenbach vs. Nick Waterhouse,Ofenbach
D A N C E,PARTY (feat. Wax and Herbal T) [Ofenbach vs. Lack Of Afro],Ofenbach
D A N C E,Rock It,Ofenbach
D A N C E,Paradise (feat. Benjamin Ingrosso),Ofenbach
D A N C E,Be Mine,Ofenbach
D A N C E,love,DEAN
D A N C E,The Party (This Is How We Do It),Joe Stone
D A N C E,So Close,NOTD
D A N C E,Price Tags (feat. Anderson .Paak) - kryptogram Remix,Jazmine Sullivan
D A N C E,Piece Of Your Heart,MEDUZA
D A N C E,VACCINATED ATTITUDE,Marc Rebillet
D A N C E,Solo,Shakka
D A N C E,Oh Sheit it's X,Thundercat
D A N C E,Quick - KMB Remix,Duckwrth
D A N C E,Starstruck - Ofenbach Remix,Olly Alexander (Years & Years)
D A N C E,Higher (feat. iann dior) - Dimitri Vegas & Like Mike Remix,Clean Bandit
D A N C E,Lost In Space (feat. SG Lewis),Folamour
D A N C E,We Need Love - Cabu Remix,Cabu
D A N C E,Birthday Suit,Duckwrth
D A N C E,All We Got (feat. KIDDO) - Ofenbach Remix,Robin Schulz
D A N C E,working,Tate McRae
D A N C E,Late Night (feat. Masego),GoldLink
D A N C E,Unique (feat. Anderson .Paak),GoldLink
D A N C E,Summerland,half•alive
D A N C E,Call Me Papi (feat. Dawty Music) - Damien N-Drix Remix,Feder
D A N C E,Good Nights (feat. Mascolo),Whethan
D A N C E,Need It (feat. Masego),KAYTRANADA
D A N C E,Funny Thing,Thundercat
D A N C E,Dream in Colour,Franc Moody
D A N C E,What Kinda Music - Jordan Rakei Remix,Tom Misch
D A N C E,Shut Me Down,Haute
D A N C E,Crazy,Cabu
D A N C E,Can't Stop Playing (Makes Me High) (feat. Ane Brun) - Oliver Heldens & Gregor Salto Vocal Mix Edit,DR. KUCHO!
D A N C E,Intoxicated - Radio Edit,Martin Solveig
D A N C E,Wasted,Tiësto
D A N C E,Love Is Gone - R3HAB Remix,R3HAB
D A N C E,Shades Of Grey - Radio Mix,Oliver Heldens
D A N C E,Hurricane,Ofenbach
D A N C E,Heartbreak On The Dancefloor - Gerry Read Remix,SG Lewis
D A N C E,Charmander,Aminé
D A N C E,Intimidated (feat. H.E.R.),KAYTRANADA
D A N C E,Be Careful (feat. Thundercat),KAYTRANADA
D A N C E,Sail Away,Møme
D A N C E,Stay Lost - Cabu Remix,Joe Hertz
D A N C E,Dancin (feat. Luvli) - Krono Remix,Aaron Smith
D A N C E,Canary Islands,Goth Babe
D A N C E,Assumptions,Sam Gellaitry
D A N C E,Sun Moon,Cabu
D A N C E,Favorite (feat. Duckwrth),Duckwrth
D A N C E,About U,Cabu
D A N C E,Next To Me,Jim-E Stack
D A N C E,Don’t Forget My Love,Diplo
D A N C E,Power Power (feat. Shaun Ross),Duckwrth
D A N C E,"L.O.V.E. (feat. EARTHGANG, Jon Batiste & Sherwyn)",Yung Bae
D A N C E,Easy - Ofenbach Remix,Aidan Martin
D A N C E,Body,Loud Luxury
D A N C E,Ecstasy,Fabich
D A N C E,RUFFNECK BROTHER,TREASURE SERIES
D A N C E,Waterfall,Disclosure
D A N C E,Happy Music,Supershy
D A N C E,For How Long - Harvey Sutherland Remix,Tycho
D A N C E,Sugar (feat. Francesco Yates),Robin Schulz
BRAZILIAN PHONK 🇧🇷,MONTAGEM BAILÃO,Repsaj
BRAZILIAN PHONK 🇧🇷,Montagem Lunar Celestia 1.0 (SLOWED),TOKYOPHILE
BRAZILIAN PHONK 🇧🇷,TOMA NO BAILÃO,DJ FKU
BRAZILIAN PHONK 🇧🇷,FUNK INFERNAL,DYGO
BRAZILIAN PHONK 🇧🇷,WA ARA,Ogryzek
BRAZILIAN PHONK 🇧🇷,BAILA CONMIGO - Super Slowed,Yb Wasg'ood
BRAZILIAN PHONK 🇧🇷,GANO - Slowed,VUKEINE
BRAZILIAN PHONK 🇧🇷,ESTA NOCHE,sma$her
BRAZILIAN PHONK 🇧🇷,SIN DRAMA - Slowed,ATLXS
BRAZILIAN PHONK 🇧🇷,Vem Sonhar,MXZI
BRAZILIAN PHONK 🇧🇷,MONTAGEM TOMADA - Slowed,MXZI
BRAZILIAN PHONK 🇧🇷,QUIERO,Yb Wasg'ood
BRAZILIAN PHONK 🇧🇷,Vou Pra Pista,RXPOSO99
BRAZILIAN PHONK 🇧🇷,Montagem Solar Atmosfera,Ariis
BRAZILIAN PHONK 🇧🇷,IMBALI - Slowed,Ariis
BRAZILIAN PHONK 🇧🇷,DON`T STOP - Slowed,GLXXMSTRIDER
BRAZILIAN PHONK 🇧🇷,ACELERADA,sma$her
BRAZILIAN PHONK 🇧🇷,MELODIA DA ALAMEDA (SLOWED),M4GN
BRAZILIAN PHONK 🇧🇷,Foi Você,Nxppy
BRAZILIAN PHONK 🇧🇷,FUNK DA NEBULOSA,EVN1NG
BRAZILIAN PHONK 🇧🇷,PAPI,RAIZHELL
BRAZILIAN PHONK 🇧🇷,Montagem Mudança,MXZI
BRAZILIAN PHONK 🇧🇷,PASSO BEM SOLTO - Slowed,ATLXS
BRAZILIAN PHONK 🇧🇷,TE EXTRAÑO,DJ Javi26
BRAZILIAN PHONK 🇧🇷,O MUNDO INTERIOR FUNK - Slowed,74blade
BRAZILIAN PHONK 🇧🇷,BROTA NA BASE,HIMXN
BRAZILIAN PHONK 🇧🇷,X-TALI,MXCCREE
BRAZILIAN PHONK 🇧🇷,MELODIA SAVANA - SLOWED,M4GN
BRAZILIAN PHONK 🇧🇷,LOZ DA LUA,NØ FXCE
BRAZILIAN PHONK 🇧🇷,PAKISE - Slowed,Rushex
BRAZILIAN PHONK 🇧🇷,BRINCA BRINCA,Ariis
BRAZILIAN PHONK 🇧🇷,KRUSH BANDICOOT,RAIZHELL
BRAZILIAN PHONK 🇧🇷,LOS VOLTAJE,Sayfalse
BRAZILIAN PHONK 🇧🇷,jaxx - Slowed,nxtjvr
BRAZILIAN PHONK 🇧🇷,MTG - VINGANÇA 2 (Super Slowed + Reverb),DJ FKU
BRAZILIAN PHONK 🇧🇷,Funk dos Mistérios - Slowed,SPIXLEX
BRAZILIAN PHONK 🇧🇷,VAS AMARTE,REVERSXN
BRAZILIAN PHONK 🇧🇷,FUNK DO BOUNCE (Slowed),Ariis
BRAZILIAN PHONK 🇧🇷,CASA PRADA,Rushex
BRAZILIAN PHONK 🇧🇷,NAO SEI,TOKYOPHILE
BRAZILIAN PHONK 🇧🇷,AUTHORITY,Ogryzek
BRAZILIAN PHONK 🇧🇷,KRUSH INFERNAL,DYGO
BRAZILIAN PHONK 🇧🇷,PAKISE,Rushex
BRAZILIAN PHONK 🇧🇷,SOM CÓSMICO - Slowed,Envacity
BRAZILIAN PHONK 🇧🇷,CORRUPÇÃO FUNK,zxnc.
BRAZILIAN PHONK 🇧🇷,BAILA JAZZÃO,Chrxs Beats
BRAZILIAN PHONK 🇧🇷,NUNCA MUDA?,Scythermane
BRAZILIAN PHONK 🇧🇷,LUZ DE LA LUNA,Ariis
BRAZILIAN PHONK 🇧🇷,TROPA DO 71,M4GN
BRAZILIAN PHONK 🇧🇷,WOAH!,2KE
BRAZILIAN PHONK 🇧🇷,X-SLIDE,2KE
BRAZILIAN PHONK 🇧🇷,TUCA DONKA,CURSEDEVIL
BRAZILIAN PHONK 🇧🇷,dança zip,Ariis
BRAZILIAN PHONK 🇧🇷,Not My Problem Funk - Sayfalse Remix,DJZRX
BRAZILIAN PHONK 🇧🇷,PRINCE,Ogryzek
BRAZILIAN PHONK 🇧🇷,ARENA ORO,TWXNY
BRAZILIAN PHONK 🇧🇷,MONTAGEM FUTABA - Slowed,MXCCREE
BRAZILIAN PHONK 🇧🇷,LIKE YOU,sma$her
BRAZILIAN PHONK 🇧🇷,ETERNA GELADA!,TOKYOPHILE
BRAZILIAN PHONK 🇧🇷,SPIN! - Slowed,fennecxx
BRAZILIAN PHONK 🇧🇷,TOKIO FUNK,MVRLLIN
BRAZILIAN PHONK 🇧🇷,ACABRA,Lyamev
BRAZILIAN PHONK 🇧🇷,CANTA LALA,ANDROMEDA
BRAZILIAN PHONK 🇧🇷,SLAY!,Eternxlkz
BRAZILIAN PHONK 🇧🇷,Montagem Sonic Ritmado 1.0 (Super Slowed),TOKYOPHILE
BRAZILIAN PHONK 🇧🇷,ESCAPATE,fennecxx
BRAZILIAN PHONK 🇧🇷,BRAT FUNK (360),nashi
BRAZILIAN PHONK 🇧🇷,MONTAGEM TOCANDO,Yb Wasg'ood
BRAZILIAN PHONK 🇧🇷,PING PONG - Slowed,fennecxx
BRAZILIAN PHONK 🇧🇷,MANDA BALA,Ariis
BRAZILIAN PHONK 🇧🇷,NITRO,LXNGVX
BRAZILIAN PHONK 🇧🇷,NO FEAR!,ANDROMEDA
BRAZILIAN PHONK 🇧🇷,THE VOID - Ultra Slowed,N!GHTvisiøn
BRAZILIAN PHONK 🇧🇷,GLORY,Ogryzek
BRAZILIAN PHONK 🇧🇷,BRING IT,2KE
BRAZILIAN PHONK 🇧🇷,SEQUÊNCIA MALÉFICA 1.0,RXPOSO99
BRAZILIAN PHONK 🇧🇷,UH VEI VEI,KREZUS
BRAZILIAN PHONK 🇧🇷,NÃO-LUGAR,Rich Fayden
BRAZILIAN PHONK 🇧🇷,Automotivo Piano V1,FXRR
BRAZILIAN PHONK 🇧🇷,FUNK REQUIEM,RAIZHELL
BRAZILIAN PHONK 🇧🇷,School Rooftop Funk,DJZRX
BRAZILIAN PHONK 🇧🇷,Montagem Mysterious Game,LXNGVX
BRAZILIAN PHONK 🇧🇷,hypnotic - super slowed,isq
BRAZILIAN PHONK 🇧🇷,AUTOMOTIVO EMPURRA,sma$her
BRAZILIAN PHONK 🇧🇷,MTG - VINGANÇA,DJ FKU
BRAZILIAN PHONK 🇧🇷,SI MADRE FUNK,VXCA
BRAZILIAN PHONK 🇧🇷,Power!,MRL
BRAZILIAN PHONK 🇧🇷,Montagem Malandra,NOIXES
BRAZILIAN PHONK 🇧🇷,SINTA VOCÊ,Syelore
BRAZILIAN PHONK 🇧🇷,GPS,Brevis
BRAZILIAN PHONK 🇧🇷,Eu Sento Gabu!,PXLWYSE
BRAZILIAN PHONK 🇧🇷,Uh Uh Balançao,BLZZVRD
BRAZILIAN PHONK 🇧🇷,MONTAGEM DONACANDO CAIR,justforgetme
BRAZILIAN PHONK 🇧🇷,ON THE FLOOR,Kverz
BRAZILIAN PHONK 🇧🇷,FUNK DO MAGO,M4GN
BRAZILIAN PHONK 🇧🇷,Misanthrop (Crawly Wizard),MXRCVRY
BRAZILIAN PHONK 🇧🇷,MONTAGEM CALIENTE,PET3RPUNX
BRAZILIAN PHONK 🇧🇷,CHOIR FUNK,bear bear & friends
BRAZILIAN PHONK 🇧🇷,MONTAGEM RASTRO,zxnc.
BRAZILIAN PHONK 🇧🇷,Evolution,PXLWYSE
peach eyes,peach eyes,wave to earth
peach eyes,death bed (coffee for your head),Powfu
peach eyes,insertar nombre,emebé
peach eyes,D'amor traficante,Ralphie Choo
peach eyes,BBY ROMEO,rusowsky
peach eyes,ALTAGAMA,rusowsky
peach eyes,VOYCONTODO,Ralphie Choo
peach eyes,La Pared,Cupido
peach eyes,Heavenly,Judeline
peach eyes,malibU,rusowsky
peach eyes,project tu culo,rusowsky
peach eyes,seasons,wave to earth
peach eyes,Can't Help Falling in Love,Bob Dylan
Bounce,Bounce,Rema
Bounce,Wegue Wegue,Pongo
Bounce,DJ SARA FREESTYLE (DÉCALÉ YOROBO),SARAFINA THE GREAT
Bounce,Tchoucou tchoucou,Kedjevara
Bounce,Baiana - Cosme Martin & Christian Vila Remix,Barbatuques
ANTIDOTO CLUB #SELECTS,Grind Pon Mi,FS Green
ANTIDOTO CLUB #SELECTS,The Jumper - Mass Medium Remix,Hammer House
ANTIDOTO CLUB #SELECTS,Ride Or Die,Sevdaliza
ANTIDOTO CLUB #SELECTS,El Cielo,Sky Rompiendo
ANTIDOTO CLUB #SELECTS,FE!N (feat. Playboi Carti),Travis Scott
ANTIDOTO CLUB #SELECTS,Automotivo Bibi Fogosa,Bibi Babydoll
ANTIDOTO CLUB #SELECTS,El Alma Que Te Trajo,Safety Trance
ANTIDOTO CLUB #SELECTS,Vogue,Lazy Flow
ANTIDOTO CLUB #SELECTS,Champion Sound,Jengi
ANTIDOTO CLUB #SELECTS,Pound Town (and Tay Keith),Sexyy Red
ANTIDOTO CLUB #SELECTS,Rakata,Arca
ANTIDOTO CLUB #SELECTS,Too Many Nights (feat. Don Toliver & with Future),Metro Boomin
ANTIDOTO CLUB #SELECTS,Subaquistão,MC Vitin LC
ANTIDOTO CLUB #SELECTS,At The Club,FS Green
ANTIDOTO CLUB #SELECTS,Puta Mexicana,DJ Jeeh FDC
ANTIDOTO CLUB #SELECTS,Raise Up Your Lighters,Jengi
ANTIDOTO CLUB #SELECTS,Uva Bombom,Rochy RD
ANTIDOTO CLUB #SELECTS,"Mnike (feat. DJ Maphorisa, Nandipha808, Ceeka RSA & Tyron Dee)",Tyler ICU
ANTIDOTO CLUB #SELECTS,Ede Weri (Srananpiano),Jarreau Vandal
ANTIDOTO CLUB #SELECTS,Find My Way Home,Sammy Virji
ANTIDOTO CLUB #SELECTS,Wait For It,salute
ANTIDOTO CLUB #SELECTS,Whippet,Conducta
ANTIDOTO CLUB #SELECTS,On My Mind (Conducta Remix) - Mixed,Jorja Smith
ANTIDOTO CLUB #SELECTS,Reckless Riddim,FS Green
ANTIDOTO CLUB #SELECTS,Lemonade,Internet Money
ANTIDOTO CLUB #SELECTS,DESPECHÁ - Jersey Club Remix3000,nusar3000
ANTIDOTO CLUB #SELECTS,#BrooklynBloodPop! - Roku Remix,Rojuu
ANTIDOTO CLUB #SELECTS,3caras_158bpm_eminor,SALOMON SESSIONS
ANTIDOTO CLUB #SELECTS,Mega Rave Sem Chão,Dj GBR
ANTIDOTO CLUB #SELECTS,Libertadysalud_130bpm_dflatminor,SALOMON SESSIONS
ANTIDOTO CLUB #SELECTS,Vai de Ladinho,Dj GBR
ANTIDOTO CLUB #SELECTS,Everytime We Touch,Cascada
ANTIDOTO CLUB #SELECTS,Baianá,Nia Archives
ANTIDOTO CLUB #SELECTS,Little Things - Nia Archives Remix,Jorja Smith
ANTIDOTO CLUB #SELECTS,CUUUUuuuuuute,ROSALÍA
ANTIDOTO CLUB #SELECTS,CHELSEA,Febem
ANTIDOTO CLUB #SELECTS,10 More Rounds,FLOHIO
ANTIDOTO CLUB #SELECTS,Maya Riddim,Dave Nunes
ANTIDOTO CLUB #SELECTS,Miss You - Sped Up Version,Oliver Tree
ANTIDOTO CLUB #SELECTS,"I Need a Girl (Pt. 2) [feat. Loon, Ginuwine, Mario Winans]",Diddy
ANTIDOTO CLUB #SELECTS,Jungle,Fred again..
ANTIDOTO CLUB #SELECTS,Boy's a liar Pt. 2,PinkPantheress
ANTIDOTO CLUB #SELECTS,Break It Off - Bonus,PinkPantheress
ANTIDOTO CLUB #SELECTS,Pump It,Dj GBR
ANTIDOTO CLUB #SELECTS,Deli,Ice Spice
ANTIDOTO CLUB #SELECTS,Wegue Wegue,Pongo
ANTIDOTO CLUB #SELECTS,"Tokyo Drift (Fast & Furious) - From ""The Fast And The Furious: Tokyo Drift"" Soundtrack",Teriyaki Boyz
ANTIDOTO CLUB #SELECTS,Munch (Feelin’ U),Ice Spice
ANTIDOTO CLUB #SELECTS,Blanco,Pitbull
ANTIDOTO CLUB #SELECTS,Obsessed With You,Central Cee
ANTIDOTO CLUB #SELECTS,Doja,Central Cee
ANTIDOTO CLUB #SELECTS,Tontoron Tonton - Vlado & Rockywhereyoubeen Remix,El Alfa
ANTIDOTO CLUB #SELECTS,GOSTAH!,Klean
ANTIDOTO CLUB #SELECTS,Rebola,Klean
ANTIDOTO CLUB #SELECTS,Paint The Town Red,Doja Cat
ANTIDOTO CLUB #SELECTS,MÁQUINA CULONA,Ralphie Choo
ANTIDOTO CLUB #SELECTS,Intimidated (feat. H.E.R.),KAYTRANADA
ANTIDOTO CLUB #SELECTS,4EVA,KAYTRAMINÉ
ANTIDOTO CLUB #SELECTS,YOU'RE THE ONE,KAYTRANADA
ANTIDOTO CLUB #SELECTS,10% (feat. Kali Uchis),KAYTRANADA
ANTIDOTO CLUB #SELECTS,Gema Rosa,Orslok
ANTIDOTO CLUB #SELECTS,Just Wanna Rock,Lil Uzi Vert
New metal,Circle With Me,Spiritbox
New metal,button eyes,The Pretty Wild
New metal,Kundalini,Deadlands
New metal,Daggers,We Came As Romans
Kefka's Ultima,The Decisive Battle,Nobuo Uematsu
Kefka's Ultima,Battle with Magus,Malcolm Robinson
Kefka's Ultima,Jenova (Final Fantasy VII),Nobuo Uematsu
Kefka's Ultima,One​-​Winged Angel (Final Fantasy VII),Nobuo Uematsu
Kefka's Ultima,Final Battle,Masashi Hamauzu
Kefka's Ultima,The Darkness of Eternity,Nobuo Uematsu
Kefka's Ultima,Fight With Seymour,Nobuo Uematsu
Kefka's Ultima,A Beautiful Song,帆足圭吾
Kefka's Ultima,Dancing Mad (FINAL FANTASY VI) [2025 version],Arnie Roth
Kefka's Ultima,"Apocalypsis Noctis (From ""Final Fantasy XV"")",Yoko Shimomura
Kefka's Ultima,Grandma (Destruction),Kuniyuki Takahashi
Kefka's Ultima,Dark Colossus (Kaiju),帆足圭吾
Kefka's Ultima,Emil (Despair),帆足圭吾
Timeless Fantasies,Celes's Theme,Nobuo Uematsu
Timeless Fantasies,Terra's Theme,Nobuo Uematsu
Timeless Fantasies,A Place to Call Home,Nobuo Uematsu
Timeless Fantasies,Roses of May,Nobuo Uematsu
Timeless Fantasies,Fisherman's Horizon (Final Fantasy VIII),Nobuo Uematsu
Timeless Fantasies,Zanarkand,Nobuo Uematsu
Timeless Fantasies,Shore of Dreams (Another World),Yasunori Mitsuda
Timeless Fantasies,Dear Friends (Final Fantasy V),Nobuo Uematsu
Timeless Fantasies,Yuna's Theme,Nobuo Uematsu
Timeless Fantasies,True Love,Yoko Shimomura
Timeless Fantasies,Aerith's Theme (Final Fantasy VII),Nobuo Uematsu
Timeless Fantasies,"Balamb Garden ~ Ami (From ""Final Fantasy VIII"")",Nobuo Uematsu
Timeless Fantasies,Frog's Theme,Malcolm Robinson
Timeless Fantasies,Julia,Nobuo Uematsu
Timeless Fantasies,"Somnus (Instrumental Version) (From ""Final Fantasy XV"")",Yoko Shimomura
Timeless Fantasies,"Final Fantasy (From ""Final Fantasy Series"")",Nobuo Uematsu
Timeless Fantasies,Epilogue ～ To Good Friends,Yasunori Mitsuda
Timeless Fantasies,Peaceful Days,Malcolm Robinson
Timeless Fantasies,To Far Away Times,Malcolm Robinson
Timeless Fantasies,The Bend of Time,Yasunori Mitsuda
Timeless Fantasies,On The Other Side / Epilogue～To Good Friends,Yasunori Mitsuda
Timeless Fantasies,Wind Scene,Yasunori Mitsuda
Timeless Fantasies,Outskirts of Time,The Blake Robinson Synthetic Orchestra
Timeless Fantasies,Valse di Fantastica,Yoko Shimomura
Timeless Fantasies,Travelers,Andrew Prahlow
Timeless Fantasies,Peaceful Sleep,岡部啓一
Timeless Fantasies,Amusement Park,帆足圭吾
Timeless Fantasies,Voice of no Return,岡部啓一
Timeless Fantasies,Treasured Times,帆足圭吾
Timeless Fantasies,Weight of the World - English Version - J'Nique Nicole,岡部啓一
Timeless Fantasies,Serenade of Respite - Night,Yasunori Mitsuda
Timeless Fantasies,Fallen Down (Reprise),Toby Fox
Sk8 or die 🗿,Rotting Away,Fame on Fire
Sk8 or die 🗿,Tears Don't Fall,Bullet For My Valentine
Sk8 or die 🗿,LosT,Bring Me The Horizon
Sk8 or die 🗿,DiE4u,Bring Me The Horizon
Sk8 or die 🗿,Teardrops,Bring Me The Horizon
Sk8 or die 🗿,Kingslayer (feat. BABYMETAL),Bring Me The Horizon
Sk8 or die 🗿,The Emptiness Machine,Linkin Park
Sk8 or die 🗿,In the End,Linkin Park
Sk8 or die 🗿,Two Faced,Linkin Park
Sk8 or die 🗿,Last Resort,Papa Roach
Sk8 or die 🗿,I Hate Everything About You,Three Days Grace
Sk8 or die 🗿,Animal I Have Become,Three Days Grace
Sk8 or die 🗿,Emo Shit (feat. Kody Lavigne),Fame on Fire
Sk8 or die 🗿,All The Small Things,blink-182
Sk8 or die 🗿,I Miss You,blink-182
Sk8 or die 🗿,Aliens Exist,blink-182
Sk8 or die 🗿,First Date,blink-182
Sk8 or die 🗿,Here's Your Letter,blink-182
Sk8 or die 🗿,DANCE WITH ME,blink-182
Sk8 or die 🗿,Dammit,blink-182
Sk8 or die 🗿,Still Waiting,Sum 41
Sk8 or die 🗿,Pieces,Sum 41
Sk8 or die 🗿,Over My Head (Better Off Dead),Sum 41
Sk8 or die 🗿,Thanks For Nothing,Sum 41
Sk8 or die 🗿,Waiting On A Twist Of Fate,Sum 41
Sk8 or die 🗿,Landmines,Sum 41
Sk8 or die 🗿,Not Quite Myself,Sum 41
Sk8 or die 🗿,Bad Mistake,Sum 41
Sk8 or die 🗿,Walking Disaster,Sum 41
Sk8 or die 🗿,Noots,Sum 41
Sk8 or die 🗿,Out For Blood,Sum 41
Sk8 or die 🗿,The Dirt Whispered,Rise Against
Sk8 or die 🗿,Entertainment,Rise Against
Sk8 or die 🗿,Injection,Rise Against
Sk8 or die 🗿,The Kids Aren't Alright,The Offspring
Sk8 or die 🗿,"You're Gonna Go Far, Kid",The Offspring
Sk8 or die 🗿,Pretty Fly (For A White Guy),The Offspring
Sk8 or die 🗿,Slim Pickens Does The Right Thing And Rides The Bomb To Hell,The Offspring
Sk8 or die 🗿,Americana,The Offspring
Sk8 or die 🗿,Got the Life,Korn
Sk8 or die 🗿,It's On!,Korn
Sk8 or die 🗿,Trust In You,The Offspring
Sk8 or die 🗿,NJ Legion Iced Tea,A Day To Remember
Sk8 or die 🗿,The Downfall Of Us All,A Day To Remember
Sk8 or die 🗿,All I Want,A Day To Remember
Sk8 or die 🗿,The Plot To Bomb The Panhandle,A Day To Remember
Sk8 or die 🗿,Show 'Em The Ropes,A Day To Remember
Sk8 or die 🗿,A Shot In The Dark,A Day To Remember
Sk8 or die 🗿,Justified Black Eye,No Use For A Name
Sk8 or die 🗿,You,Bad Religion
Sk8 or die 🗿,CAN'T HELP FALLING IN LOVE,Hi-STANDARD
Sk8 or die 🗿,Get Your Game On!,Maxime Solemn
Sk8 or die 🗿,Sorry You're Not a Winner,Enter Shikari
Sk8 or die 🗿,It’s Going Good!,Sueco
Sk8 or die 🗿,The Hell Song,Sum 41
Sk8 or die 🗿,Thnks fr th Mmrs,Fall Out Boy
Sk8 or die 🗿,SOS (feat. Travis Barker),Sueco
Sk8 or die 🗿,A Trophy Fathers Trophy Son,Sleeping With Sirens
Sk8 or die 🗿,Just A Girl,No Doubt
Sk8 or die 🗿,she knows it,Maggie Lindemann
Sk8 or die 🗿,Lucid Dreams,Worst In Me
Sk8 or die 🗿,Everything Goes On,AARCADE
Sk8 or die 🗿,Dynamite,Brooklane
Sk8 or die 🗿,Ghost,Five AM
Sk8 or die 🗿,Welcome to My Life,Simple Plan
Sk8 or die 🗿,"Dear Maria, Count Me In",All Time Low
Sk8 or die 🗿,Hand Of Blood,Bullet For My Valentine
Sk8 or die 🗿,Face Down,The Red Jumpsuit Apparatus
Sk8 or die 🗿,Soul Mate,No Use For A Name
Sk8 or die 🗿,International You Day,No Use For A Name
Sk8 or die 🗿,For Fiona,No Use For A Name
Sk8 or die 🗿,Invincible,No Use For A Name
Sk8 or die 🗿,Chasing Rainbows,No Use For A Name
Sk8 or die 🗿,Young & Dumb (feat. Simple Plan),Avril Lavigne
Sk8 or die 🗿,Welcome to the Black Parade,My Chemical Romance
Sk8 or die 🗿,Time of Dying,Three Days Grace
Sk8 or die 🗿,Fake As Hell (with Avril Lavigne),All Time Low
Sk8 or die 🗿,Monster,Skillet
Sk8 or die 🗿,Sense & Sensibility,Millencolin
Sk8 or die 🗿,Kotov Syndrome,Rise Against
Algo contigo,Algo contigo,Rita Payés
Algo contigo,Melodia sentimental,Rita Payés
Algo contigo,Fado português,Amália Rodrigues
Algo contigo,Dos Gardenias,Buena Vista Social Club
Algo contigo,Alfonsina y el mar,Rita Payés
Algo contigo,Quien lo diría,Rita Payés
Algo contigo,Eu desespero,Rita Payés
Algo contigo,Marieta,Sierra Maestra
Algo contigo,Zamba para Olvidarte (with Diego Torres),Mercedes Sosa
Algo contigo,Estadio Azteca,Andrés Calamaro
Algo contigo,Por una cabeza,Andrés Calamaro
Algo contigo,La Nave del Olvido,José José
Algo contigo,Crímenes perfectos,Andrés Calamaro
Algo contigo,Cuándo Olvidaré,C. Tangana
Algo contigo,Cristales de Bohemia,Joaquín Sabina
Algo contigo,La Canción Más Hermosa del Mundo,Joaquín Sabina
Algo contigo,Peces de Ciudad,Joaquín Sabina
Algo contigo,Tan Joven y Tan Viejo,Joaquín Sabina
Algo contigo,Cerrado por Derribo - Directo,Joaquín Sabina
Algo contigo,nana triste,Natalia Lacunza
Algo contigo,Lamento Cubano,Guillermo Portabales
Algo contigo,Feliz Me Siento,Gunda Merced y Su Salsa Fever
Algo contigo,Lucia (with Silvio Rodríguez),Joan Manuel Serrat
Algo contigo,Sus ojos se cerraron,Chavela Vargas
Algo contigo,I REMEMBER CLIFFORD,Masayoshi Takanaka
Algo contigo,El Sitio De Mi Recreo,Antonio Vega
Algo contigo,Con Los Dos En La Cabeza,Pedro Guerra
Algo contigo,Lágrimas Negras (feat. Omara Portuondo),Buena Vista Social Club
Algo contigo,Piel Canela,Andrés Cepeda
Algo contigo,Cosa Nuestra,Rauw Alejandro
Algo contigo,PIToRRO DE COCO,Bad Bunny
Algo contigo,TURiSTA,Bad Bunny
Algo contigo,4esquinitas,Judeline
Algo contigo,Heavenly,Judeline
Algo contigo,Bien:( (feat. Rusowsky),C. Tangana
Algo contigo,Lo Que Construimos,Natalia Lafourcade
Algo contigo,Sola,Jessie Reyez
Algo contigo,Ojalá,La Maravillosa Orquesta del Alcohol
Algo contigo,Hoy - Spanish Version,Gloria Estefan
Algo contigo,Robarle tiempo al tiempo,Café Quijano
Algo contigo,Con el sueño entre mis brazos,Café Quijano
Algo contigo,No me reproches,Café Quijano
Algo contigo,"Quizás, quizás, quizás (feat. Nathy Peluso)",Omara Portuondo
Algo contigo,Era già tutto previsto,Riccardo Cocciante
Algo contigo,Nostalgia,Mayte Martin
Late night grooves,Cool With You,NewJeans
Late night grooves,Super Shy,NewJeans
Late night grooves,You Know I'm No Good,Amy Winehouse
Late night grooves,LOST IN PARADISE,ALI
Late night grooves,September,"Earth, Wind & Fire"
Late night grooves,Boogie Wonderland,"Earth, Wind & Fire"
Late night grooves,In the Stone,"Earth, Wind & Fire"
Late night grooves,Dynamite,BTS
Late night grooves,Love Again,Dua Lipa
Late night grooves,Skate,Bruno Mars
Late night grooves,So Beautiful,DPR IAN
Late night grooves,Color Your Night,Lotus Juice
Late night grooves,Virtual Insanity - Remastered 2006,Jamiroquai
Late night grooves,Fly As Me,Bruno Mars
Late night grooves,Levitating,Dua Lipa
Late night grooves,Butter,BTS
Late night grooves,DUMBAI - Live at NPR MUSIC's Tiny Desk,CA7RIEL & Paco Amoroso
Late night grooves,EL ÚNICO - Live at NPR MUSIC's Tiny Desk,CA7RIEL & Paco Amoroso
Late night grooves,MI DESEO/BAD BITCH - Live at NPR MUSIC's Tiny Desk,CA7RIEL & Paco Amoroso
Late night grooves,BABY GANGSTA - Live at NPR MUSIC's Tiny Desk,CA7RIEL & Paco Amoroso
Late night grooves,Remember Summer Days,Anri
Late night grooves,TRANKY FUNKY,Trueno
Late night grooves,Vacay,Aminé
Late night grooves,edamame,bbno$
Late night grooves,TOO BAD,G-DRAGON
Late night grooves,Ring My Bell,Anita Ward
Late night grooves,Dance The Night,Dua Lipa
Late night grooves,APT.,ROSÉ
Late night grooves,Get Lucky (feat. Pharrell Williams and Nile Rodgers),Daft Punk
Late night grooves,Please Don't Change (feat. DJ Snake),Jung Kook
Late night grooves,Permission to Dance,BTS
Late night grooves,The Planet,BTS
Late night grooves,Runaway Baby,Bruno Mars
Late night grooves,Polk Salad Annie - Ford V Ferrari Remix,James Burton
J-Pop,メトロシティ,imase
J-Pop,NIGHT DANCER,imase
J-Pop,crossing field,LiSA
J-Pop,Matsuri,Fujii Kaze
J-Pop,SPECIALZ,King Gnu
J-Pop,群青,YOASOBI
J-Pop,Overdose,natori
J-Pop,セブンティーン,YOASOBI
J-Pop,アドベンチャー,YOASOBI
J-Pop,好きだ,YOASOBI
J-Pop,弾きこもり,AKASAKI
J-Pop,Bagpipe,RADWIMPS
J-Pop,Amaotoko,RADWIMPS
J-Pop,オトノケ - Otonoke,Creepy Nuts
J-Pop,知らないままで,Rokudenashi
J-Pop,Bunny Girl,AKASAKI
J-Pop,Ai To U,Mega Shinnosuke
J-Pop,Haru wo Tsugeru,yama
J-Pop,Stay with Me - Night Tempo Showa Groove Mix,Night Tempo
J-Pop,Remember Summer Days (Night Tempo Showa Groove Mix),Night Tempo
J-Pop,masshiro (pure white),Fujii Kaze
J-Pop,Feelin’ Go(o)d,Fujii Kaze
J-Pop,Workin' Hard,Fujii Kaze
J-Pop,きらり,Fujii Kaze
J-Pop,Incarnation,NELKE
J-Pop,徘徊,AKASAKI
J-Pop,Kaikai Kitan,Eve
J-Pop,Snow Fairy,FUNKIST
J-Pop,アカシア,BUMP OF CHICKEN
J-Pop,カーテンコール,Yuuri
J-Pop,のびしろ,Creepy Nuts
J-Pop,ひとりぼっち東京,結束バンド
J-Pop,bloom,ネクライトーキー
J-Pop,忘れてやらない,結束バンド
J-Pop,2way nice guy,Creepy Nuts
J-Pop,のびしろ - From THE FIRST TAKE,Creepy Nuts
J-Pop,Zenzenzense - movie ver.,RADWIMPS
J-Pop,Dream lantern,RADWIMPS
J-Pop,Hyperventilation,RADWIMPS
J-Pop,I'm a mess,MY FIRST STORY
J-Pop,たぶん,YOASOBI
J-Pop,ハルカ,YOASOBI
J-Pop,夜に駆ける,YOASOBI
J-Pop,あの夢をなぞって,YOASOBI
J-Pop,Pray,Tommy heavenly6
Afro Bounce,It's Plenty,Burna Boy
Afro Bounce,KU LO SA - A COLORS SHOW,Oxlade
Afro Bounce,Organise,Asake
Afro Bounce,Gum Body (feat. Jorja Smith),Burna Boy
Afro Bounce,Be Honest (feat. Burna Boy),Jorja Smith
Afro Bounce,Simmer (feat. Burna Boy),Mahalia
Afro Bounce,Alone,Burna Boy
Afro Bounce,Last Last,Burna Boy
Afro Bounce,Location (feat. Burna Boy),Dave
Afro Bounce,Solid (feat. Blxst & Kehlani),Burna Boy
Afro Bounce,Toni-Ann Singh (feat. Popcaan),Burna Boy
Afro Bounce,More Life,Burna Boy
Afro Bounce,Ye,Burna Boy
Afro Bounce,Joha,Asake
Afro Bounce,Terminator,Asake
Afro Bounce,Bandana,Fireboy DML
Afro Bounce,Sunmomi,Asake
Afro Bounce,Know Your Worth (feat. Davido & Tems),Khalid
Afro Bounce,Replay,Tems
Afro Bounce,Damages,Tems
Afro Bounce,Come Over (feat. Popcaan),Jorja Smith
Afro Bounce,Coffee (Don't Read Signs),Odeal
Afro Bounce,2 Sugar (feat. Ayra Starr),Wizkid
Afro Bounce,Essence (feat. Justin Bieber & Tems),Wizkid
Afro Bounce,Silver Tongue Devil (feat. Shenseea),Masego
Afro Bounce,In My Bed,Rotimi
Afro Bounce,No Wahala,1da Banton
Afro Bounce,Calm Down,Rema
Afro Bounce,Mood (feat. BNXN),Wizkid
Afro Bounce,On the Low,Burna Boy
Afro Bounce,Melanin,June Freedom
Afro Bounce,Dumebi,Rema
Afro Bounce,YSL,June Freedom
Afro Bounce,Anybody,Burna Boy
Afro Bounce,AWAY,Oxlade
Afro Bounce,Rush,Ayra Starr
Afro Bounce,Asiwaju,Ruger
Afro Bounce,Amapiano,Asake
Afro Bounce,Masculine (feat. Burna Boy),J Hus
Afro Bounce,Elmina - A COLORS SHOW,IDK
Afro Bounce,"Tested, Approved & Trusted",Burna Boy
Afro Bounce,Jump,Tyla
Afro Bounce,Ifeoma,Ozedikus
Afro Bounce,Moving,Omah Lay
Afro Bounce,Bad Influence,Omah Lay
Afro Bounce,Confession,Babyboy AV
Afro Bounce,Dear Ex (with Jugglerz),Ruger
Afro Bounce,Mad Over You,Runtown
Afro Bounce,City Boys,Burna Boy
Afro Bounce,Bounce,Rema
Afro Bounce,Update,Burna Boy
Afro Bounce,Monalisa,Lojay
Afro Bounce,Who Is Your Guy? - Remix,Spyro
Afro Bounce,Soh-Soh,Odeal
Afro Bounce,Gimme Dat (feat. Wizkid),Ayra Starr
Afro Bounce,Kai!,Olamide
Afro Bounce,Situation,Maleek Berry
Afro Bounce,99 (feat. Daecolm),Olamide
DANTE INSPO,Dante,Ghouljaboy
DANTE INSPO,Riot!,Earl Sweatshirt
DANTE INSPO,THREE HEADS*,Jean Dawson
DANTE INSPO,Sundress,A$AP Rocky
DANTE INSPO,Small Worlds,Mac Miller
DANTE INSPO,L$D,A$AP Rocky
DANTE INSPO,DIRT (feat. JPEGMAFIA),Y2K
DANTE INSPO,My Agenda,Yung Lean
DANTE INSPO,Garmonbozia,Flying Lotus
DANTE INSPO,Hoover,Yung Lean
DANTE INSPO,The Power of Madonna,Devon Hendryx
DANTE INSPO,Motivation,Clams Casino
DANTE INSPO,Money Folder,Madvillain
DANTE INSPO,Words2LiveBy (feat. Earl Sweatshirt),El Cousteau
DANTE INSPO,IT'S US (feat. Lil Yachty),Nemzzz
DANTE INSPO,"nevermind, everything's ok",dreamcorp.
DANTE INSPO,Cyanotype of Blue,Salami Rose Joe Louis
DANTE INSPO,Underwater Boi,Turnstile
DANTE INSPO,White Noiz,Akira Yamaoka
DANTE INSPO,Yoshinoya,Childish Gambino
DANTE INSPO,scapegoats,Baby Keem
DANTE INSPO,Off Road,Toro y Moi
DANTE INSPO,Kerosene!,Yves Tumor
DANTE INSPO,FORCE OF HABIT,Paris Texas
DANTE INSPO,Level Tipping Scales,Boldy James
DANTE INSPO,"2SEATER (feat. Aaron Shaw, Samantha Nelson & Austin Feinstein)","Tyler, The Creator"
White girl music,Rather Be (feat. Jess Glynne),Clean Bandit
White girl music,California Gurls,Katy Perry
DANTE TECHNICOLOR,oiiaoiia - Remastered Version,Creatune
LISxmas25,All I Want for Christmas Is You,Mariah Carey
LISxmas25,Volare (Nel Blu di Pinto di Blu),Gipsy Kings
LISxmas25,Proud Mary,Tina Turner
LISxmas25,Dame Veneno,Los Chunguitos
LISxmas25,La Vida Es Un Carnaval,Celia Cruz
LISxmas25,Vivir Mi Vida,Marc Anthony
LISxmas25,La Bilirrubina,Juan Luis Guerra 4.40
LISxmas25,Mentirosa,Rafaga
LISxmas25,Tractor Amarillo,Zapato Veloz
LISxmas25,La Bicicleta,Carlos Vives
LISxmas25,A Dios Le Pido,Juanes
LISxmas25,Caminando por la vida,Melendi
LISxmas25,Princesas,Pereza
LISxmas25,Por la Raja de Tu Falda,Estopa
LISxmas25,"Marta, Sebas, Guille y los demás",Amaral
LISxmas25,Tenía Tanto Que Darte,Nena Daconte
LISxmas25,Física o química,Despistaos
LISxmas25,"Suerte (Whenever, Wherever)",Shakira
LISxmas25,Por la boca vive el pez,Fito y Fitipaldis
LISxmas25,Ni Una Sola Palabra,Paulina Rubio
LISxmas25,Corazón partío,Alejandro Sanz
LISxmas25,Como Camarón,Estopa
LISxmas25,Azul,Cristian Castro
LISxmas25,Color Esperanza,Diego Torres
LISxmas25,Ave María,David Bisbal
LISxmas25,Para No Verte Más,La Mosca
LISxmas25,Tanto la Queria,Andy & Lucas
LISxmas25,Torero,Chayanne
LISxmas25,Cuando Tú Vas,Chenoa
LISxmas25,La Camisa Negra,Juanes
LISxmas25,Como un lobo (Dueto 2007),Miguel Bosé
LISxmas25,Besos,El Canto Del Loco
LISxmas25,Atrévete-Te-Te,Calle 13
LISxmas25,Fiesta Pagana,Mägo de Oz
LISxmas25,Sin ti no soy nada,Amaral
LISxmas25,Zapatillas,El Canto Del Loco
LISxmas25,Tu Calorro,Estopa
LISxmas25,Cuando zarpa el amor,Camela
LISxmas25,Macarena,Los Del Rio
LISxmas25,Saturday Night,Whigfield
LISxmas25,No Rompas Mi Corazón,Coyote Dax
LISxmas25,The Ketchup Song (Aserejé) - Spanish Version,Las Ketchup
LISxmas25,Hablando en plata - 2003 Remastered Version,Melendi
LISxmas25,Contando Primaveras - 2006 Remastered Version,Melendi
LISxmas25,Arriba Extremoduro,Melendi
LISxmas25,Kisiera yo saber,Melendi
LISxmas25,Cacho a Cacho,Estopa
LISxmas25,Me Falta el Aliento,Estopa
LISxmas25,Vino Tinto,Estopa
LISxmas25,Partiendo la Pana,Estopa
LISxmas25,Fuente de Energia,Estopa
LISxmas25,Pastillas de Freno,Estopa
LISxmas25,Son de Amores,Andy & Lucas
LISxmas25,Trae Pa' K Esa Yerba Güena - 2006 Remastered Version,Melendi
LISxmas25,Me equivocaría otra vez,Fito y Fitipaldis
LISxmas25,Tiburon,Proyecto Uno
LISxmas25,El Venao,Los Cantantes
LISxmas25,Suavemente,Elvis Crespo
LISxmas25,Devuélveme a mi chica,Hombres G
LISxmas25,Pastillas para Dormir,Estopa
LISxmas25,Mari Carmen,La Pegatina
LISxmas25,Chiquilla,Seguridad Social
LISxmas25,Comerranas - En Directo,Seguridad Social
LISxmas25,Mi rumba tarumba,Seguridad Social
LISxmas25,Libre,El Chaval De La Peca
LISxmas25,A quién le importa,Alaska Y Dinarama
LISxmas25,No me llames iluso,La Cabra Mecanica
LISxmas25,Tu Calorro (with Muchachito Bombo Infierno),Estopa
LISxmas25,Mi gran noche,Raphael
LISxmas25,Salta,Seguridad Social
LISxmas25,Sarandonga,Lolita
LISxmas25,No nos podrán parar,Celtas Cortos
LISxmas25,¿Y Tú de Quién Eres?,No Me Pises Que Llevo Chanclas
LISxmas25,"Sí, sí",Los Ronaldos
LISxmas25,Una Vaina Loca,Fuego
LISxmas25,Billy Joe,Dinamita Pa Los Pollos
LISxmas25,A chi li pu,Seguridad Social
LISxmas25,Me Gustas Mucho,Rocío Dúrcal
LISxmas25,Chica Ye Ye,Concha Velasco
LISxmas25,Bourbon,Dinamita Pa Los Pollos
LISxmas25,Mayonesa,Chocolate
LISxmas25,Vivir Así Es Morir de Amor,Camilo Sesto
LISxmas25,Que la Detengan,David Civera
LISxmas25,Gasolina,Daddy Yankee
LISxmas25,Barbie Girl,Aqua
LISxmas25,Washuguarugüi,No Me Pises Que Llevo Chanclas
LISxmas25,Tómbola,Marisol
LISxmas25,"Maneras de vivir - Rosendo, Barricada y Aurora Beltrán directo 2008",Barricada
LISxmas25,Dolores Se Llamaba Lola - Live,Los Suaves
LISxmas25,Juliette,Platero Y Tu
LISxmas25,Yo Quiero Bailar,Sonia Y Selena
LISxmas25,Duba Duba (Western Mix),Los Inhumanos
LISxmas25,Quiero un camión,Loquillo Y Los Trogloditas
LISxmas25,Chiquilla - Directo,Seguridad Social
LISxmas25,Picky,Joey Montana
LISxmas25,Salta!!!,Tequila
LISxmas25,Bulería,David Bisbal
LISxmas25,Corazón Latino,David Bisbal
LISxmas25,Dos Hombres Y Un Destino,Bustamante
LISxmas25,Devuelveme La Vida,Bustamante
Erreapé,GRAVEDAD CERO,Erick Hervé
Erreapé,Barquito de Vela,Hard GZ
Erreapé,Love,Hard GZ
Erreapé,Afrohard,Hard GZ
Erreapé,Entre las Luces,Hard GZ
Erreapé,La Pronoia del Sun Joke Fú,Chystemc
Erreapé,Pura Sangre,Delaossa
Erreapé,Mina el Hammani,Cruz Cafuné
Erreapé,Intro,Yung Beef
Erreapé,Devuélvemelo,Babi
Erreapé,"C.R.O: Bzrp Music Sessions, Vol. 29",Bizarrap
Erreapé,Disney,LUNA KI
Erreapé,Bucle,Saske
Erreapé,The Pure,Cookin Soul
Erreapé,URGENTE,Erick Hervé
Erreapé,DESIRE PATHS,Erick Hervé
Erreapé,ERA UNA BROMA,Erick Hervé
Erreapé,T Rex,Erick Hervé
Erreapé,Experimento,Hard GZ
Erreapé,Shameless,Hard GZ
Erreapé,Mierda,Hard GZ
Erreapé,Practice,Cruz Cafuné
Erreapé,Care,EAZYBOI
Erreapé,Calle Cortada,Ill Pekeño
Erreapé,Mediterráneo,Las Ninyas del Corro
Erreapé,TT,Hoke
Erreapé,Nmout 3lik,Cruz Cafuné
Erreapé,Cangrinaje,Cruz Cafuné
Erreapé,Mal Agüero,Delaossa
Erreapé,Ya Lo Se,Delaossa
Erreapé,777,Delaossa
Erreapé,Cowboys (feat. J. DEMERS),FERNANDOCOSTA
Erreapé,Narcolepsia (feat. Chicho Beats),FERNANDOCOSTA
Erreapé,Ramadán,Space Hammu
Erreapé,Pólvora,Space Hammu
Erreapé,Notorio,Dano
Erreapé,Picapollo,Dano
Erreapé,Feelin It,Dano
Erreapé,Retroceder,Dano
Erreapé,Susurrar,Dano
Erreapé,Con Billetes,Dano
Erreapé,IMBCL,Erick Hervé
Erreapé,Ya No Estoy,Erick Hervé
Erreapé,Roto,Erick Hervé
Erreapé,Nunca Rompe,Erick Hervé
Erreapé,HELIO,Erick Hervé
Erreapé,BEEF,Erick Hervé
Erreapé,S.K,Erick Hervé
Erreapé,Sin Perdón (feat. Jaro Desperdizio & Sin H),Piezas
Erreapé,Retales,Piezas
Erreapé,Mi Lado Amable,Piezas
Erreapé,King Kong,Piezas
Erreapé,Huir o Morir,Piezas
Erreapé,En Ofensa Propia,Piezas
Erreapé,Machete,Piezas
Erreapé,Cultura y Compromiso,Los Chikos del Maiz
Erreapé,"""Underrated""?",J Dose
Erreapé,En Visto,J Dose
Erreapé,De niños querían ser Kase,J Dose
Erreapé,Eureka,J Dose
Erreapé,Qué cosa fuera,J Dose
Erreapé,I Feel You - Band Version,J Dose
Erreapé,Al aire - Live Session,J Dose
Erreapé,Cara o Cruz (Band Version),Alber Stewar
Erreapé,Pa No Hablar Contigo,J Dose
Erreapé,Al caer,J Dose
Erreapé,El huracán,J Dose
Erreapé,NNM,J Dose
Erreapé,I Pray,J Dose
Erreapé,Champagne,J Dose
Erreapé,Hypercore - Band Version,J Dose
Erreapé,3 días más tarde,Cres One
Erreapé,Bartleby & Co.,ToteKing
Erreapé,Tú de Qué,Charlie Hijos Bastardos
Erreapé,Un Mundo de Ocio,Charlie Hijos Bastardos
Erreapé,Inabarcable,Lone
Erreapé,De Ayer a Hoy,Chaman
Erreapé,Give me the Kush,Cráneo
Erreapé,Atmósfera,Cráneo
Erreapé,A MI MANERA,BEJO
Erreapé,GUAGUAGUA,BEJO
Erreapé,FUMÁNDOTE UN BLUNT,BEJO
Erreapé,MIERDA,BEJO
Erreapé,CAMBIAR EL MUNDO,BEJO
Erreapé,ENEMIGOS INVISIBLES,BEJO
Erreapé,EL GENUINO,BEJO
Erreapé,SÚBETE A MI NAVE,BEJO
Erreapé,El Puto Amo de Casa,BEJO
Erreapé,Mango,BEJO
Erreapé,La Colada,BEJO
Erreapé,Amigos Desconocidos,BEJO
Erreapé,Choriqueso,BEJO
Erreapé,Mucho,BEJO
Erreapé,Bejismo,BEJO
Erreapé,Pasión de Pardelas,BEJO
Erreapé,Sílaba Tónica R.I.P.,BEJO
Erreapé,ENTER TO THE ANBU,Saske
Erreapé,Mentecato,BEJO
Erreapé,Dry,Cráneo
Erreapé,RAPAPOLVO | Barracudas #1,BEJO
saint. selects✨,Stars,Sky
saint. selects✨,projector,EDEN
saint. selects✨,Wasn't I Enough,Sky
saint. selects✨,Heartache,Sky
saint. selects✨,143,Joshua Golden
saint. selects✨,ECSTASY PT.2,Sinxi
saint. selects✨,Faith,The Weeknd
saint. selects✨,Too Late,The Weeknd
saint. selects✨,Something About You,Majid Jordan
saint. selects✨,HMU,Sky
saint. selects✨,Children in the Dark,Tristam
saint. selects✨,Los Angeles,The Midnight
saint. selects✨,Over the Edge,Tristam
saint. selects✨,Acid Rain,Lorn
saint. selects✨,Wants and Needs (feat. Lil Baby),Drake
saint. selects✨,Starlight,Akera Sky
saint. selects✨,Hardest To Love,The Weeknd
saint. selects✨,Don’t Go (with Justin Bieber & Don Toliver),Skrillex
saint. selects✨,cloak n dagger,glaive
saint. selects✨,After Hours,The Weeknd
saint. selects✨,"I Love You, But..",Joshua Golden
saint. selects✨,Fine Art,Chandler Jewels
saint. selects✨,Night Like This,Johnny Yukon
saint. selects✨,Renegade,Akera Sky
saint. selects✨,Interlude,EDEN
saint. selects✨,Midnight,Akera Sky
saint. selects✨,come back,LEVY
saint. selects✨,Pipe Down,Drake
saint. selects✨,DIE 4 ME.,Puku
saint. selects✨,Close To You,Dayglow
saint. selects✨,Falling,Trevor Daniel
saint. selects✨,Is There Someone Else?,The Weeknd
saint. selects✨,New Again,Kanye West
saint. selects✨,DANCING IN THE MOONLIGHT,NICOLAS
saint. selects✨,Obsessed With You,Central Cee
saint. selects✨,Die For You,The Weeknd
saint. selects✨,The Color Violet,Tory Lanez
saint. selects✨,Tek It,Cafuné
saint. selects✨,Balling,EDEN
saint. selects✨,Enemy,Akera Sky
saint. selects✨,go with u,BAYNK
saint. selects✨,We Them Kids,Chandler Jewels
saint. selects✨,Gravity,Ferdous
saint. selects✨,Paradise,Jaeger
saint. selects✨,Dark,Akera Sky
saint. selects✨,Living Nightmares,HARRY WAS HERE
saint. selects✨,Guilty Conscience,070 Shake
saint. selects✨,Welcome to the DCC,Nothing But Thieves
saint. selects✨,Flight's Booked,Drake
saint. selects✨,I Was Never There,The Weeknd
saint. selects✨,Not Yourself,Akera Sky
saint. selects✨,SNAKE EYES,Aries
saint. selects✨,hypochondriac,brakence
saint. selects✨,Chemical,Post Malone
saint. selects✨,Before You Left Me,Akera Sky
saint. selects✨,Skin and Bones,070 Shake
saint. selects✨,another level,Heylu
saint. selects✨,STAR COLLIDER,Ghouljaboy
saint. selects✨,Layaway,Lido
saint. selects✨,Dead To Me,Akera Sky
saint. selects✨,Hours,Akera Sky
saint. selects✨,GHOSTS,Samuel Petra
saint. selects✨,CABIN FEVER,Aries
saint. selects✨,Chicago,Michael Jackson
saint. selects✨,A LA CARTE,Quadeca
saint. selects✨,MY EYES,Travis Scott
saint. selects✨,jeans,2hollis
saint. selects✨,DRuuuUNK,Bon Calso
saint. selects✨,Rich Baby Daddy Without Red,JaySeaRich
saint. selects✨,ten,Fred again..
saint. selects✨,Forget-Me-Not (DnB Remix),Samuel Petra
saint. selects✨,Bunny,Samuel Petra
saint. selects✨,Everything Goes On,Porter Robinson
saint. selects✨,Cheerleader,Porter Robinson
saint. selects✨,Get Your Wish,Porter Robinson
saint. selects✨,Twist Of Fate,Akera Sky
saint. selects✨,Knock Yourself Out XD,Porter Robinson
saint. selects✨,Zzz,EDEN
saint. selects✨,We Still Don't Trust You,Future
saint. selects✨,Always You,Akera Sky
saint. selects✨,this time,Jeremy Zucker
saint. selects✨,World Class Sinner / I’m A Freak,Lily-Rose Depp
saint. selects✨,La vida es pa mi,Nestor Sarabia
saint. selects✨,BLUSH,Samuel Petra
saint. selects✨,Is There Really No Happiness?,Porter Robinson
saint. selects✨,THANK GOD,Travis Scott
saint. selects✨,T4 Barajas - $kyhook Remix,Diego 900
saint. selects✨,fantasize,ericdoa
saint. selects✨,una noche más,saint
saint. selects✨,dancinwithsomebawdy,ericdoa
saint. selects✨,arm and a leg,ericdoa
saint. selects✨,search & destroy,ericdoa
saint. selects✨,Pocket (montreal),EDEN
saint. selects✨,Friday Night Song,EDEN
saint. selects✨,Timeless (feat. Playboi Carti),The Weeknd
saint. selects✨,Mystery,Johnny Yukon
saint. selects✨,So Good,Weston Estate
saint. selects✨,Apple featuring the japanese house,Charli xcx
saint. selects✨,KISS&TELL,Akera Sky
saint. selects✨,snow,Akera Sky
HeyAminé,Spice Girl,Aminé
HeyAminé,Shimmy,Aminé
HeyAminé,Caroline,Aminé
HeyAminé,REEL IT IN,Aminé
HeyAminé,Heebiejeebies - Bonus,Aminé
HeyAminé,BLACKJACK,Aminé
HeyAminé,REDMERCEDES,Aminé
HeyAminé,Sundays,Aminé
HeyAminé,Slide,Aminé
HeyAminé,Veggies,Aminé
HeyAminé,RATCHET SATURN GIRL,Aminé
HeyAminé,DAPPERDAN (feat. G Herbo),Aminé
HeyAminé,Campfire,Aminé
HeyAminé,Egyptian Luvr (feat. Aminé and Dana Williams),Rejjie Snow
HeyAminé,Baba,Aminé
HeyAminé,Compensating (feat. Young Thug),Aminé
HeyAminé,Riri,Aminé
HeyAminé,Charmander,Aminé
HeyAminé,FEEL SOMETHING DIFFERENT,Bea Miller
HeyAminé,YiPiYaY,Aminé
HeyAminé,Dididumduhduh,Aminé
HeyAminé,Between The Lines,Aminé
HeyAminé,OKWME,Aminé
HeyAminé,Twisted!,Aminé
HeyAminé,Cherries,Hope Tala
HeyAminé,My High,Disclosure
HeyAminé,4EVA (feat. Pharrell Williams),KAYTRAMINÉ
HeyAminé,Sossaup,KAYTRAMINÉ
HeyAminé,UGH UGH,KAYTRAMINÉ
HeyAminé,EYE,KAYTRAMINÉ
HeyAminé,Rebuke,KAYTRAMINÉ
HeyAminé,STFU3,KAYTRAMINÉ
HeyAminé,Colors,Aminé
HeyAminé,s2wik,Aminé
Mi lista n.º 37,I Wish,Stevie Wonder
Mi lista n.º 37,Shining Star,"Earth, Wind & Fire"
Mi lista n.º 37,Canned Heat,Jamiroquai
Mi lista n.º 37,Brick House,Commodores
Mi lista n.º 37,Hollywood Swinging,Kool & The Gang
Mi lista n.º 37,What a Fool Believes,The Doobie Brothers
Mi lista n.º 37,Workin' Day and Night,Michael Jackson
Mi lista n.º 37,Sir Duke,Stevie Wonder
Mi lista n.º 37,Can't Let Go,"Earth, Wind & Fire"
Mi lista n.º 37,Virtual Insanity - Remastered 2006,Jamiroquai
Mi lista n.º 37,Jungle Boogie,Kool & The Gang
Mi lista n.º 37,Play That Funky Music,Wild Cherry
Mi lista n.º 37,Blame It on the Boogie,The Jacksons
Mi lista n.º 37,Off the Wall,Michael Jackson
Mi lista n.º 37,Higher Ground,Stevie Wonder
Mi lista n.º 37,In the Stone,"Earth, Wind & Fire"
Mi lista n.º 37,Cosmic Girl - Remastered 2013,Jamiroquai
Mi lista n.º 37,Georgy Porgy,TOTO
Mi lista n.º 37,Got to Be Real,Cheryl Lynn
Mi lista n.º 37,P.Y.T. (Pretty Young Thing),Michael Jackson
Mi lista n.º 37,Superstition,Stevie Wonder
Mi lista n.º 37,Get Down On It - Single Version,Kool & The Gang
Mi lista n.º 37,Got to Get You Into My Life,"Earth, Wind & Fire"
Mi lista n.º 37,Fly As Me,Bruno Mars
Mi lista n.º 37,Give It To Me Baby,Rick James
Mi lista n.º 37,Do I Do,Stevie Wonder
Mi lista n.º 37,Don't Stop 'Til You Get Enough,Michael Jackson
Mi lista n.º 37,What Is Hip?,Tower Of Power
Mi lista n.º 37,Get Up Offa That Thing,James Brown
Mi lista n.º 37,Let's Groove,"Earth, Wind & Fire"
Mi lista n.º 37,25 or 6 to 4 - 2002 Remaster,Chicago
Mi lista n.º 37,Private Eyes - Remastered 2003,Daryl Hall & John Oates
Mi lista n.º 37,Superstition - Single Version,Stevie Wonder
Mi lista n.º 37,Rock with You - Single Version,Michael Jackson
Mi lista n.º 37,Give Up The Funk (Tear The Roof Off The Sucker),Parliament
Mi lista n.º 37,Getaway,"Earth, Wind & Fire"
Mi lista n.º 37,Love Train,The O'Jays
Mi lista n.º 37,Don't You Worry 'Bout A Thing,Stevie Wonder
Mi lista n.º 37,Hip To Be Square,Huey Lewis & The News
Mi lista n.º 37,I Wanna Be Your Lover,Prince
Mi lista n.º 37,Sing a Song,"Earth, Wind & Fire"
Mi lista n.º 37,Get on the Floor,Michael Jackson
Mi lista n.º 37,Good Times,CHIC
Mi lista n.º 37,People Get Up And Drive Your Funky Soul - Remix,James Brown
Mi lista n.º 37,"Signed, Sealed, Delivered (I'm Yours)",Stevie Wonder
Mi lista n.º 37,Lovely Day,Bill Withers
Mi lista n.º 37,September,"Earth, Wind & Fire"
Mi lista n.º 37,Let's Go Crazy,Prince
Mi lista n.º 37,It Ain't Over 'Til It's Over,Lenny Kravitz
Mi lista n.º 37,Pick Up the Pieces,Average White Band
Mi lista n.º 37,Freeze Tag (feat. Phoelix),Terrace Martin
Mi lista n.º 37,Dragonball Durag,Thundercat
Mi lista n.º 37,Red Room,Hiatus Kaiyote
Mi lista n.º 37,Nightrider,Tom Misch
Mi lista n.º 37,The List,Moonchild
Mi lista n.º 37,Shibuya (feat. Syd),Free Nationals
Mi lista n.º 37,Heart Don't Stand a Chance,Anderson .Paak
Mi lista n.º 37,Sleepless Nights (feat. Phoelix),Terrace Martin
Mi lista n.º 37,MANGO (feat. Adi Oasis),KAMAUU
Mi lista n.º 37,All I Need (with Mahalia & Ty Dolla $ign),Jacob Collier
Mi lista n.º 37,Nakamarra,Hiatus Kaiyote
Mi lista n.º 37,Better Than I Imagined [Feat. H.E.R. & Meshell Ndegeocello],Robert Glasper
Mi lista n.º 37,Gidget (feat. Anderson .Paak & T.Nava),Free Nationals
Mi lista n.º 37,Beige,Terrace Martin
Mi lista n.º 37,Make It Better (feat. Smokey Robinson),Anderson .Paak
Mi lista n.º 37,Stay High (Childish Gambino Version),Brittany Howard
Mi lista n.º 37,Broke,Samm Henshaw
Mi lista n.º 37,Fingerprints,Hiatus Kaiyote
Mi lista n.º 37,From My Heart and My Soul (feat. Phoelix),Terrace Martin
Mi lista n.º 37,Time,Free Nationals
Mi lista n.º 37,JEWELZ,Anderson .Paak
Mi lista n.º 37,Time Alone With You (feat. Daniel Caesar),Jacob Collier
Mi lista n.º 37,In Your Eyes,BADBADNOTGOOD
Mi lista n.º 37,Why iii Love The Moon.,Phony Ppl
Mi lista n.º 37,Get Sun (feat. Arthur Verocai),Hiatus Kaiyote
Mi lista n.º 37,On Sight,Free Nationals
Mi lista n.º 37,First Responders,Terrace Martin
Mi lista n.º 37,Come Home (feat. André 3000),Anderson .Paak
Mi lista n.º 37,Woman,Little Simz
Mi lista n.º 37,Skate,Bruno Mars
Mi lista n.º 37,And We Go Gentle,Hiatus Kaiyote
Mi lista n.º 37,It Runs Through Me (feat. De La Soul),Tom Misch
Mi lista n.º 37,Beauty & Essex (feat. Daniel Caesar & Unknown Mortal Orchestra),Free Nationals
Mi lista n.º 37,Lockdown,Anderson .Paak
Mi lista n.º 37,Fair Chance,Thundercat
Mi lista n.º 37,Love You Bad (feat. Phoelix),Terrace Martin
Mi lista n.º 37,Rainforest,Noname
Mi lista n.º 37,Super Bounce,Duckwrth
Mi lista n.º 37,Apartment (feat. Benny Sings),Free Nationals
Mi lista n.º 37,Fire In The Sky,Anderson .Paak
Mi lista n.º 37,Black Qualls,Thundercat
Mi lista n.º 37,Cookie Chips,Rejjie Snow
Mi lista n.º 37,Masterpiece,SAULT
Mi lista n.º 37,Losing My Way,FKJ
Mi lista n.º 37,Last 100,Tom Misch
Mi lista n.º 37,Morning Matters,Yazmin Lacey
Mi lista n.º 37,Diddy Bop,Noname
Mi lista n.º 37,Winners Circle,Anderson .Paak
Mi lista n.º 37,Molasses,Hiatus Kaiyote
This Is City Pop,Loneliness,Funkindustry
This Is City Pop,I Want You Closer,Funkindustry
This Is City Pop,Fantasy 1982,LMR City Pop
This Is City Pop,Sayonara,Emi Aramaki
This Is City Pop,Purple Dream,Emi Aramaki
This Is City Pop,Mayonaka no Door / Stay With Me,Miki Matsubara
This Is City Pop,Fly-day Chinatown,Yasuha
This Is City Pop,Plastic Love,Mariya Takeuchi
This Is City Pop,黄昏のBAY CITY,Junko Yagami
This Is City Pop,信号が変わるたびに,Toji
This Is City Pop,夏のリズム,Toji
This Is City Pop,星より近い,Toji
This Is City Pop,眠らない街,Toji
This Is City Pop,香りの記憶,Toji
This Is City Pop,ふたりの春,Toji
This Is City Pop,Midnight Pretenders - 2022 restored version,Tomoko Aran
This Is City Pop,4:00A.M.,Taeko Onuki
This Is City Pop,FRIDAY MAGIC,Meiko Nakahara
This Is City Pop,BOHEMIAN,Taeko Onuki
This Is City Pop,パレード,EPO
This Is City Pop,悲しきBy-Player,Kingo Hamada
This Is City Pop,When Tomorrow Comes,Cindy
This Is City Pop,Losing You,黒住憲五
This Is City Pop,愛を奪って 心縛って (Original Remastered 2018),Wink
This Is City Pop,kinyoubi no venus feat. yasuyuki horigome,RYUSENKEI
This Is City Pop,Capricorn Woman,Naomi Akimoto
This Is City Pop,愛のかけら,池田典代
This Is City Pop,それから,Iyo Matsumoto
This Is City Pop,あなたにはわからない,Junko Ohashi
This Is City Pop,サマーオレンヂの恋,池田典代
This Is City Pop,街のドルフィン - 2020 Remaster,Kingo Hamada
This Is City Pop,チャイニーズ・レストラン,間宮貴子
This Is City Pop,バージニア・ラプソディ,Iyo Matsumoto
This Is City Pop,Ohikkoshi Wasuremono,Yuki Saitou
This Is City Pop,PARK Ave. 1981,EPO
This Is City Pop,September Rain - Japanese Version 2018 Remaster,Makoto Matsushita
This Is City Pop,Dancing Tonight,Yurie Kokubu
This Is City Pop,BEWITCHED（ARE YOU LEAVING SOON) - Non Stop Mix ver.,Naomi Akimoto
This Is City Pop,横顔のタクシー・ドライバー,Kingo Hamada
This Is City Pop,street dancer,Yuri Tanaka
This Is City Pop,あの空の向こうがわへ,Junk Fujiyama
This Is City Pop,Cosmic Love,Yurie Kokubu
This Is City Pop,ひとときだけのMON AMOUR,加藤有紀
This Is City Pop,さよならの果実たち,Yoko Oginome
This Is City Pop,殺意のバカンス,Minako Honda
This Is City Pop,Sayonara Natsuyasumi,Yukiko Okada
This Is City Pop,恋のジャイロ,池田典代
This Is City Pop,Surprise,Cindy
This Is City Pop,パーティーにひとり,Yurie Kokubu
This Is City Pop,Kanshou Romance,Yuki Saitou
This Is City Pop,PAY DAY,EPO
This Is City Pop,Seishun,Yuki Saitou
This Is City Pop,水色プリンセス -水の精-,Yukiko Okada
This Is City Pop,RECORDER SONATA,Yuko Kanai
This Is City Pop,未来,Hiromi Iwasaki
This Is City Pop,Memorial Story,Anri
This Is City Pop,冷たい雨,池田典代
This Is City Pop,Soyokaze wa Peppermint,Yukiko Okada
This Is City Pop,ビリーヴ,Iyo Matsumoto
This Is City Pop,Private Red,Yukiko Okada
This Is City Pop,Surf City,Anri
This Is City Pop,Counterlight,1986 OMEGA TRIBE
This Is City Pop,憧れ,Yukiko Okada
This Is City Pop,Shaboniro no Natsu,Yuki Saitou
This Is City Pop,ラブ・ミー・テンダー,Iyo Matsumoto
This Is City Pop,Lady-Ready,Junko Yagami
This Is City Pop,真夜中のドア with 八神純子、花田千草(松千)and DA BUBBLE GUM BROTHERS BAND,Hiromi Iwasaki
This Is City Pop,Just Go Up,Yurie Kokubu
This Is City Pop,Midnight Pretenders,Tomoko Aran
This Is City Pop,黄昏のBay City,Junko Yagami
This Is City Pop,ロンサム・シーズン,Yukiko Okada
This Is City Pop,Dress Down,Kaoru Akimoto
This Is City Pop,"Business Man, Pt. 1 - 2018 Remaster",Makoto Matsushita
This Is City Pop,SHYNESS BOY,Anri
This Is City Pop,Telephone Number,Junko Ohashi
This Is City Pop,RAINY HEART,Kingo Hamada
This Is City Pop,KIMI NO HEART WA MARINE BLUE (with KAMASAMI KONG),Kiyotaka Sugiyama
This Is City Pop,天使の気持ち,Cindy
This Is City Pop,Last Summer Whisper,Anri
This Is City Pop,FUTARI NO NATSU MONOGATARI -NEVER ENDING SUMMER-,S. Kiyotaka & Omega Tribe
This Is City Pop,回転扉,Yurie Kokubu
This Is City Pop,Ai wa Energy,Miki Matsubara
This Is City Pop,WINDY SUMMER,Anri
This Is City Pop,シングル・アゲイン,Mariya Takeuchi
This Is City Pop,- Cupid -,Miki Matsubara
This Is City Pop,悲しみがとまらない　I CAN'T STOP THE LONELINESS,Anri
This Is City Pop,Special Ever Happened,Cindy
This Is City Pop,薄紫色の彼方,RYUSENKEI
This Is City Pop,Good Bye Boogie Dance,Anri
This Is City Pop,お祭り,Mioko Yamaguchi
This Is City Pop,海にはこないわ,加藤有紀
This Is City Pop,Sonnet,Yukiko Okada
This Is City Pop,I'm in Love,Tomoko Aran
This Is City Pop,夏色のナンシー,Yu Hayami
This Is City Pop,Remember Summer Days,Anri
This Is City Pop,君は1000%,1986 OMEGA TRIBE
This Is City Pop,レインボー・シティ・ライン,RYUSENKEI
This Is City Pop,愛が止まらない～Turn It Into Love～,Wink
This Is City Pop,Lady Sunshine,Anri
Phonk,TUCA DONKA,CURSEDEVIL
Phonk,SEQUÊNCIA MALÉFICA 1.0,RXPOSO99
Phonk,Mtg Insano,S4nri0
Phonk,AUTOMOTIVO EMPURRA,sma$her
Phonk,Montagem Mysterious Game,LXNGVX
Phonk,FUNKED UP - SLOWED,xxanteria
Phonk,FUNK DO BOUNCE,Ariis
Phonk,DESNUDA - Slowed,sma$her
Phonk,FUNK ELASTIC,MXZI
Phonk,Taka Saka,Ariis
Phonk,Montagem Pixel Estelar 1.0 (Slowed),TOKYOPHILE
Phonk,Montagem Solar Atmosfera,Ariis
Phonk,Louca Encubada,Dj Samir
Phonk,MONTAGEM LADRAO,ATLXS
Phonk,COM MEDO!,Sayfalse
Soul City,(Sittin' On) the Dock of the Bay,Otis Redding
Soul City,Ain't No Sunshine,Bill Withers
Soul City,"Signed, Sealed, Delivered (I'm Yours)",Stevie Wonder
Soul City,Let's Stay Together,Al Green
Soul City,Grandma's Hands,Bill Withers
Soul City,Just the Two of Us (feat. Bill Withers),"Grover Washington, Jr."
Soul City,Lean on Me,Bill Withers
Soul City,(What A) Wonderful World - Mono,Sam Cooke
Soul City,Ain't No Mountain High Enough,Marvin Gaye
Soul City,I Heard It Through The Grapevine,Marvin Gaye
Soul City,What's Going On,Marvin Gaye
Soul City,Let's Get It On,Marvin Gaye
Soul City,Lovely Day,Bill Withers
Soul City,Coming Home,Leon Bridges
Soul City,River,Leon Bridges
Soul City,My Girl,Otis Redding
Soul City,Easy,Commodores
Soul City,At Last,Etta James
Soul City,For Once In My Life,Stevie Wonder
Soul City,Take Me to the River,Al Green
Soul City,B-A-B-Y,Carla Thomas
Soul City,Think,Aretha Franklin
Soul City,You Send Me,Aretha Franklin
Soul City,I Wish I Knew How It Would Feel to Be Free,Nina Simone
Soul City,I've Got a Woman,Ray Charles
Soul City,Stand By Me,Ben E. King
Soul City,"Hold On, I'm Comin'",Sam & Dave
Soul City,I Love You More Than You'll Ever Know,Donny Hathaway
Soul City,Superstition - Single Version,Stevie Wonder
Soul City,A Sunday Kind Of Love - Single Version,Etta James
Soul City,"Baby, This Love I Have",Minnie Riperton
Soul City,Hit the Road Jack,Ray Charles
Soul City,Sunny,Marvin Gaye
Soul City,I'm Confessin' (That I Love You),Samara Joy
Soul City,"Hello, Dolly!",Louis Armstrong
Soul City,Send Me Some Lovin',Otis Redding
Soul City,Nobody Knows You When You're Down and Out,Bessie Smith
Soul City,Finally - From the Original Motion Picture “The Color Purple”,Jorja Smith
Soul City,Hard to Handle,Otis Redding
Soul City,Come Get To This,Marvin Gaye
Soul City,I'll Come Running Back To You - Single Version With Dubs,Sam Cooke
Soul City,Black Leaves,KIRBY
Soul City,After You've Gone,Bessie Smith
Soul Spotify,Good Heels (feat. Jazmine Sullivan),Anderson .Paak
Soul Spotify,Shibuya (feat. Syd),Free Nationals
Soul Spotify,Why iii Love The Moon.,Phony Ppl
Soul Spotify,Time Alone With You (feat. Daniel Caesar),Jacob Collier
Soul Spotify,Medallion,Jenevieve
Soul Spotify,Heart Don't Stand a Chance,Anderson .Paak
Soul Spotify,Black Love,Masego
Soul Spotify,Beige,Terrace Martin
Soul Spotify,Time,Free Nationals
Soul Spotify,We Might Even Be Falling In Love (Interlude),Victoria Monét
Soul Spotify,Come Home (feat. André 3000),Anderson .Paak
Soul Spotify,Old Age,Masego
Soul Spotify,Sleepless Nights (feat. Phoelix),Terrace Martin
Soul Spotify,Issues/Hold On,Teyana Taylor
Soul Spotify,So Cool,Reuben James
Soul Spotify,Beauty & Essex (feat. Daniel Caesar & Unknown Mortal Orchestra),Free Nationals
Soul Spotify,Feel Like Makin' Love,D'Angelo
Soul Spotify,Winners Circle,Anderson .Paak
Soul Spotify,How Much Can A Heart Take (feat. Yebba),Lucky Daye
Soul Spotify,Freeze Tag (feat. Phoelix),Terrace Martin
Soul Spotify,Show Me,Mac Ayres
Soul Spotify,Gidget (feat. Anderson .Paak & T.Nava),Free Nationals
Soul Spotify,Self,Noname
Soul Spotify,Reachin' 2 Much (feat. Lalah Hathaway),Anderson .Paak
Soul Spotify,Late Night,Lucky Daye
Soul Spotify,Fool For You,Snoh Aalegra
Soul Spotify,Buzzed,¿Téo?
Soul Spotify,That's Why I Love You,SiR
Soul Spotify,Apartment (feat. Benny Sings),Free Nationals
Soul Spotify,Vibin' Out,FKJ
Soul Spotify,Make It Better (feat. Smokey Robinson),Anderson .Paak
Soul Spotify,Lost & Found,Jorja Smith
Soul Spotify,Uno Dos,¿Téo?
Soul Spotify,Take Me Away (feat. Syd),Daniel Caesar
Soul Spotify,Movie,Tom Misch
Soul Spotify,Temptation,Raveena
Soul Spotify,You Can't Save Me,SiR
Soul Spotify,The List,Moonchild
Soul Spotify,Love You Bad (feat. Malaya & Phoelix),Terrace Martin
Soul Spotify,Brown,Kyle Dion
Soul Spotify,Baby Powder,Jenevieve
Soul Spotify,Where U Goin' Tonight?,Mac Ayres
Soul Spotify,Twilight,Anderson .Paak
Soul Spotify,New Sky,SiR
Soul Spotify,Belong in the Sun,¿Téo?
Soul Spotify,Love Again,Brandy
Soul Spotify,CYANIDE,Daniel Caesar
Soul Spotify,Love Affair,UMI
Soul Spotify,Talk In The Morning,Sam Wills
Soul Spotify,Might Be,Anderson .Paak
Rap Meets 90's R&B,Think Of You,USHER
Rap Meets 90's R&B,Funny How Time Flies,Intro
Rap Meets 90's R&B,Underneath the Stars - Drifting Re-Mix,Mariah Carey
Rap Meets 90's R&B,Everytime I Think Of You,Shades
Rap Meets 90's R&B,It's All Good - Hip-Hop Remix,Dean Anthoni
Rap Meets 90's R&B,Knockin' da Boots,H-Town
Rap Meets 90's R&B,Don't Leave Me,Blackstreet
Rap Meets 90's R&B,Heartbreaker (feat. Da Brat & Missy Elliott),Mariah Carey
Rap Meets 90's R&B,Freaky Tonight,Elements Of Life
Rap Meets 90's R&B,Who's the Mack (feat. Darkman),Mark Morrison
Rap Meets 90's R&B,...So We Can Get Down (Yea Yea),Yvette Michele
Rap Meets 90's R&B,Give It to Me,Faith Evans
Rap Meets 90's R&B,Gotta Find...(A New Love),Tha Truth
Rap Meets 90's R&B,Tonight's The Night,Blackstreet
Rap Meets 90's R&B,Love Thang,Intro
Rap Meets 90's R&B,You Don't Have To Worry - Remix Main With Rap,Mary J. Blige
Rap Meets 90's R&B,Booti Call,Blackstreet
Rap Meets 90's R&B,Just for One Night,Juice
Rap Meets 90's R&B,Candy Rain,Soul For Real
Rap Meets 90's R&B,Just Relax Featuring Dre (feat. Dre),Joe
Rap Meets 90's R&B,Schea's World,Leschea
Rap Meets 90's R&B,Problems (feat. Coffee Brown),Next
Rap Meets 90's R&B,So High,Jagged Edge
Rap Meets 90's R&B,Can't Believe (feat. Carl Thomas),Faith Evans
Rap Meets 90's R&B,Can't Be Wasting My Time - One Dread One Ball Head Version,Mona Lisa
Rap Meets 90's R&B,Don't Front On Me,Miss Jones
Rap Meets 90's R&B,So Good,Davina
Rap Meets 90's R&B,In My Bed - So So Def Mix,Dru Hill
Rap Meets 90's R&B,Things We Do For Love,Horace Brown
Rap Meets 90's R&B,Call My Name,112
Rap Meets 90's R&B,No Other Love,Faith Evans
Rap Meets 90's R&B,Don't Let Go,Assorted Phlavors
Rap Meets 90's R&B,Only You (feat. The Notorious B.I.G.) - Radio Mix,112
Rap Meets 90's R&B,Get Mine,Various Artists
Rap Meets 90's R&B,You Should Know,Donell Jones
Rap Meets 90's R&B,I Can Love You,Mary J. Blige
Rap Meets 90's R&B,Someone (feat. Puff Daddy),SWV
Rap Meets 90's R&B,THEY DON'T KNOW - Club Mix,Jon B.
Rap Meets 90's R&B,Try Again,New Edition
Rap Meets 90's R&B,This Is How We Do It,Montell Jordan
twitteros depresivos (vayan a terapia xfa),Cielito Lindo,Divididos
twitteros depresivos (vayan a terapia xfa),Negrita,Andrés Calamaro
twitteros depresivos (vayan a terapia xfa),Fuiste lo mejor,Intoxicados
twitteros depresivos (vayan a terapia xfa),"El Ruiseñor, el Amor y la Muerte",Indio Solari
twitteros depresivos (vayan a terapia xfa),Era En Abril,Juan Carlos Baglietto
twitteros depresivos (vayan a terapia xfa),Justo Que Te Vas,Ricardo Iorio
twitteros depresivos (vayan a terapia xfa),Todo Pasa,Los Piojos
twitteros depresivos (vayan a terapia xfa),Difícil,Los Piojos
twitteros depresivos (vayan a terapia xfa),El Oso,Moris
twitteros depresivos (vayan a terapia xfa),"Viernes, 3AM - 2019 Remasterizado",Serú Girán
twitteros depresivos (vayan a terapia xfa),Casi Sin Pensar,Intoxicados
twitteros depresivos (vayan a terapia xfa),El Rey,Intoxicados
twitteros depresivos (vayan a terapia xfa),Perdóname mi amor,Viejas Locas
twitteros depresivos (vayan a terapia xfa),Se Fue Al Cielo,Intoxicados
twitteros depresivos (vayan a terapia xfa),Para No Verme Más,La Vela Puerca
twitteros depresivos (vayan a terapia xfa),Vine Hasta Aquí,Los Piojos
twitteros depresivos (vayan a terapia xfa),Ando Ganas (Llora Llora),Los Piojos
twitteros depresivos (vayan a terapia xfa),Por Ser Yo,Almafuerte
twitteros depresivos (vayan a terapia xfa),Día a Día,Callejeros
twitteros depresivos (vayan a terapia xfa),Ella Dijo,Estelares
twitteros depresivos (vayan a terapia xfa),Crímenes perfectos,Andrés Calamaro
twitteros depresivos (vayan a terapia xfa),Gris,Los Piojos
twitteros depresivos (vayan a terapia xfa),Las Cosas Tienen Movimiento,Juan Carlos Baglietto
twitteros depresivos (vayan a terapia xfa),Creo,Fito Paez
twitteros depresivos (vayan a terapia xfa),Bicho de Ciudad,Los Piojos
twitteros depresivos (vayan a terapia xfa),Bien Alto,La Renga
twitteros depresivos (vayan a terapia xfa),El Viento Trae Una Copla,Bersuit Vergarabat
twitteros depresivos (vayan a terapia xfa),Té para Tres,Soda Stereo
twitteros depresivos (vayan a terapia xfa),No Me Olvides,La Beriso
twitteros depresivos (vayan a terapia xfa),Corazón Delator,Soda Stereo
twitteros depresivos (vayan a terapia xfa),Tomo Lo Que Encuentro,Virus
twitteros depresivos (vayan a terapia xfa),Clara,No Te Va Gustar
twitteros depresivos (vayan a terapia xfa),Memorias del Olvido,No Te Va Gustar
twitteros depresivos (vayan a terapia xfa),Lo Que Nunca Te Dije,La Perra Que Los Parió
twitteros depresivos (vayan a terapia xfa),Hacelo por Mí,Attaque 77
twitteros depresivos (vayan a terapia xfa),Arrancacorazones,Attaque 77
twitteros depresivos (vayan a terapia xfa),La Balsa,Los Gatos
twitteros depresivos (vayan a terapia xfa),Hop de realidad,Andrés Calamaro
twitteros depresivos (vayan a terapia xfa),Zona de Promesas (with Gustavo Cerati),Mercedes Sosa
twitteros depresivos (vayan a terapia xfa),El Fantasma,Árbol
twitteros depresivos (vayan a terapia xfa),Blues de la Desolación,Guasones
twitteros depresivos (vayan a terapia xfa),A Pesar del Viento,Los Gardelitos
twitteros depresivos (vayan a terapia xfa),Cortala y Olvidala,La Renga
twitteros depresivos (vayan a terapia xfa),Mentes lúcidas,La 25
twitteros depresivos (vayan a terapia xfa),Oxidado,Los Caballeros De La Quema
twitteros depresivos (vayan a terapia xfa),Otro Jueves Cobarde,Los Caballeros De La Quema
twitteros depresivos (vayan a terapia xfa),No Tengo Ganas,Intoxicados
twitteros depresivos (vayan a terapia xfa),Asi hace el tiempo,Ojos locos
twitteros depresivos (vayan a terapia xfa),Todo Eso,Callejeros
twitteros depresivos (vayan a terapia xfa),El Viejo Matías,Victor Heredia
twitteros depresivos (vayan a terapia xfa),Ese Maldito Momento,No Te Va Gustar
twitteros depresivos (vayan a terapia xfa),En El Baldío,La Renga
twitteros depresivos (vayan a terapia xfa),Caña Seca y un Membrillo,Patricio Rey y sus Redonditos de Ricota
twitteros depresivos (vayan a terapia xfa),Blues de la Libertad,Patricio Rey y sus Redonditos de Ricota
twitteros depresivos (vayan a terapia xfa),No Me Llore Tanto,Ricardo Mollo
twitteros depresivos (vayan a terapia xfa),Chance,Attaque 77
twitteros depresivos (vayan a terapia xfa),Adiós,Gustavo Cerati
twitteros depresivos (vayan a terapia xfa),Tema De Pototo,Juan Carlos Baglietto
twitteros depresivos (vayan a terapia xfa),Memoria,Árbol
twitteros depresivos (vayan a terapia xfa),Noche de Perros - 2019 Remasterizado,Serú Girán
twitteros depresivos (vayan a terapia xfa),Confesiones de Invierno,Sui Generis
twitteros depresivos (vayan a terapia xfa),Cancion para los Días de la Vida,Luis Alberto Spinetta
twitteros depresivos (vayan a terapia xfa),Mariel y el Capitán,Sui Generis
twitteros depresivos (vayan a terapia xfa),Sudestada,Los Piojos
twitteros depresivos (vayan a terapia xfa),Homero,Viejas Locas
twitteros depresivos (vayan a terapia xfa),Nunca me enseñaste,Jóvenes Pordioseros
twitteros depresivos (vayan a terapia xfa),Policarbonatos de Plutonio,La Chancha Muda
twitteros depresivos (vayan a terapia xfa),Encuentro con un Ángel Amateur - En Vivo,Indio Solari
twitteros depresivos (vayan a terapia xfa),Amor Ausente,Eruca Sativa
twitteros depresivos (vayan a terapia xfa),Sería una Pena,Callejeros
twitteros depresivos (vayan a terapia xfa),Nos Veremos Otra Vez,Serú Girán
twitteros depresivos (vayan a terapia xfa),Canción de Cuna,Los Piojos
twitteros depresivos (vayan a terapia xfa),Amor de Contramano,Los Gardelitos
twitteros depresivos (vayan a terapia xfa),Todavía,Guasones
twitteros depresivos (vayan a terapia xfa),Había una Vez...,Indio Solari
twitteros depresivos (vayan a terapia xfa),Vuelos,Bersuit Vergarabat
twitteros depresivos (vayan a terapia xfa),Muy Despacito,Los Piojos
twitteros depresivos (vayan a terapia xfa),Frente al Río,Callejeros
twitteros depresivos (vayan a terapia xfa),Algún Día,De La Gran Piñata
twitteros depresivos (vayan a terapia xfa),Media Verónica,Andrés Calamaro
twitteros depresivos (vayan a terapia xfa),"Felicidad, Depresión",Intoxicados
twitteros depresivos (vayan a terapia xfa),Dientes de Cordero,Los Piojos
twitteros depresivos (vayan a terapia xfa),Plegaria para un Niño Dormido,Almendra
twitteros depresivos (vayan a terapia xfa),Como Eran Las Cosas,Babasonicos
twitteros depresivos (vayan a terapia xfa),Mi Caramelo - Live In Buenos Aires / 2001,Bersuit Vergarabat
twitteros depresivos (vayan a terapia xfa),La Moda No Es Vanguardia,Indio Solari
twitteros depresivos (vayan a terapia xfa),Warm Mist,Sumo
twitteros depresivos (vayan a terapia xfa),Hoy,Callejeros
twitteros depresivos (vayan a terapia xfa),Tuyo siempre - En directo 2005,Andrés Calamaro
twitteros depresivos (vayan a terapia xfa),Desconexión Sideral,Bersuit Vergarabat
twitteros depresivos (vayan a terapia xfa),Don Electrón,Intoxicados
twitteros depresivos (vayan a terapia xfa),Cuando Ya Me Empiece a Quedar Solo,Sui Generis
twitteros depresivos (vayan a terapia xfa),Nunca Lo Olvides,Airbag
twitteros depresivos (vayan a terapia xfa),Por Mil Noches,Airbag
twitteros depresivos (vayan a terapia xfa),Arruinarse,Tan Bionica
twitteros depresivos (vayan a terapia xfa),Noches Sin Sueños - En Vivo,Rata Blanca
twitteros depresivos (vayan a terapia xfa),Fantasma,Gustavo Cerati
twitteros depresivos (vayan a terapia xfa),Tanto amor,Massacre
twitteros depresivos (vayan a terapia xfa),Más Que un Deseo,Las Pelotas
twitteros depresivos (vayan a terapia xfa),Chico De La Oculta,Viejas Locas
Arena negra,De paso,J Dose
Arena negra,Nothing Burns Like The Cold,Snoh Aalegra
Arena negra,FOREVER (with 6LACK),Jessie Reyez
Arena negra,My Favorite Part,Mac Miller
Arena negra,Blue,V
Arena negra,Love Me Again,V
Arena negra,For Us,V
Arena negra,忘記他,Shirley Kwan
Arena negra,Hype Boy (250 Remix),NewJeans
Arena negra,House of Cards (Full Length Edition),BTS
Arena negra,Cookie (FRNK Remix),NewJeans
Arena negra,Underneath the Stars,Mariah Carey
Arena negra,BUENOS AIRES,NATHY PELUSO
Arena negra,Cool With You,NewJeans
Arena negra,Lies You Tell,Emotional Oranges
Arena negra,West Coast Love,Emotional Oranges
Arena negra,YSL,June Freedom
Arena negra,Blue Lights,Jorja Smith
Arena negra,Teenage Fantasy,Jorja Smith
Arena negra,Butterflies,Skrillex
Arena negra,So Beautiful,DPR IAN
Arena negra,Julia (deep diving),Fred again..
Arena negra,Me (heavy),Fred again..
Arena negra,Hold On,49th & Main
Arena negra,Instant Crush (feat. Julian Casablancas),Daft Punk
Arena negra,Call It Off,Emotional Oranges
Arena negra,luna roja,Judeline
Arena negra,INRI,Judeline
Arena negra,La Tortura - Spotify Singles,Judeline
Arena negra,T4 Barajas - $kyhook Remix,Diego 900
Arena negra,Self Love - Spider-Man: Across the Spider-Verse,Metro Boomin
Arena negra,Simple Things,Emotional Oranges
Arena negra,Sundays,Emotional Oranges
Arena negra,Personal,Emotional Oranges
Arena negra,Corners Of My Mind,Emotional Oranges
Arena negra,Ceremony,Skrillex
Arena negra,Vaitimbora,Mariana Froes
Arena negra,HYDROCITY ANTHEM / STAR ALIGNER,Ghouljaboy
Arena negra,STAR COLLIDER,Ghouljaboy
Arena negra,Ford,Mentaguay
Arena negra,una noche más,saint
Arena negra,chica de cristal,Judeline
Arena negra,Imperio,Duki
Arena negra,backseat,Fred again..
Arena negra,Put On A Smile,Bruno Mars
Arena negra,Make It Right (feat. Lauv),BTS
Arena negra,Don’t Say You Love Me,Jin
Arena negra,CANDY GUM (feat. Jessie Reyez & Becky G),Emotional Oranges
PtH,"Under Star (From ""Hajime no Ippo"")",Miura Jam
PtH,Inosuke Theme - Cover,Samuel Kim
PtH,Tengen Uzui Theme - Cover,Samuel Kim
PtH,Zenitsu Theme V3 (Godlike Speed) - Cover,Samuel Kim
PtH,BEASTFUL,GRANRODEO
PtH,Sign,FLOW
PtH,Diver,NICO Touches the Walls
PtH,シルエット,KANA-BOON
PtH,絆ノ奇跡,MAN WITH A MISSION
PtH,MUKANJYO,Survive Said The Prophet
PtH,River,Anonymouz
PtH,Pillar Men Theme (Awaken) - Cover,Samuel Kim
PtH,Mitsuri Fight Theme (From 'Demon Slayer'),Ruki X Music
PtH,THE HERO !! ～怒れる拳に火をつけろ～,JAM Project
PtH,乱舞のメロディ,SID
PtH,You Say Run,Yuki Hayashi
PtH,Just Awake,"Fear, and Loathing in Las Vegas"
PtH,One Reason,DWB
PtH,"Inner Light (From ""Hajime No Ippo"")",Miura Jam
PtH,HEKIREKI,LAST ALLIANCE
PtH,happily ever after,Shoko Nakagawa
PtH,Libera Me from Hell,Cement City
PtH,Paint The Town Blue (from the series Arcane League of Legends),Ashnikko
PtH,Under Star,Shocking Lemon
PtH,Inner Light,Shocking Lemon
PtH,His World -Theme of Sonic The Hedgehog-,Ali Tabatabaee
PtH,Live & Learn ...Main Theme of ”Sonic Adventure 2”,Crush 40
PtH,Endless Possibility - Live,Tomoya Ohtani Band
PtH,Reach For the Stars - Re-Colors,Tomoya Ohtani Band
PtH,Never Let This Go,ONE OK ROCK
PtH,Riot!!!,ONE OK ROCK
PtH,Hitsuzen maker,ONE OK ROCK
PtH,Monster,Skillet
PtH,Guitar Pick,MEMI
PtH,REVIVER,MY FIRST STORY
PtH,il vento d'oro,Yugo Kanno
PtH,Sleep Now In the Fire,Rage Against The Machine
PtH,"Vi, the Piltover Enforcer (Here Comes Vi) (From League of Legends: Season 2)",League of Legends
PtH,Hashira Theme,Samuel Kim
PtH,BEAT INSANO (AUTOMOTIVO),S4nri0
PtH,Xanadu,Ummet Ozcan
PtH,Fallout,Masked Wolf
PtH,edamame - Diplo Remix,bbno$
PtH,HOT DEMON B!TCHES NEAR U ! ! !,CORPSE
PtH,我的新衣 (feat. Ty. & 王倩倩),VaVa
PtH,波斯,VaVa
PtH,Teardrops,Bring Me The Horizon
PtH,The Lion From The North,Sabaton
PtH,Demons Are a Girl's Best Friend (feat. Alissa White-Gluz),Powerwolf
PtH,Before I Forget,Slipknot
PtH,AUTOMOTIVO EMPURRA,sma$her
PtH,FUNK DO BOUNCE,Ariis
PtH,ACTION MAN,Nerve Agent
PtH,Hashira Theme (Tengen Uzui) - Cover,Samuel Kim
PtH,Rengoku Theme - Cover,Samuel Kim
PtH,Inosuke Theme V3 - Cover,Samuel Kim
PtH,Duality,Slipknot
PtH,Good Space,Skrillex
PtH,Memories,ONE OK ROCK
PtH,RATATA,Skrillex
PtH,Kyoto (feat. Sirah),Skrillex
PtH,The Watcher,Arch Enemy
PtH,Everytime We Touch - TEKKNO Version,Electric Callboy
PtH,FUNK ELASTIC,MXZI
PtH,DESNUDA - Slowed,sma$her
PtH,Taka Saka,Ariis
PtH,Montagem Pixel Estelar 1.0 (Slowed),TOKYOPHILE
PtH,Montagem Solar Atmosfera,Ariis
PtH,Louca Encubada,Dj Samir
PtH,Am I Dreaming,Metro Boomin
PtH,MONTAGEM LADRAO,ATLXS
PtH,COM MEDO!,Sayfalse
PtH,Muichiro Tokito Theme (Swordsmith Village Arc) - Cover,Samuel Kim
PtH,Muichiro Tokito Theme (Epic Version),Ashif N
PtH,TADA DUM,sma$her
Ep. 14,OBOKURI,Ikue Asazaki
Ep. 14,EEUMI,Ikue Asazaki
YAOSOBI,三原色,YOASOBI
YAOSOBI,Romance,YOASOBI
YAOSOBI,もう少しだけ,YOASOBI
YAOSOBI,セブンティーン,YOASOBI
YAOSOBI,アドベンチャー,YOASOBI
YAOSOBI,好きだ,YOASOBI
Metalcore Is Not Dead ,culture wound,We Came As Romans
Metalcore Is Not Dead ,NUCLEAR,dead7
Metalcore Is Not Dead ,BLACK_WAVE II,PSYCHO-FRAME
Metalcore Is Not Dead ,Gifted Every Strength,Loathe
Metalcore Is Not Dead ,Clockworked,Stray From The Path
Metalcore Is Not Dead ,Trembling Level,Poison The Well
Metalcore Is Not Dead ,Collide,Kingdom Of Giants
Metalcore Is Not Dead ,TANEBI,Knosis
Metalcore Is Not Dead ,Alchemical,Jamie's Elsewhere
Metalcore Is Not Dead ,BLUR,dead7
Metalcore Is Not Dead ,NO REVIVES,PSYCHO-FRAME
Metalcore Is Not Dead ,Oscillator,Make Them Suffer
Metalcore Is Not Dead ,'Til The Wheels Fall Off,Gideon
Metalcore Is Not Dead ,LEECH,LUNA KILLS
Metalcore Is Not Dead ,Salt and Ash,God Complex
Metalcore Is Not Dead ,Spineless,Discoveries NC
Metalcore Is Not Dead ,Hum From The Hollow,After The Burial
Metalcore Is Not Dead ,I Am Resistance,Bleeding Through
Metalcore Is Not Dead ,bad luck,We Came As Romans
Metalcore Is Not Dead ,FUHAI,Knosis
Metalcore Is Not Dead ,Echoes of War,Great American Ghost
Metalcore Is Not Dead ,HOLE,dead7
Metalcore Is Not Dead ,Better Written Villain,156/Silence
Metalcore Is Not Dead ,Depth Perception,Profiler
Metalcore Is Not Dead ,Dead But So Alive,Bleeding Through
Metalcore Is Not Dead ,Severance,Saltwound
Metalcore Is Not Dead ,Smoke,Kingdom Of Giants
Metalcore Is Not Dead ,A White Horse Covered In Blood,Better Lovers
Metalcore Is Not Dead ,MY DISASTER,Ocean Grove
Metalcore Is Not Dead ,SHINMON,Knosis
Metalcore Is Not Dead ,The Cleansing,August Burns Red
Metalcore Is Not Dead ,Haunter,Alpha Wolf
Metalcore Is Not Dead ,Vengeance,Currents
Metalcore Is Not Dead ,Hollow,Saltwound
Metalcore Is Not Dead ,Asphalt,Kingdom Of Giants
Metalcore Is Not Dead ,Invisible Rain,Stick To Your Guns
Metalcore Is Not Dead ,Horror Domain,Foreign Hands
Metalcore Is Not Dead ,FLY AWAY,Ocean Grove
Metalcore Is Not Dead ,Forsaken,Great American Ghost
Metalcore Is Not Dead ,Epitaph,Make Them Suffer
Metalcore Is Not Dead ,Our Brand Is Chaos,Bleeding Through
Metalcore Is Not Dead ,The Flowering,Better Lovers
Metalcore Is Not Dead ,Still Haunted,Confessions of a Traitor
Metalcore Is Not Dead ,The Jericho Protocol,The Gloom In The Corner
Metalcore Is Not Dead ,RUMBLE,Paledusk
Metalcore Is Not Dead ,All In Forever,Profiler
Metalcore Is Not Dead ,Gored,Loathe
Metalcore Is Not Dead ,Overflow,Polaris
Metalcore Is Not Dead ,Ghost Of Me,Make Them Suffer
Metalcore Is Not Dead ,PULSE,LEVELS
Metalcore Is Not Dead ,Black Hole,We Came As Romans
Metalcore Is Not Dead ,Oversoul,SEPARATØR
Metalcore Is Not Dead ,"Thank You, Again (feat. Phil Bozeman)",Spite
Metalcore Is Not Dead ,24 HOURS LEFT,PSYCHO-FRAME
Metalcore Is Not Dead ,Conditioned for a Head-On Collision,Foreign Hands
Metalcore Is Not Dead ,Sucks 2 Suck,Alpha Wolf
Metalcore Is Not Dead ,slay ur enemies,LUNA KILLS
Metalcore Is Not Dead ,Watch My Promise Die,Dying Wish
Metalcore Is Not Dead ,30 Under 13,Better Lovers
Metalcore Is Not Dead ,God Under Fingernails,Foreign Hands
Metalcore Is Not Dead ,Unfamiliar,Currents
Metalcore Is Not Dead ,Torn From Your Silhouette,Dying Wish
Metalcore Is Not Dead ,Lonely God,Fit For A King
Metalcore Is Not Dead ,Vessel of Rot,Killstreak
Metalcore Is Not Dead ,Revery,Electric Callboy
Metalcore Is Not Dead ,Perfect Soul,Spiritbox
Metalcore Is Not Dead ,Dirt Feed,Cut Short
Metalcore Is Not Dead ,Eat Your Own,Violent End
Metalcore Is Not Dead ,Suffocating Despair,Miserys End
Metalcore Is Not Dead ,Birdcage,SEPARATØR
Metalcore Is Not Dead ,Invincible,Revnoir
Metalcore Is Not Dead ,DROWNING,INDEATH
Metalcore Is Not Dead ,In A Stay,Sunspear
Metalcore Is Not Dead ,Love Lost In A Hail Of Gun Fire - 2023 Re-Recording,Bleeding Through
Metalcore Is Not Dead ,two lives,dead7
Metalcore Is Not Dead ,METAHOPE,Earthists.
Metalcore Is Not Dead ,>_TERMINAL,Gravemind
Metalcore Is Not Dead ,Sun Eater,Prompts
Metalcore Is Not Dead ,An Exit,Bloom
Metalcore Is Not Dead ,Switchblade OST,Diamond Construct
Metalcore Is Not Dead ,"Courtney, just relax (feat. World Of Pleasure)",Static Dress
Metalcore Is Not Dead ,Two Alive Amongst The Dead,Better Lovers
Metalcore Is Not Dead ,Fatal Frame,Confessions of a Traitor
Metalcore Is Not Dead ,Wasted Space,Kingdom Of Giants
Metalcore Is Not Dead ,Slow Suicide,Cultist
Metalcore Is Not Dead ,War Time,Bleeding Through
Metalcore Is Not Dead ,Backfire,August Burns Red
Metalcore Is Not Dead ,I See Dead People,The Amity Affliction
Metalcore Is Not Dead ,MORE POWER. MORE PAIN.,Gideon
Metalcore Is Not Dead ,The Summoning,Sleep Token
Metalcore Is Not Dead ,Without a Whisper,Invent Animate
Metalcore Is Not Dead ,Angel Eyes,Spiritbox
Metalcore Is Not Dead ,Offworlder,Silent Planet
Metalcore Is Not Dead ,Designer Shroud of Turin,The Callous Daoboys
Metalcore Is Not Dead ,Pale Iris,ERRA
Metalcore Is Not Dead ,Forgotten,The Plot In You
Metalcore Is Not Dead ,Broken Steps,Coe Hill
Metalcore Is Not Dead ,War,Story Of The Year
Playlist para mi yo futuro 2023,Die For You,Joji
Playlist para mi yo futuro 2023,Strength of the World,Avenged Sevenfold
Playlist para mi yo futuro 2023,Otra cicatriz,Marea
𝔟𝔞𝔡 𝔡𝔞𝔶𝔰 𝔢𝔳𝔢𝔯𝔶𝔡𝔞𝔶,Dark Light,Night Lovell
𝔟𝔞𝔡 𝔡𝔞𝔶𝔰 𝔢𝔳𝔢𝔯𝔶𝔡𝔞𝔶,Deira City Centre,Night Lovell
𝔟𝔞𝔡 𝔡𝔞𝔶𝔰 𝔢𝔳𝔢𝔯𝔶𝔡𝔞𝔶,Still Cold / Pathway Private,Night Lovell
𝔟𝔞𝔡 𝔡𝔞𝔶𝔰 𝔢𝔳𝔢𝔯𝔶𝔡𝔞𝔶,Alone,Night Lovell
𝔟𝔞𝔡 𝔡𝔞𝔶𝔰 𝔢𝔳𝔢𝔯𝔶𝔡𝔞𝔶,JOAN OF ARC,Night Lovell
𝔟𝔞𝔡 𝔡𝔞𝔶𝔰 𝔢𝔳𝔢𝔯𝔶𝔡𝔞𝔶,I Heard You Were Looking for Me,Night Lovell
𝔟𝔞𝔡 𝔡𝔞𝔶𝔰 𝔢𝔳𝔢𝔯𝔶𝔡𝔞𝔶,Lethal Presence,Night Lovell
𝔟𝔞𝔡 𝔡𝔞𝔶𝔰 𝔢𝔳𝔢𝔯𝔶𝔡𝔞𝔶,PLEASE DON'T GO,Night Lovell
𝔟𝔞𝔡 𝔡𝔞𝔶𝔰 𝔢𝔳𝔢𝔯𝔶𝔡𝔞𝔶,Concept Nothing,Night Lovell
𝔟𝔞𝔡 𝔡𝔞𝔶𝔰 𝔢𝔳𝔢𝔯𝔶𝔡𝔞𝔶,I'm Okay,Night Lovell
𝔟𝔞𝔡 𝔡𝔞𝔶𝔰 𝔢𝔳𝔢𝔯𝔶𝔡𝔞𝔶,BUMBLE BEE,Night Lovell
𝔟𝔞𝔡 𝔡𝔞𝔶𝔰 𝔢𝔳𝔢𝔯𝔶𝔡𝔞𝔶,Off Air,Night Lovell
𝔟𝔞𝔡 𝔡𝔞𝔶𝔰 𝔢𝔳𝔢𝔯𝔶𝔡𝔞𝔶,I Know Your Ways,Night Lovell
𝔟𝔞𝔡 𝔡𝔞𝔶𝔰 𝔢𝔳𝔢𝔯𝔶𝔡𝔞𝔶,Just Tryna,Night Lovell
𝔟𝔞𝔡 𝔡𝔞𝔶𝔰 𝔢𝔳𝔢𝔯𝔶𝔡𝔞𝔶,BAD KID,Night Lovell
𝔟𝔞𝔡 𝔡𝔞𝔶𝔰 𝔢𝔳𝔢𝔯𝔶𝔡𝔞𝔶,Molotov,BONES
𝔟𝔞𝔡 𝔡𝔞𝔶𝔰 𝔢𝔳𝔢𝔯𝔶𝔡𝔞𝔶,HDMI,BONES
𝔟𝔞𝔡 𝔡𝔞𝔶𝔰 𝔢𝔳𝔢𝔯𝔶𝔡𝔞𝔶,AirplaneMode,BONES
𝔟𝔞𝔡 𝔡𝔞𝔶𝔰 𝔢𝔳𝔢𝔯𝔶𝔡𝔞𝔶,CtrlAltDelete,BONES
𝔟𝔞𝔡 𝔡𝔞𝔶𝔰 𝔢𝔳𝔢𝔯𝔶𝔡𝔞𝔶,Sodium,BONES
𝔟𝔞𝔡 𝔡𝔞𝔶𝔰 𝔢𝔳𝔢𝔯𝔶𝔡𝔞𝔶,LooseScrew,BONES
𝔟𝔞𝔡 𝔡𝔞𝔶𝔰 𝔢𝔳𝔢𝔯𝔶𝔡𝔞𝔶,RampartRange,BONES
𝔟𝔞𝔡 𝔡𝔞𝔶𝔰 𝔢𝔳𝔢𝔯𝔶𝔡𝔞𝔶,Break You Off,Baker Ya Maker
𝔟𝔞𝔡 𝔡𝔞𝔶𝔰 𝔢𝔳𝔢𝔯𝔶𝔡𝔞𝔶,Deep End,Taz
𝔟𝔞𝔡 𝔡𝔞𝔶𝔰 𝔢𝔳𝔢𝔯𝔶𝔡𝔞𝔶,Underworld,Unaverage Gang
𝔟𝔞𝔡 𝔡𝔞𝔶𝔰 𝔢𝔳𝔢𝔯𝔶𝔡𝔞𝔶,Chernobyl,Unaverage Gang
𝔟𝔞𝔡 𝔡𝔞𝔶𝔰 𝔢𝔳𝔢𝔯𝔶𝔡𝔞𝔶,Cold Steel,Unaverage Gang
𝔟𝔞𝔡 𝔡𝔞𝔶𝔰 𝔢𝔳𝔢𝔯𝔶𝔡𝔞𝔶,Crooked Smile,Unaverage Gang
𝔟𝔞𝔡 𝔡𝔞𝔶𝔰 𝔢𝔳𝔢𝔯𝔶𝔡𝔞𝔶,Death Grip,Unaverage Gang
𝔟𝔞𝔡 𝔡𝔞𝔶𝔰 𝔢𝔳𝔢𝔯𝔶𝔡𝔞𝔶,Bulletproof,Brennan Savage
𝔟𝔞𝔡 𝔡𝔞𝔶𝔰 𝔢𝔳𝔢𝔯𝔶𝔡𝔞𝔶,"Sing, You Sinners",Unaverage Gang
𝔟𝔞𝔡 𝔡𝔞𝔶𝔰 𝔢𝔳𝔢𝔯𝔶𝔡𝔞𝔶,Bloody Mary,Unaverage Gang
𝔟𝔞𝔡 𝔡𝔞𝔶𝔰 𝔢𝔳𝔢𝔯𝔶𝔡𝔞𝔶,Airborne,Unaverage Gang
𝔟𝔞𝔡 𝔡𝔞𝔶𝔰 𝔢𝔳𝔢𝔯𝔶𝔡𝔞𝔶,Burial Grounds,Unaverage Gang
𝔟𝔞𝔡 𝔡𝔞𝔶𝔰 𝔢𝔳𝔢𝔯𝔶𝔡𝔞𝔶,Grind Mode,Unaverage Gang
𝔟𝔞𝔡 𝔡𝔞𝔶𝔰 𝔢𝔳𝔢𝔯𝔶𝔡𝔞𝔶,Bloodbath,Unaverage Gang
𝔟𝔞𝔡 𝔡𝔞𝔶𝔰 𝔢𝔳𝔢𝔯𝔶𝔡𝔞𝔶,"Worldwide (feat. Curtis Heron, Night Lovell, Fifty Grand, Dylan Brady)",MISOGI
𝔟𝔞𝔡 𝔡𝔞𝔶𝔰 𝔢𝔳𝔢𝔯𝔶𝔡𝔞𝔶,Timberlake,BONES
𝔟𝔞𝔡 𝔡𝔞𝔶𝔰 𝔢𝔳𝔢𝔯𝔶𝔡𝔞𝔶,MARY JANE,Night Lovell
𝔟𝔞𝔡 𝔡𝔞𝔶𝔰 𝔢𝔳𝔢𝔯𝔶𝔡𝔞𝔶,THE SUN,Night Lovell
𝔟𝔞𝔡 𝔡𝔞𝔶𝔰 𝔢𝔳𝔢𝔯𝔶𝔡𝔞𝔶,Demon Lover,Devilish Trio
𝔟𝔞𝔡 𝔡𝔞𝔶𝔰 𝔢𝔳𝔢𝔯𝔶𝔡𝔞𝔶,Mangroves,SHAHMEN
𝔟𝔞𝔡 𝔡𝔞𝔶𝔰 𝔢𝔳𝔢𝔯𝔶𝔡𝔞𝔶,TheRoadLessTraveled,BONES
𝔟𝔞𝔡 𝔡𝔞𝔶𝔰 𝔢𝔳𝔢𝔯𝔶𝔡𝔞𝔶,Bankroll,Taz
𝔟𝔞𝔡 𝔡𝔞𝔶𝔰 𝔢𝔳𝔢𝔯𝔶𝔡𝔞𝔶,Ashes 2 Ashes (feat. Scrim),Chetta
𝔟𝔞𝔡 𝔡𝔞𝔶𝔰 𝔢𝔳𝔢𝔯𝔶𝔡𝔞𝔶,Look at Em,Reptilian God Mana
𝔟𝔞𝔡 𝔡𝔞𝔶𝔰 𝔢𝔳𝔢𝔯𝔶𝔡𝔞𝔶,Ghost Rider,Taz
𝔟𝔞𝔡 𝔡𝔞𝔶𝔰 𝔢𝔳𝔢𝔯𝔶𝔡𝔞𝔶,Alaska,Unaverage Gang
𝔟𝔞𝔡 𝔡𝔞𝔶𝔰 𝔢𝔳𝔢𝔯𝔶𝔡𝔞𝔶,MonsterMash,BONES
𝔟𝔞𝔡 𝔡𝔞𝔶𝔰 𝔢𝔳𝔢𝔯𝔶𝔡𝔞𝔶,I Lost Carol,J Swey
𝔟𝔞𝔡 𝔡𝔞𝔶𝔰 𝔢𝔳𝔢𝔯𝔶𝔡𝔞𝔶,In the Night,Gxx
𝔟𝔞𝔡 𝔡𝔞𝔶𝔰 𝔢𝔳𝔢𝔯𝔶𝔡𝔞𝔶,Petty,Taz
𝔟𝔞𝔡 𝔡𝔞𝔶𝔰 𝔢𝔳𝔢𝔯𝔶𝔡𝔞𝔶,Chakra,J Swey
𝔟𝔞𝔡 𝔡𝔞𝔶𝔰 𝔢𝔳𝔢𝔯𝔶𝔡𝔞𝔶,Knock Knock,Chetta
𝔟𝔞𝔡 𝔡𝔞𝔶𝔰 𝔢𝔳𝔢𝔯𝔶𝔡𝔞𝔶,Witcher,Crook
𝔟𝔞𝔡 𝔡𝔞𝔶𝔰 𝔢𝔳𝔢𝔯𝔶𝔡𝔞𝔶,Wolf Creek,Unaverage Gang
𝔟𝔞𝔡 𝔡𝔞𝔶𝔰 𝔢𝔳𝔢𝔯𝔶𝔡𝔞𝔶,Drop Dead,Gvllow
𝔟𝔞𝔡 𝔡𝔞𝔶𝔰 𝔢𝔳𝔢𝔯𝔶𝔡𝔞𝔶,No Escape,Unaverage Gang
𝔟𝔞𝔡 𝔡𝔞𝔶𝔰 𝔢𝔳𝔢𝔯𝔶𝔡𝔞𝔶,A Lot,Night Lovell
𝔟𝔞𝔡 𝔡𝔞𝔶𝔰 𝔢𝔳𝔢𝔯𝔶𝔡𝔞𝔶,Rave in the Grave,REDZED
𝔟𝔞𝔡 𝔡𝔞𝔶𝔰 𝔢𝔳𝔢𝔯𝔶𝔡𝔞𝔶,Black Heart,Nik $ix
𝔟𝔞𝔡 𝔡𝔞𝔶𝔰 𝔢𝔳𝔢𝔯𝔶𝔡𝔞𝔶,Scars,Brennan Savage
𝔟𝔞𝔡 𝔡𝔞𝔶𝔰 𝔢𝔳𝔢𝔯𝔶𝔡𝔞𝔶,Tissue (Тишью),BONES
𝔟𝔞𝔡 𝔡𝔞𝔶𝔰 𝔢𝔳𝔢𝔯𝔶𝔡𝔞𝔶,U're Mine,Kina
𝔟𝔞𝔡 𝔡𝔞𝔶𝔰 𝔢𝔳𝔢𝔯𝔶𝔡𝔞𝔶,Please Come Back,Teqkoi
𝔟𝔞𝔡 𝔡𝔞𝔶𝔰 𝔢𝔳𝔢𝔯𝔶𝔡𝔞𝔶,Baby You're Worth It,Kina
𝔟𝔞𝔡 𝔡𝔞𝔶𝔰 𝔢𝔳𝔢𝔯𝔶𝔡𝔞𝔶,Ouija,Unaverage Gang
𝔟𝔞𝔡 𝔡𝔞𝔶𝔰 𝔢𝔳𝔢𝔯𝔶𝔡𝔞𝔶,Dragons,Unaverage Gang
𝔟𝔞𝔡 𝔡𝔞𝔶𝔰 𝔢𝔳𝔢𝔯𝔶𝔡𝔞𝔶,Underworld (Slowed + Bass Boosted),starclouds
𝔟𝔞𝔡 𝔡𝔞𝔶𝔰 𝔢𝔳𝔢𝔯𝔶𝔡𝔞𝔶,Tamashi,Sixthells
𝔟𝔞𝔡 𝔡𝔞𝔶𝔰 𝔢𝔳𝔢𝔯𝔶𝔡𝔞𝔶,01000100 01010000 01010011 00101011,OmenXIII
𝔟𝔞𝔡 𝔡𝔞𝔶𝔰 𝔢𝔳𝔢𝔯𝔶𝔡𝔞𝔶,Johnny Cash,Gvllow
𝔟𝔞𝔡 𝔡𝔞𝔶𝔰 𝔢𝔳𝔢𝔯𝔶𝔡𝔞𝔶,IKnowI'mNotAHero,The Virus and Antidote
𝔟𝔞𝔡 𝔡𝔞𝔶𝔰 𝔢𝔳𝔢𝔯𝔶𝔡𝔞𝔶,MyTimeIsTooGreatToBeWasted,The Virus and Antidote
𝔟𝔞𝔡 𝔡𝔞𝔶𝔰 𝔢𝔳𝔢𝔯𝔶𝔡𝔞𝔶,INeed$,KruddTheGuru
𝔟𝔞𝔡 𝔡𝔞𝔶𝔰 𝔢𝔳𝔢𝔯𝔶𝔡𝔞𝔶,AbsoluteHorror,The Virus and Antidote
𝔟𝔞𝔡 𝔡𝔞𝔶𝔰 𝔢𝔳𝔢𝔯𝔶𝔡𝔞𝔶,DeepInTheForest,The Virus and Antidote
𝔟𝔞𝔡 𝔡𝔞𝔶𝔰 𝔢𝔳𝔢𝔯𝔶𝔡𝔞𝔶,Welcome to Hell,Unaverage Gang
𝔟𝔞𝔡 𝔡𝔞𝔶𝔰 𝔢𝔳𝔢𝔯𝔶𝔡𝔞𝔶,Scholar,GRXGVR
𝔟𝔞𝔡 𝔡𝔞𝔶𝔰 𝔢𝔳𝔢𝔯𝔶𝔡𝔞𝔶,Killer Butterfly,Beamon
𝔟𝔞𝔡 𝔡𝔞𝔶𝔰 𝔢𝔳𝔢𝔯𝔶𝔡𝔞𝔶,Look at Me Now,Brennan Savage
𝔟𝔞𝔡 𝔡𝔞𝔶𝔰 𝔢𝔳𝔢𝔯𝔶𝔡𝔞𝔶,Dreams of You,Brennan Savage
𝔟𝔞𝔡 𝔡𝔞𝔶𝔰 𝔢𝔳𝔢𝔯𝔶𝔡𝔞𝔶,Badlands,Brennan Savage
𝔟𝔞𝔡 𝔡𝔞𝔶𝔰 𝔢𝔳𝔢𝔯𝔶𝔡𝔞𝔶,Afterlife,Brennan Savage
𝔟𝔞𝔡 𝔡𝔞𝔶𝔰 𝔢𝔳𝔢𝔯𝔶𝔡𝔞𝔶,WASTE,KXLLSWXTCH
𝔟𝔞𝔡 𝔡𝔞𝔶𝔰 𝔢𝔳𝔢𝔯𝔶𝔡𝔞𝔶,Decisions of Torment,Devilish Trio
𝔟𝔞𝔡 𝔡𝔞𝔶𝔰 𝔢𝔳𝔢𝔯𝔶𝔡𝔞𝔶,SystemPreferences,BONES
𝔟𝔞𝔡 𝔡𝔞𝔶𝔰 𝔢𝔳𝔢𝔯𝔶𝔡𝔞𝔶,LTE,$uicideboy$
𝔟𝔞𝔡 𝔡𝔞𝔶𝔰 𝔢𝔳𝔢𝔯𝔶𝔡𝔞𝔶,I Like,Burgos
𝔟𝔞𝔡 𝔡𝔞𝔶𝔰 𝔢𝔳𝔢𝔯𝔶𝔡𝔞𝔶,The 3,Devilish Trio
𝔟𝔞𝔡 𝔡𝔞𝔶𝔰 𝔢𝔳𝔢𝔯𝔶𝔡𝔞𝔶,Pissin' in the Mainstream,Devilish Trio
𝔟𝔞𝔡 𝔡𝔞𝔶𝔰 𝔢𝔳𝔢𝔯𝔶𝔡𝔞𝔶,Nightmares & Fantasies,Devilish Trio
𝔟𝔞𝔡 𝔡𝔞𝔶𝔰 𝔢𝔳𝔢𝔯𝔶𝔡𝔞𝔶,Labyrinth,Devilish Trio
𝔟𝔞𝔡 𝔡𝔞𝔶𝔰 𝔢𝔳𝔢𝔯𝔶𝔡𝔞𝔶,Suicide Drive,SHAHMEN
𝔟𝔞𝔡 𝔡𝔞𝔶𝔰 𝔢𝔳𝔢𝔯𝔶𝔡𝔞𝔶,Dyin Slowly,Bill $Aber
𝔟𝔞𝔡 𝔡𝔞𝔶𝔰 𝔢𝔳𝔢𝔯𝔶𝔡𝔞𝔶,Pdl,Bill $Aber
𝔟𝔞𝔡 𝔡𝔞𝔶𝔰 𝔢𝔳𝔢𝔯𝔶𝔡𝔞𝔶,When It Rains It Pours,Bill $Aber
𝔟𝔞𝔡 𝔡𝔞𝔶𝔰 𝔢𝔳𝔢𝔯𝔶𝔡𝔞𝔶,Creepin' N Lurkin',Bill $Aber
Studio Ghibli Sleep,"The Path of the Wind (From ""My Neighbor Totoro"") - Piano Version",Nikolai Tal
Studio Ghibli Sleep,"君をのせて / Carrying You (From ""Laputa Castle In The Sky"") - Instrumental Piano",Architect of Dreams
Studio Ghibli Sleep,"Merry-Go-Round of Life (From ""Howl's Moving Castle"") - Piano Version",Nikolai Tal
Studio Ghibli Sleep,"If I Could Be the Sea - Ending Theme Song (From ""The Ocean Waves"") - Piano Version",Nikolai Tal
Studio Ghibli Sleep,"A Town With an Ocean View (From ""Kiki's Delivery Service"") - Piano Version",Nikolai Tal
Studio Ghibli Sleep,"The Sixth Station (From ""Spirited Away"")",Ghibli Melodies
Studio Ghibli Sleep,"One Summer Day (From ""Spirited Away"") - Piano Version",Nikolai Tal
Studio Ghibli Sleep,"The Marsh House (From ""When Marnie Was There"") - Dreamy Piano Version",Nikolai Tal
Studio Ghibli Sleep,"The Bygone Days (From ""Porco Rosso"") - Piano Version",Nikolai Tal
Studio Ghibli Sleep,"A Dream (From ""From Up On Poppy Hill"") - Sleep",Elden Tales
Studio Ghibli Sleep,"Sho's Waltz (From ""The Secret World of Arrietty"") - Piano Version",Nikolai Tal
Studio Ghibli Sleep,"A Message Left in Lipstick (From ""Kiki's Delivery Service"") - Piano",Nikolai Tal
Studio Ghibli Sleep,"The Young man from the East (From ""Princess Mononoke"") - Piano",Nikolai Tal
Studio Ghibli Sleep,"Fine On The Outside (From ""When Marnie Was There"") - Piano Version",Nikolai Tal
Studio Ghibli Sleep,"Longing for Mother's Return (From ""Up on Poppy Hill"") - Piano Version",Nikolai Tal
Studio Ghibli Sleep,"Departure (From ""Kiki's Delivery Service"") - Piano Version",Nikolai Tal
Studio Ghibli Sleep,"Anna (From ""When Marnie Was There"") - Piano Version",Nikolai Tal
Studio Ghibli Sleep,"Canon (From ""Whisper of the Heart"") - Piano",Nikolai Tal
Studio Ghibli Sleep,"My Neighbor Totoro - Ending Theme Song (From ""My Neighbor Totoro"") - Piano Version",Nikolai Tal
Studio Ghibli Sleep,"The Girl Who Fell From the Sky (From ""Laputa Castle in the Sky"") - Piano Version",Nikolai Tal
Studio Ghibli Sleep,"Sheeta's Decision (From ""Laputa: Castle in the Sky"") - Piano Version",Nikolai Tal
Studio Ghibli Sleep,"A Lost Child (From ""My Neighbor Totoro"") - Piano",Nikolai Tal
Studio Ghibli Sleep,"Supple Bamboo (From ""The Tale of the Princess Kaguya"") - Dreamy Piano Version",Nikolai Tal
Studio Ghibli Sleep,"Nausicaä Requiem (From ""Nausicaä of the Valley of the Wind"") - Piano Version",Nikolai Tal
Studio Ghibli Sleep,"Chihiro's Waltz (From ""Spirited Away"") - Piano",Nikolai Tal
Studio Ghibli Sleep,"When I Remember This Life (From ""The Tale of The Princess Kaguya"") - Piano Version",Nikolai Tal
Studio Ghibli Sleep,"The Sixth Station (From ""Sprited Away"") - Piano",Nikolai Tal
Studio Ghibli Sleep,"The Flower Garden (From ""Howl's Moving Castle"") - Piano Version",Nikolai Tal
Studio Ghibli Sleep,"On a Clear Day (From ""Kiki's Delivery Service"") - Piano Version",Nikolai Tal
Studio Ghibli Sleep,"Doom - Trap of Clouds (From ""Porco Rosso"") - Piano",Nikolai Tal
Studio Ghibli Sleep,"Journey To The West (From ""Princess Mononoke"") - Piano Version",Nikolai Tal
Studio Ghibli Sleep,"The End and the Beginning - Song of Time (Theme Song) (From ""Tales From Earthsea"") - Piano Version",Nikolai Tal
Studio Ghibli Sleep,"The Legend of Ashitaka (From ""Princess Mononoke"") - Sleepy Piano Version",Nikolai Tal
Studio Ghibli Sleep,"Mother Death (From ""Grave of the Fireflies"") - Piano Version",Nikolai Tal
Studio Ghibli Sleep,"Ponyo on the Cliff by the Sea (From ""Ponyo on the Cliff by the Sea"") - Piano",Nikolai Tal
Studio Ghibli Sleep,"Opening Theme (From ""Nausicaä of the Valley of the Wind"") - Piano Version",Nikolai Tal
Studio Ghibli Sleep,"Always With Me (From ""Spirited Away"") - Piano Version",Nikolai Tal
Studio Ghibli Sleep,"The Name of Life - Inochi No Namae (From ""Spirited Away"")",Nikolai Tal
Studio Ghibli Sleep,"Lady Eboshi (From ""Princess Mononoke"") - Piano",Nikolai Tal
Studio Ghibli Sleep,"Spinning Globe (From ""The Boy and the Heron"")",Nikolai Tal
Studio Ghibli Sleep,"Therru's Song (From ""Tales Of Earthsea"")",Ghibli Melodies
Studio Ghibli Sleep,"Sho's Song (From ""The Secret World Of Arrietty"") - Piano Version",Nikolai Tal
Studio Ghibli Sleep,"Innocent (From ""Castle in the Sky"")",Up in the Clouds
Studio Ghibli Sleep,"To a Far Away Land (From ""Nausicaä of the Valley of the Wind"")",reimagined
Studio Ghibli Sleep,"Home Sweet Home (From ""Grave Of The Fireflies"") - Piano",Nikolai Tal
Studio Ghibli Sleep,"When I First Was in Love - Hatsukoi No Koro (From ""Up on Poppy Hill"") - Piano Version",Nikolai Tal
Studio Ghibli Sleep,"Main Theme (from ""Princess Mononoke"")",The Sleepy Pianist
Studio Ghibli Sleep,"A Hilly Town (From ""Whisper of the Heart"") - Piano Version",Nikolai Tal
Studio Ghibli Sleep,"New Bark Town (From ""Pokémon HeartGold & SoulSilver"") - Piano",Slumbermon
Studio Ghibli Sleep,Inspired by: Comet (From Naruto Shippuden) - Piano,Nikolai Tal
Studio Ghibli Sleep,"Mother (From ""My Neighbor Totoro"") - Piano",Nikolai Tal
Studio Ghibli Sleep,"Ask Me Why (Mother's Message) (From ""The Boy and the Heron"")",Nikolai Tal
Studio Ghibli Sleep,"Sosuke's Tears (From ""Ponyo on the Cliff by the Sea"") - Piano",Architect of Dreams
Studio Ghibli Sleep,"The Young Man from the East (From ""Princess Mononoke"") - Piano",Nikolai Tal
Studio Ghibli Sleep,"Route 201 (From ""Pokémon Diamond & Pearl"") - Piano",Slumbermon
Studio Ghibli Sleep,"Sheeta's Decision (From ""Laputa Castle In The Sky"") - Sleepy Version - Piano Version",Nikolai Tal
Studio Ghibli Sleep,"Mononoke Hime - Theme Song (From ""Princess Mononoke"") - Soft Piano Version",Nikolai Tal
Studio Ghibli Sleep,"The World Emporium (From ""Whisper of the Heart"") - Piano",Nikolai Tal
Studio Ghibli Sleep,"Princess Mononoke Theme (From ""Mononoke Hime"") - Piano Version",reimagined
Studio Ghibli Sleep,"A Girl of Fire (From ""The Boy and the Heron"")",Nikolai Tal
Studio Ghibli Sleep,"Princess Mononoke Theme Song (From ""Princess Mononoke"") - Piano",Mizune
Studio Ghibli Sleep,"Bygone Days (from ""Porco Rosso"")",Up in the Clouds
Studio Ghibli Sleep,"Princess Mononoke (from ""Princess Mononoke"")",The Sleepy Pianist
Studio Ghibli Sleep,"If Wrapped In Kindness (From ""Kiki's Delivery Service"") - Piano Version",Nikolai Tal
Studio Ghibli Sleep,Companions (From Naruto Shippuden) - Piano,Nikolai Tal
Studio Ghibli Sleep,"Ashitaka and San (From ""Princess Mononoke"") - Piano Version",Nikolai Tal
Studio Ghibli Sleep,"In Loving Memory of Allie (From ""Ni No Kuni: Wrath of the White Witch"") - Piano",Nikolai Tal
Studio Ghibli Sleep,"Setsuku & Saita / Main Theme (From ""Grave of the Fireflies"") - Piano Version",Nikolai Tal
Studio Ghibli Sleep,"Warawara (From ""The Boy and the Heron"")",Nikolai Tal
Studio Ghibli Sleep,"Toki Ni Wa / Ending Song (From ""Porco Rosso"") - Instrumental Piano",Architect of Dreams
Studio Ghibli Sleep,"A Message Left In Lipstick (From ""Kiki's Delivery Service"")",Sasha Colorful
Studio Ghibli Sleep,"Memories of Gondoa (From ""Laputa: Castle In The Sky"") - Piano",Nikolai Tal
Studio Ghibli Sleep,"Main Theme (From ""Only Yesterday"") - Dreamy Piano Version",Nikolai Tal
Studio Ghibli Sleep,"If I've Been Enveloped by Tenderness (From ""Kiki's Delivery Service"")",Nikolai Tal
Studio Ghibli Sleep,"Sandgem Town (From ""Pokémon Diamond, Pearl & Platinum"") - Piano",Slumbermon
Studio Ghibli Sleep,"Take me Home, Country Roads (From ""Whisper of the Heart"") - Piano Version",Nikolai Tal
Studio Ghibli Sleep,"The Oiwa Home (From ""When Marnie Was There"") - Piano Version",Nikolai Tal
Studio Ghibli Sleep,"Path of the Wind (From ""My Neighbor Totoro"")",Up in the Clouds
Studio Ghibli Sleep,"Piano Solo - Elliot's Theme (From ""Stardew Valley"")",Noah Ivory
Studio Ghibli Sleep,"Talking With Cats (From ""The Cat Returns"") - Piano",Nikolai Tal
Studio Ghibli Sleep,"Starting the Job (From ""Kiki's Delivery Service"") - Piano Version",Nikolai Tal
Studio Ghibli Sleep,"Main Theme (From ""Ponyo on the Cliff by the Sea"") - Instrumental Piano",Architect of Dreams
Studio Ghibli Sleep,"Le Petit Bouquet (From ""The Wind Rises"") [Piano Version]",Kaze no Mori
Studio Ghibli Sleep,"Ending Song - The Promise of the World (From "" Howl's Moving Castle"") - Piano Version",Nikolai Tal
Studio Ghibli Sleep,"Forest of Anxiety (From ""Whisper of the Heart"") - Piano",Nikolai Tal
Studio Ghibli Sleep,"The Corridor Door (From ""The Boy and the Heron"")",Nikolai Tal
Studio Ghibli Sleep,Decision (From Naruto Shippuden) - Piano,Nikolai Tal
Studio Ghibli Sleep,"Two People - End Title (From ""Grave of the Fireflies"")",Nikolai Tal
Studio Ghibli Sleep,"Cooking (From ""Nausicaä of the Valley of the Wind"") [Piano Version]",Kaze no Mori
Studio Ghibli Sleep,"You're In Love (From ""Howl's Moving Castle"") - Piano Version",Nikolai Tal
Studio Ghibli Sleep,Alone (from Naruto Shippūden),Piano Pillow
Studio Ghibli Sleep,"Arrietty's Song (From ""The Secret World of Arrietty"") - Piano Version",Nikolai Tal
Studio Ghibli Sleep,Inochi No Namae (From „Sen to Chihiro no Kamikakushi“) - Piano Version,reimagined
Studio Ghibli Sleep,"Fairfax Castle (From ""Fable 2"")",Ava Keys
Japanes soft Indie/rock to fall and fall and fall...,Last Train At 25 O'clock,Lamp
Japanes soft Indie/rock to fall and fall and fall...,ディレイ,mitsume
Japanes soft Indie/rock to fall and fall and fall...,君が大人になって,Kaede
Japanes soft Indie/rock to fall and fall and fall...,Like A Raspberry,宇宙ネコ子
Japanes soft Indie/rock to fall and fall and fall...,Flower of life,THE NOVEMBERS
Japanes soft Indie/rock to fall and fall and fall...,Virgin Suicide,宇宙ネコ子
Japanes soft Indie/rock to fall and fall and fall...,blooming in the morning,SPOOL
Japanes soft Indie/rock to fall and fall and fall...,Out On Sunny Sunday,Lamp
Japanes soft Indie/rock to fall and fall and fall...,ただいま。,宇宙ネコ子
Japanes soft Indie/rock to fall and fall and fall...,うたのけはい,Ichiko Aoba
Japanes soft Indie/rock to fall and fall and fall...,VAMPIRE,Plastic Girl In Closet
Japanes soft Indie/rock to fall and fall and fall...,Moonlight Ginga,Soutaiseiriron
Japanes soft Indie/rock to fall and fall and fall...,Sucide Girl,SPOOL
Japanes soft Indie/rock to fall and fall and fall...,iam POD (0%),Ichiko Aoba
Japanes soft Indie/rock to fall and fall and fall...,Last Song,CQ
Jazztronica/ jazz funk to have a FLCL type fever dream,Silly Cat,Skekz
Jazztronica/ jazz funk to have a FLCL type fever dream,Crescent,Anomalie
Jazztronica/ jazz funk to have a FLCL type fever dream,Get Funkey,Stargazer
Jazztronica/ jazz funk to have a FLCL type fever dream,Velours,Anomalie
Jazztronica/ jazz funk to have a FLCL type fever dream,Nineteen,Rob Araujo
Jazztronica/ jazz funk to have a FLCL type fever dream,"Roll One Up, Homie",Rob Araujo
Jazztronica/ jazz funk to have a FLCL type fever dream,No Doubt,Braxton Cook
Jazztronica/ jazz funk to have a FLCL type fever dream,Madiba,Shaun Martin
Jazztronica/ jazz funk to have a FLCL type fever dream,Kogi,Jacob Mann Big Band
Jazztronica/ jazz funk to have a FLCL type fever dream,Legend of Lumbar,Lydian Collective
Jazztronica/ jazz funk to have a FLCL type fever dream,Hold Music,Jacob Mann Big Band
Jazztronica/ jazz funk to have a FLCL type fever dream,Jazzalike,Marc Hartman
Jazztronica/ jazz funk to have a FLCL type fever dream,Blind Faith,Haywyre
Jazztronica/ jazz funk to have a FLCL type fever dream,Celestial Visions,Josef Leimberg
Jazztronica/ jazz funk to have a FLCL type fever dream,Sticky July,Butcher Brown
Tim Henson X Apogee - Rebirth ,Gambrels of the Sky,Blythe Davidson
Tim Henson X Apogee - Rebirth ,Vazgeçmişse Öyle Olsun,Erden Erdoğan
Tim Henson X Apogee - Rebirth ,Guarisci il mio Cuore,Valerio Castilla
Tim Henson X Apogee - Rebirth ,Gecenin Gündüze Direnişi,Ezgi Erdoğan
Tim Henson X Apogee - Rebirth ,Little Brook,Leon Arms
Tim Henson X Apogee - Rebirth ,How Far Have We Come,Alexa Popov
Tim Henson X Apogee - Rebirth ,Ölüm Korkar Sessizliğinden,Erden Erdoğan
Tim Henson X Apogee - Rebirth ,Raconteur,Michèle Courbis
Tim Henson X Apogee - Rebirth ,Sana Kör Bu Gözler,Erden Erdoğan
Tim Henson X Apogee - Rebirth ,Larghetto,Jan Wanninger
Tim Henson X Apogee - Rebirth ,Droplets,Mino Lawrence
Tim Henson X Apogee - Rebirth ,Another Love,Tom Odell
Tim Henson X Apogee - Rebirth ,1970,Erden Erdoğan
Tim Henson X Apogee - Rebirth ,Aşk ve telaş - Akustik,Erden Erdoğan
Tim Henson X Apogee - Rebirth ,Mor Çiçekli Elbise,Erden Erdoğan
Tim Henson X Apogee - Rebirth ,Sen mi kalacaksın bana? - Akustik,Erden Erdoğan
Tim Henson X Apogee - Rebirth ,Başka Biri Mi Var?,Erden Erdoğan
Tim Henson X Apogee - Rebirth ,Bi' Önemi Kalmadı,Ezgi Erdoğan
Tim Henson X Apogee - Rebirth ,Son - Akustik,Erden Erdoğan
Tim Henson X Apogee - Rebirth ,Kışı Bana Sevdiren Kadın,Erden Erdoğan
Tim Henson X Apogee - Rebirth ,Bu Mu Olay?,Erden Erdoğan
Tim Henson X Apogee - Rebirth ,Yeni Bir Sayfa,Ezgi Erdoğan
Tim Henson X Apogee - Rebirth ,Sherlock,Ezgi Erdoğan
Tim Henson X Apogee - Rebirth ,kırdıysam ne olur affet,Erden Erdoğan
Tim Henson X Apogee - Rebirth ,Son,Erden Erdoğan
Tim Henson X Apogee - Rebirth ,Durmuyor şişede,Erden Erdoğan
Tim Henson X Apogee - Rebirth ,Bir iyilik yap - Akustik,Erden Erdoğan
Tim Henson X Apogee - Rebirth ,Şiirlerim Hep Sendin,Ezgi Erdoğan
Tim Henson X Apogee - Rebirth ,Geçer belki bi' sarılsak,Erden Erdoğan
Tim Henson X Apogee - Rebirth ,Geçer belki yarına - Demo,Erden Erdoğan
Tim Henson X Apogee - Rebirth ,Yüzünde yüzsüzlükler,Erden Erdoğan
Tim Henson X Apogee - Rebirth ,Yanmışım,Erden Erdoğan
Tim Henson X Apogee - Rebirth ,Aklımda Yollar,Erden Erdoğan
Tim Henson X Apogee - Rebirth ,Boş bira - Akustik,Erden Erdoğan
Tim Henson X Apogee - Rebirth ,Son bi' gülüş bırak,Erden Erdoğan
Tim Henson X Apogee - Rebirth ,Bi' Önemi Kalmadı - V2,Ezgi Erdoğan
Tim Henson X Apogee - Rebirth ,İstanbul'un sokaklarındaki kadın - Akustik,Erden Erdoğan
Tim Henson X Apogee - Rebirth ,Bizi Yormadan,Erden Erdoğan
Tim Henson X Apogee - Rebirth ,Var Olamaz Bu His,Ezgi Erdoğan
Tim Henson X Apogee - Rebirth ,Kalan Olma,Erden Erdoğan
Tim Henson X Apogee - Rebirth ,Tükettim ikimizi - Akustik,Erden Erdoğan
Tim Henson X Apogee - Rebirth ,Bi' Gülse Bana,Erden Erdoğan
Tim Henson X Apogee - Rebirth ,Aşk Yakar Yıkar Seni,Ezgi Erdoğan
Tim Henson X Apogee - Rebirth ,Bulutlara sakladım seni,Erden Erdoğan
Tim Henson X Apogee - Rebirth ,Olsun - Akustik,Erden Erdoğan
Tim Henson X Apogee - Rebirth ,Yaz beni hayatına - Akustik,Erden Erdoğan
Tim Henson X Apogee - Rebirth ,Sana Kör Bu Gözler - Slowed & Reverb Version,Erden Erdoğan
Tim Henson X Apogee - Rebirth ,Paradoks,Erden Erdoğan
Tim Henson X Apogee - Rebirth ,Sana Kör Bu Gözler - Sped Up Version,Erden Erdoğan
Tim Henson X Apogee - Rebirth ,Olmadığın Şehirlere,Ezgi Erdoğan
Tim Henson X Apogee - Rebirth ,Kötü Adam,Erden Erdoğan
vienna waits for you,Vienna,Billy Joel
vienna waits for you,No Surprises,Radiohead
vienna waits for you,Let There Be Love,Oasis
vienna waits for you,Stop Crying Your Heart Out,Oasis
vienna waits for you,Cigarette Daydreams,Cage The Elephant
vienna waits for you,How Are You True,Cage The Elephant
vienna waits for you,Wonderwall - Remastered,Oasis
vienna waits for you,Let It Be - Remastered 2009,The Beatles
vienna waits for you,Here Comes The Sun - Remastered 2009,The Beatles
vienna waits for you,Don't Look Back In Anger,Oasis
vienna waits for you,Stand By Me,Oasis
vienna waits for you,Hey Jude - Remastered 2015,The Beatles
vienna waits for you,Yellow,Coldplay
vienna waits for you,Fix You,Coldplay
vienna waits for you,Lemonworld,The National
vienna waits for you,Little By Little,Oasis
vienna waits for you,Nothing's Gonna Hurt You Baby,Cigarettes After Sex
vienna waits for you,I Know,Placebo
vienna waits for you,Can't Help Falling in Love,Elvis Presley
vienna waits for you,Keep On Loving You,Cigarettes After Sex
vienna waits for you,Shake Me Down,Cage The Elephant
vienna waits for you,Achilles Come Down,Gang of Youths
vienna waits for you,Wonderful Life,Black
vienna waits for you,Comes And Goes (In Waves),Greg Laswell
vienna waits for you,And I Love Her - Remastered 2009,The Beatles
vienna waits for you,Apocalypse,Cigarettes After Sex
vienna waits for you,Lily (My One And Only) - Remastered 2012,The Smashing Pumpkins
vienna waits for you,Ne me quitte pas,Jacques Brel
vienna waits for you,Et si tu n'existais pas,Joe Dassin
vienna waits for you,Across The Universe - Remastered 2009,The Beatles
vienna waits for you,Nothing Else Matters,Metallica
vienna waits for you,Everybody Hurts,R.E.M.
vienna waits for you,While My Guitar Gently Weeps - Remastered 2009,The Beatles
vienna waits for you,"Please, Please, Please, Let Me Get What I Want - 2011 Remaster",The Smiths
vienna waits for you,The Drugs Don't Work,The Verve
vienna waits for you,Wish You Were Here - 2011 Remaster,Pink Floyd
vienna waits for you,I Know It's Over - 2017 Master,The Smiths
vienna waits for you,There Is a Light That Never Goes Out - Take 1,The Smiths
vienna waits for you,Asleep - 2011 Remaster,The Smiths
vienna waits for you,Spirits,The Strumbellas
vienna waits for you,Mad Sounds,Arctic Monkeys
vienna waits for you,Without You I'm Nothing,Placebo
vienna waits for you,Running Up That Hill,Placebo
vienna waits for you,Les feuilles mortes,Yves Montand
vienna waits for you,We'll Never Have Sex,Leith Ross
vienna waits for you,Only in My Dreams,The Marías
vienna waits for you,Space Song,Beach House
vienna waits for you,No. 1 Party Anthem,Arctic Monkeys
vienna waits for you,Je t'emmènerais bien,Pomme
vienna waits for you,The Scientist,Coldplay
vienna waits for you,"I Am a Poor Wayfaring Stranger - from ""1917""",Jos Slovick
vienna waits for you,When the Girl in Your Arms Is the Girl in Your Heart - 2005 Remaster,Cliff Richard
vienna waits for you,Crimson & Clover,Tommy James & The Shondells
vienna waits for you,Truce,Twenty One Pilots
vienna waits for you,Chasing Cars,Snow Patrol
vienna waits for you,Hurt,Johnny Cash
vienna waits for you,Love Me Tender,Elvis Presley
vienna waits for you,Lights Are On,Tom Rosenthal
vienna waits for you,Quand on n'a que l'amour - Arrangements différents,Jacques Brel
vienna waits for you,Yesterday - Remastered 2009,The Beatles
vienna waits for you,Till There Was You - Remastered 2009,The Beatles
vienna waits for you,La chanson des vieux amants,Jacques Brel
vienna waits for you,As the World Caves In,Matt Maltese
vienna waits for you,I Have A Dream,ABBA
vienna waits for you,Angie - Remastered 2009,The Rolling Stones
vienna waits for you,Hallelujah,Leonard Cohen
vienna waits for you,Knockin' On Heaven's Door,Bob Dylan
vienna waits for you,Perfect Day,Lou Reed
vienna waits for you,K.,Cigarettes After Sex
vienna waits for you,Piano Man,Billy Joel
vienna waits for you,The Power Of Love,Frankie Goes To Hollywood
vienna waits for you,Brown Eyed Girl,Van Morrison
vienna waits for you,Put Your Head On My Shoulder,Paul Anka
vienna waits for you,How Soon Is Now? - 2011 Remaster,The Smiths
vienna waits for you,I Want the One I Can't Have - 2011 Remaster,The Smiths
vienna waits for you,"Is It Really so Strange? - John Peel session, 12/2/86",The Smiths
vienna waits for you,A Rush and a Push and the Land Is Ours - 2011 Remaster,The Smiths
vienna waits for you,Corazón de Poeta,Jeanette
vienna waits for you,Big Jet Plane,Angus & Julia Stone
vienna waits for you,Don't Cry (Original),Guns N' Roses
vienna waits for you,Bitter Sweet Symphony - Remastered 2016,The Verve
vienna waits for you,I Feel Fine - Remastered 2009,The Beatles
vienna waits for you,We Can Work It Out - Remastered 2009,The Beatles
vienna waits for you,Mother Nature's Son - Remastered 2009,The Beatles
vienna waits for you,Getting Better - Remastered 2009,The Beatles
vienna waits for you,Karma Police,Radiohead
vienna waits for you,Now And Then,The Beatles
vienna waits for you,Lovers Rock,TV Girl
vienna waits for you,"Baby Mine - From ""Dumbo""",Betty Noyes
vienna waits for you,Ceux qui s’aiment,Pomme
vienna waits for you,High and Dry,Radiohead
vienna waits for you,Have You Ever Seen The Rain,Creedence Clearwater Revival
vienna waits for you,Ceux qui s'aiment,Guy Béart
vienna waits for you,Fade Into You,Mazzy Star
vienna waits for you,God Only Knows - Remastered 1996,The Beach Boys
vienna waits for you,El Condor Pasa (If I Could),Simon & Garfunkel
vienna waits for you,Bridge Over Troubled Water,Simon & Garfunkel
vienna waits for you,A Poem on the Underground Wall,Simon & Garfunkel
vienna waits for you,The Times They Are A-Changin',Simon & Garfunkel
vienna waits for you,Blessed,Simon & Garfunkel
canciones para romantizar cada segundo de mi vida,Forever Young,Alphaville
canciones para romantizar cada segundo de mi vida,Back To Life,Mother Mother
canciones para romantizar cada segundo de mi vida,Fallingforyou,The 1975
canciones para romantizar cada segundo de mi vida,Freaks,Surf Curse
canciones para romantizar cada segundo de mi vida,Voglio Vederti Danzare - Remastered,Franco Battiato
canciones para romantizar cada segundo de mi vida,Como Si Fueras a Morir Mañana,Leiva
canciones para romantizar cada segundo de mi vida,I Got Love,Mother Mother
canciones para romantizar cada segundo de mi vida,Escuela de danza aérea,Love of Lesbian
canciones para romantizar cada segundo de mi vida,El mundo,Love of Lesbian
canciones para romantizar cada segundo de mi vida,Memorial,La Maravillosa Orquesta del Alcohol
canciones para romantizar cada segundo de mi vida,Colgados del Sol,La Maravillosa Orquesta del Alcohol
canciones para romantizar cada segundo de mi vida,Bonito,Jarabe De Palo
canciones para romantizar cada segundo de mi vida,This Is The Life,Amy Macdonald
canciones para romantizar cada segundo de mi vida,Je veux,Zaz
canciones para romantizar cada segundo de mi vida,Crucified - Radio Edit,Army Of Lovers
canciones para romantizar cada segundo de mi vida,In Hell I'll Be in Good Company,The Dead South
canciones para romantizar cada segundo de mi vida,That Thing You Do!,The Wonders
canciones para romantizar cada segundo de mi vida,Viento de Cara,Supersubmarina
canciones para romantizar cada segundo de mi vida,Hayloft,Mother Mother
canciones para romantizar cada segundo de mi vida,Runaway,Bon Jovi
canciones para romantizar cada segundo de mi vida,Incubus Succubus II,Xmal Deutschland
canciones para romantizar cada segundo de mi vida,Joy of Life,The O'Reillys and the Paddyhats
canciones para romantizar cada segundo de mi vida,Rain in the South,Art Fact
canciones para romantizar cada segundo de mi vida,Mirlo Blanco,Shinova
canciones para romantizar cada segundo de mi vida,Let's Dance - 2018 Remaster,David Bowie
canciones para romantizar cada segundo de mi vida,Achilles Come Down,Gang of Youths
canciones para romantizar cada segundo de mi vida,Paris Skies,Big Electric Cat
canciones para romantizar cada segundo de mi vida,Whom Are You Dancing For?,Art Fact
canciones para romantizar cada segundo de mi vida,Shake Me Down,Cage The Elephant
canciones para romantizar cada segundo de mi vida,Wonderful Life,Black
canciones para romantizar cada segundo de mi vida,soleil soleil,Pomme
canciones para romantizar cada segundo de mi vida,There Is a Light That Never Goes Out - 2017 Master,The Smiths
canciones para romantizar cada segundo de mi vida,Soulmates,Placebo
canciones para romantizar cada segundo de mi vida,Don't Look Back In Anger,Oasis
canciones para romantizar cada segundo de mi vida,"L'amour, l'amour, l'amour",Bon Entendeur
canciones para romantizar cada segundo de mi vida,"Mon amour, mon ami",Marie Laforêt
canciones para romantizar cada segundo de mi vida,Moriría por vos,Amaral
canciones para romantizar cada segundo de mi vida,Ventura,Santero y Los Muchachos
canciones para romantizar cada segundo de mi vida,La bohème,Charles Aznavour
canciones para romantizar cada segundo de mi vida,Robbers,The 1975
canciones para romantizar cada segundo de mi vida,The Less I Know The Better,Tame Impala
canciones para romantizar cada segundo de mi vida,les oiseaux,Pomme
canciones para romantizar cada segundo de mi vida,Free Fallin',Tom Petty
canciones para romantizar cada segundo de mi vida,1932,La Maravillosa Orquesta del Alcohol
canciones para romantizar cada segundo de mi vida,Raindrops Keep Fallin' on My Head - Rerecorded,B.J. Thomas
canciones para romantizar cada segundo de mi vida,Poetry In Motion,Johnny Tillotson
canciones para romantizar cada segundo de mi vida,Brown Eyed Girl,Van Morrison
canciones para romantizar cada segundo de mi vida,Teenage Angst,Placebo
canciones para romantizar cada segundo de mi vida,Submarines,The Lumineers
canciones para romantizar cada segundo de mi vida,Ophelia,The Lumineers
canciones para romantizar cada segundo de mi vida,Ho Hey,The Lumineers
canciones para romantizar cada segundo de mi vida,Stop Crying Your Heart Out,Oasis
canciones para romantizar cada segundo de mi vida,Beautiful Day,U2
canciones para romantizar cada segundo de mi vida,Amour plastique,Videoclub
canciones para romantizar cada segundo de mi vida,Cien gaviotas,Duncan Dhu
canciones para romantizar cada segundo de mi vida,Lemon Tree,Fools Garden
canciones para romantizar cada segundo de mi vida,Eleanor Rigby - Remastered 2009,The Beatles
canciones para romantizar cada segundo de mi vida,Here Comes The Sun - Remastered 2009,The Beatles
canciones para romantizar cada segundo de mi vida,505,Arctic Monkeys
canciones para romantizar cada segundo de mi vida,Wind Of Change,Scorpions
canciones para romantizar cada segundo de mi vida,Heroes - Single Version; 1990 Remaster,David Bowie
canciones para romantizar cada segundo de mi vida,PRMVR,La Maravillosa Orquesta del Alcohol
canciones para romantizar cada segundo de mi vida,Hay un Fuego,La Maravillosa Orquesta del Alcohol
canciones para romantizar cada segundo de mi vida,All My Loving - Remastered 2009,The Beatles
canciones para romantizar cada segundo de mi vida,Centro Di Gravità Permanente - Remastered 2021,Franco Battiato
canciones para romantizar cada segundo de mi vida,Comes And Goes (In Waves),Greg Laswell
canciones para romantizar cada segundo de mi vida,La Torre,Talco
canciones para romantizar cada segundo de mi vida,Don't Let The Good Life Pass You By,Cass Elliot
canciones para romantizar cada segundo de mi vida,Manifiesto delirista,Love of Lesbian
canciones para romantizar cada segundo de mi vida,Fan de Ti,Sidecars
canciones para romantizar cada segundo de mi vida,Chica de ayer,Nacha Pop
canciones para romantizar cada segundo de mi vida,Love My Way,The Psychedelic Furs
canciones para romantizar cada segundo de mi vida,Always on My Mind,Pet Shop Boys
canciones para romantizar cada segundo de mi vida,Me Gusta la Vida,Funambulista
canciones para romantizar cada segundo de mi vida,Love Story (Taylor’s Version),Taylor Swift
canciones para romantizar cada segundo de mi vida,Feel,Robbie Williams
canciones para romantizar cada segundo de mi vida,Limón y Sal,Julieta Venegas
canciones para romantizar cada segundo de mi vida,Time in a Bottle,Jim Croce
canciones para romantizar cada segundo de mi vida,Dust in the Wind,Kansas
canciones para romantizar cada segundo de mi vida,Summer Wine,Nancy Sinatra
canciones para romantizar cada segundo de mi vida,Sweet Dreams (Are Made of This) - 2005 Remaster,Eurythmics
canciones para romantizar cada segundo de mi vida,"Cruisin' for a Bruisin' - From ""Teen Beach Movie""/Soundtrack Version",Brady
canciones para romantizar cada segundo de mi vida,Babe,Styx
canciones para romantizar cada segundo de mi vida,I Was Made For Lovin' You,KISS
canciones para romantizar cada segundo de mi vida,grandiose,Pomme
canciones para romantizar cada segundo de mi vida,Starman - 2012 Remaster,David Bowie
canciones para romantizar cada segundo de mi vida,Los toros en la Wii - Fantástico,Love of Lesbian
canciones para romantizar cada segundo de mi vida,Cadillac solitario,Loquillo
canciones para romantizar cada segundo de mi vida,23 de Junio,Vetusta Morla
canciones para romantizar cada segundo de mi vida,Maldita Dulzura,Vetusta Morla
canciones para romantizar cada segundo de mi vida,Copenhague,Vetusta Morla
canciones para romantizar cada segundo de mi vida,La gloire à mes genoux,Le rouge et le noir
canciones para romantizar cada segundo de mi vida,While My Guitar Gently Weeps - Remastered 2009,The Beatles
canciones para romantizar cada segundo de mi vida,And I Love Her - Remastered 2009,The Beatles
canciones para romantizar cada segundo de mi vida,Help! - Remastered 2009,The Beatles
canciones para romantizar cada segundo de mi vida,Across The Universe - Remastered 2009,The Beatles
canciones para romantizar cada segundo de mi vida,Let It Be - Remastered 2009,The Beatles
canciones para romantizar cada segundo de mi vida,Strawberry Fields Forever - Remastered 2009,The Beatles
canciones para romantizar cada segundo de mi vida,Penny Lane - Remastered 2009,The Beatles
canciones para romantizar cada segundo de mi vida,All You Need Is Love - Remastered 2009,The Beatles
Erhu & Chill,Soraboshi,LUYIFEI
Erhu & Chill,不为人知的故事,赵燮
Erhu & Chill,To Love's End (Inuyasha),Eliott Tordo Erhu
Erhu & Chill,The Moon Represents My Heart,Kuroki
Erhu & Chill,Oracle of the Light,Yume.Play
Erhu & Chill,Kimono and Chucks,Muehle
Erhu & Chill,寂しい,hopeless_0taku
Erhu & Chill,A Beautiful Mind,LUYIFEI
Erhu & Chill,Autumn Never Ends,Kuroki
Erhu & Chill,Akari,Nogymx
Erhu & Chill,Alone,Yume.Play
Erhu & Chill,sakura forest,bennya
Erhu & Chill,Eternal Tears Of Sorrow (영원한 슬픔의 눈물),LUYIFEI
Erhu & Chill,A promise,hopeless_0taku
Erhu & Chill,Beauty of Japan,Muehle
Erhu & Chill,ありがとう,hopeless_0taku
Erhu & Chill,Winding River,Lemage
Erhu & Chill,Obito,desanctus
Erhu & Chill,Man of the World,Kato
Erhu & Chill,微风,ZEN
Erhu & Chill,Wind Bender,Kuroki
Erhu & Chill,Mystic Forest,Muehle
Erhu & Chill,Sunset,Lemage
Erhu & Chill,Cinnabar,Yume.Play
Erhu & Chill,Purple Wind,LoFiPøwder
Erhu & Chill,Shrine,Muehle
Erhu & Chill,Under The Sakura,Ongaku Lofi
Erhu & Chill,Mezame,Yume.Play
Erhu & Chill,Chōchin,Raimu
Erhu & Chill,The Sky Was Orange,Kuroki
Erhu & Chill,Samidare,Yume.Play
Erhu & Chill,Mundane Escape,Yume.Play
Erhu & Chill,You Don't Have To Explain Yourself,jüle.
Erhu & Chill,The Last Samurai,Chilled Cat
Erhu & Chill,Waves,hopeless_0taku
Erhu & Chill,Arashi No Mura,Yonikaii
Erhu & Chill,Mikazuki Munechika,oxinym
Erhu & Chill,sunlight,Wolf Schranze
Erhu & Chill,Love in Shangri-La,Mean Ol' Hael
Erhu & Chill,Ancient Rituals,LoFiPøwder
Erhu & Chill,朝花夕拾,小vie
Erhu & Chill,Kinou,Deebu
Erhu & Chill,Sakura III,Elijah Nang
Erhu & Chill,Conflict,Yume.Play
Erhu & Chill,Escape to Azuchi,Amudo
Erhu & Chill,Blood Oath,Vindu
Erhu & Chill,Heiko,Kyoma
Erhu & Chill,Brave Kid,Aniki Lofi
Erhu & Chill,Peaceful Heart,Simon Groß
Erhu & Chill,A Memory,Bleasy
Erhu & Chill,Crescent Moon - Oriental Lo-fi,Hsuan Yuan
Erhu & Chill,Omen,Raimu
Erhu & Chill,Natsukashi,Deebu
Erhu & Chill,Eutanasia II,Ru frequence
Erhu & Chill,Kamado Tanjiro no Uta,Yume.Play
Erhu & Chill,fate,Wolf Schranze
Erhu & Chill,Secret of Chang'e,Yume.Play
Erhu & Chill,Call of the Wild,Raimu
Erhu & Chill,Loong,The Floating Whale
Erhu & Chill,Konnichiwa (Chapter 2),Elijah Nang
Erhu & Chill,橋 (The Bridge),PhoenixRising
Erhu & Chill,Contemplations,Bleasy
Erhu & Chill,Lake Mashu,Yonikaii
Erhu & Chill,Moon Stranger,DaniSogen
Erhu & Chill,Farewell,Wolf Schranze
Erhu & Chill,Earth Calling,Raimu
Erhu & Chill,Kanashī,Yume.Play
Erhu & Chill,memories,abovus
Erhu & Chill,Spirit of Sake,Saeonin
Erhu & Chill,Bittersweet,Deebu
Erhu & Chill,Returning Tides,Nogymx
Erhu & Chill,Futari No Kimochi,Yume.Play
Erhu & Chill,Nara Guardians,Raimu
Erhu & Chill,Birdsong,DaniSogen
Erhu & Chill,Reflections,SöBe
Erhu & Chill,A Place Called Home,Bleasy
Erhu & Chill,Natsumatsuri,Yume.Play
Erhu & Chill,Silver Lake,Nogymx
Erhu & Chill,Rising Sun,LoFiPøwder
Erhu & Chill,Sweet Dreams,Jia Peng Fang
Erhu & Chill,Seoul Streets,Amudo
Erhu & Chill,Beyond the Waves,Amudo
Erhu & Chill,暖かい,hopeless_0taku
Erhu & Chill,Cherry,Essentialx
Erhu & Chill,Fate At City Bian,TienYinMen
Erhu & Chill,Hanagasumi,Amudo
Erhu & Chill,A Butterfly's View,Wishkid
Erhu & Chill,Zenitsu Theme (Demon Slayer),Sad Gatomon
Erhu & Chill,Loving Choice,Kyoma
Erhu & Chill,Spirits Lake,DaniSogen
Erhu & Chill,Entity,Fırat Durak
Erhu & Chill,Mayumi,DaniSogen
Erhu & Chill,Yanaka,Kanimayo
Erhu & Chill,Dreaming in Tokyo,Inshō
Erhu & Chill,Kaze,Tophat Panda
Erhu & Chill,Fumetsu,Wishkid
Erhu & Chill,Orcarina,GM Nanashi
Erhu & Chill,Howling,Nogymx
Erhu & Chill,A Warrior's Dream,Tenno
"Koto, Guzheng, Guqin, Erhu, Flute LoFi",Anata,Lilac
"Koto, Guzheng, Guqin, Erhu, Flute LoFi",Teahouse Spirits,Kalaido
"Koto, Guzheng, Guqin, Erhu, Flute LoFi",Yume,Kalaido
"Koto, Guzheng, Guqin, Erhu, Flute LoFi",Kami,Kalaido
"Koto, Guzheng, Guqin, Erhu, Flute LoFi",m i s t,eevee
"Koto, Guzheng, Guqin, Erhu, Flute LoFi",Journey,Tenno
"Koto, Guzheng, Guqin, Erhu, Flute LoFi",Eternal Youth,RŮDE
"Koto, Guzheng, Guqin, Erhu, Flute LoFi",Floating Ghosts,Kalaido
"Koto, Guzheng, Guqin, Erhu, Flute LoFi",Maboroshi,Kalaido
"Koto, Guzheng, Guqin, Erhu, Flute LoFi",Spirited Away,BVG
"Koto, Guzheng, Guqin, Erhu, Flute LoFi",Motorbikes in Sapa,Kalaido
"Koto, Guzheng, Guqin, Erhu, Flute LoFi",Power Lines and Pastel Skies,Kalaido
"Koto, Guzheng, Guqin, Erhu, Flute LoFi",Journey to the West,Elijah Nang
"Koto, Guzheng, Guqin, Erhu, Flute LoFi",Night Adventure,Little Dumpling
"Koto, Guzheng, Guqin, Erhu, Flute LoFi",Afternoon Calm,Huey Daze
"Koto, Guzheng, Guqin, Erhu, Flute LoFi",Skyline,Kalaido
"Koto, Guzheng, Guqin, Erhu, Flute LoFi",Cherry,Altitude.
"Koto, Guzheng, Guqin, Erhu, Flute LoFi",Mountain Onsen,Kalaido
"Koto, Guzheng, Guqin, Erhu, Flute LoFi",Earth Kingdom,Elijah Nang
"Koto, Guzheng, Guqin, Erhu, Flute LoFi",one day in japan,aekasora
"Koto, Guzheng, Guqin, Erhu, Flute LoFi",Ghosts,Komorebi
"Koto, Guzheng, Guqin, Erhu, Flute LoFi",Stars and Chimneys,Kalaido
"Koto, Guzheng, Guqin, Erhu, Flute LoFi",Kenjutsu Water Style,Elijah Nang
"Koto, Guzheng, Guqin, Erhu, Flute LoFi",The Forest of a Thousand Blades,Elijah Nang
"Koto, Guzheng, Guqin, Erhu, Flute LoFi",Sleeping on the Susuki Grasslands,Elijah Nang
"Koto, Guzheng, Guqin, Erhu, Flute LoFi",Shanghai Nights,Saib
"Koto, Guzheng, Guqin, Erhu, Flute LoFi",City Snowfall,Kalaido
"Koto, Guzheng, Guqin, Erhu, Flute LoFi",Ramen Shop,Kalaido
"Koto, Guzheng, Guqin, Erhu, Flute LoFi",Despite the Pain,Raimu
"Koto, Guzheng, Guqin, Erhu, Flute LoFi",Kaya Village,Tenno
"Koto, Guzheng, Guqin, Erhu, Flute LoFi",Jiyū,Linearwave
"Koto, Guzheng, Guqin, Erhu, Flute LoFi",Love Under The Roof,Raimu
"Koto, Guzheng, Guqin, Erhu, Flute LoFi",Earth Calling,Raimu
"Koto, Guzheng, Guqin, Erhu, Flute LoFi",Fuyu,Raimu
"Koto, Guzheng, Guqin, Erhu, Flute LoFi",Ode to the Moon,Raimu
"Koto, Guzheng, Guqin, Erhu, Flute LoFi",Botanicals,Raimu
"Koto, Guzheng, Guqin, Erhu, Flute LoFi",The Shining Mountain,Marvelous Mir
"Koto, Guzheng, Guqin, Erhu, Flute LoFi",the last night near Fuji,Roenrain
"Koto, Guzheng, Guqin, Erhu, Flute LoFi",Imperial Garden,Vindu
"Koto, Guzheng, Guqin, Erhu, Flute LoFi",Kaigan,Raimu
"Koto, Guzheng, Guqin, Erhu, Flute LoFi",Winter Gardens,midnight alpha.
"Koto, Guzheng, Guqin, Erhu, Flute LoFi",Neon Tiger,Purrple Cat
"Koto, Guzheng, Guqin, Erhu, Flute LoFi",Koi,Phlocalyst
"Koto, Guzheng, Guqin, Erhu, Flute LoFi",Distant Voices,BVG
"Koto, Guzheng, Guqin, Erhu, Flute LoFi",Tsuyu,Otaam
"Koto, Guzheng, Guqin, Erhu, Flute LoFi",Place I've Never Been Before,DaniSogen
"Koto, Guzheng, Guqin, Erhu, Flute LoFi",Pathfinder,DaniSogen
"Koto, Guzheng, Guqin, Erhu, Flute LoFi",Omoide Yokocho,Raimu
"Koto, Guzheng, Guqin, Erhu, Flute LoFi",Imaginary,Tenno
"Koto, Guzheng, Guqin, Erhu, Flute LoFi",Scarlet Feelings,Raimu
"Koto, Guzheng, Guqin, Erhu, Flute LoFi",Wander,dryhope
"Koto, Guzheng, Guqin, Erhu, Flute LoFi","Oboro, 5 Am",Raimu
"Koto, Guzheng, Guqin, Erhu, Flute LoFi",Your Touch,DaniSogen
"Koto, Guzheng, Guqin, Erhu, Flute LoFi",Wisdom,BVG
"Koto, Guzheng, Guqin, Erhu, Flute LoFi",Stream of Thoughts,Raimu
"Koto, Guzheng, Guqin, Erhu, Flute LoFi",Silhouette,DaniSogen
"Koto, Guzheng, Guqin, Erhu, Flute LoFi",Ekitai No Gainen,Raimu
"Koto, Guzheng, Guqin, Erhu, Flute LoFi",How Have You Been,Louk
"Koto, Guzheng, Guqin, Erhu, Flute LoFi",The Guiding Wind,Tenno
"Koto, Guzheng, Guqin, Erhu, Flute LoFi",Butterfly Lullaby,Tenno
"Koto, Guzheng, Guqin, Erhu, Flute LoFi",The Secret Road,DaniSogen
"Koto, Guzheng, Guqin, Erhu, Flute LoFi",Blue Dawn,Raimu
"Koto, Guzheng, Guqin, Erhu, Flute LoFi",Heart of Sakura,DaniSogen
"Koto, Guzheng, Guqin, Erhu, Flute LoFi",Lushan Sun,Sweet Medicine
"Koto, Guzheng, Guqin, Erhu, Flute LoFi",Towards Something New,Raimu
"Koto, Guzheng, Guqin, Erhu, Flute LoFi",A While Ago,DaniSogen
"Koto, Guzheng, Guqin, Erhu, Flute LoFi",Camden to Chinatown,Loafy Building
"Koto, Guzheng, Guqin, Erhu, Flute LoFi",Sprouting,Raimu
"Koto, Guzheng, Guqin, Erhu, Flute LoFi",Meditative Flow,Raimu
"Koto, Guzheng, Guqin, Erhu, Flute LoFi",Affinity,Huey Daze
"Koto, Guzheng, Guqin, Erhu, Flute LoFi",Amore,Huey Daze
"Koto, Guzheng, Guqin, Erhu, Flute LoFi",Hikaru,Huey Daze
"Koto, Guzheng, Guqin, Erhu, Flute LoFi",Vapor Trails,Raimu
"Koto, Guzheng, Guqin, Erhu, Flute LoFi",Hotaru,DaniSogen
"Koto, Guzheng, Guqin, Erhu, Flute LoFi",Ainara,DaniSogen
"Koto, Guzheng, Guqin, Erhu, Flute LoFi",Glistening,Loafy Building
"Koto, Guzheng, Guqin, Erhu, Flute LoFi",The Path You Choose,BVG
"Koto, Guzheng, Guqin, Erhu, Flute LoFi",Bliss,Raimu
"Koto, Guzheng, Guqin, Erhu, Flute LoFi",Adanel,DaniSogen
"Koto, Guzheng, Guqin, Erhu, Flute LoFi",Waterfall,BVG
"Koto, Guzheng, Guqin, Erhu, Flute LoFi",Sands Of Time,BVG
"Koto, Guzheng, Guqin, Erhu, Flute LoFi",Gentle Wind,BVG
"Koto, Guzheng, Guqin, Erhu, Flute LoFi",Magic Rain,DaniSogen
"Koto, Guzheng, Guqin, Erhu, Flute LoFi",Sakura III,Elijah Nang
"Koto, Guzheng, Guqin, Erhu, Flute LoFi",High Sun,Jhove
"Koto, Guzheng, Guqin, Erhu, Flute LoFi",Mystic Mountain,Purrple Cat
"Koto, Guzheng, Guqin, Erhu, Flute LoFi",From Within,Loafy Building
"Koto, Guzheng, Guqin, Erhu, Flute LoFi",Serenity,BVG
"Koto, Guzheng, Guqin, Erhu, Flute LoFi",Land of the Samurai,Elijah Nang
"Koto, Guzheng, Guqin, Erhu, Flute LoFi",Rao,DaniSogen
"Koto, Guzheng, Guqin, Erhu, Flute LoFi",Flowing,DaniSogen
"Koto, Guzheng, Guqin, Erhu, Flute LoFi",West Of Zhuhai,Yestalgia
"Koto, Guzheng, Guqin, Erhu, Flute LoFi",Winds of Change,Nogymx
"Koto, Guzheng, Guqin, Erhu, Flute LoFi",Streetlight Reverie,Kalaido
"Koto, Guzheng, Guqin, Erhu, Flute LoFi",Grand Dojo,Elijah Nang
"Koto, Guzheng, Guqin, Erhu, Flute LoFi",Aisuru,DaniSogen
"Koto, Guzheng, Guqin, Erhu, Flute LoFi",The Prophecy Unfolds,Tenno
"Koto, Guzheng, Guqin, Erhu, Flute LoFi",Fuji,Living Room
"Koto, Guzheng, Guqin, Erhu, Flute LoFi",The Silk Way,DaniSogen
"Koto, Guzheng, Guqin, Erhu, Flute LoFi",Painted Skies,Nogymx
,空色デイズ,Shoko Nakagawa
,涙の種、笑顔の花,Shoko Nakagawa
,続く世界,Shoko Nakagawa
,happily ever after,Shoko Nakagawa
,"Libera Me From Hell - from ""Gurren Lagann""",Rayden
,Libera Me from Hell,Cement City
,UNDERGROUND,High Voltage
,みんなのピース,アフロマニア
Naruto CHILL mix,Naruto Main Theme,Minijau
Naruto CHILL mix,"Blue Bird (From ""Naruto Shippuden"")",Minijau
Naruto CHILL mix,Wind (Naruto) - Trap Remix,Musicality
Naruto CHILL mix,Eternal Youth,RŮDE
Naruto CHILL mix,"Sadness and Sorrow (From ""Naruto"")",Minijau
Naruto CHILL mix,Yamagsumi,Paul Rückert
Naruto CHILL mix,Hinata vs Neji (Naruto),John Oeth
Naruto CHILL mix,Rainy Day,Musicality
Naruto CHILL mix,"Senya - Itachi's Theme (From ""Naruto Shippuden"")",TrigerPro
Naruto CHILL mix,Shirohae,Bamf
Naruto CHILL mix,"Evening (From ""Naruto"")",Minijau
Naruto CHILL mix,"Go Go Naruto! (From ""Naruto"")",Lofeeler
Naruto CHILL mix,Itachi Uchiha,Free Flow Flava
Naruto CHILL mix,My Friend,NKOHA
Naruto CHILL mix,"Akatsuki (From ""Naruto Shippuden"")",Rayden
Naruto CHILL mix,Byakuya,SoulBeatz
Naruto CHILL mix,Naruto Loneliness Trap,Sunday Vibes
Naruto CHILL mix,Uzumaki,Gravy Beats
Naruto CHILL mix,"Itachi's Theme (From ""Naruto Shippuden"")",Melôdyne
Naruto CHILL mix,Obito and Rin,desanctus
Naruto CHILL mix,"Kimimaro's Demise (From ""Naruto"")",Rhaeide
Naruto CHILL mix,Hokage's Funeral,Chasing Mirrors
Naruto CHILL mix,Naruto - Orochimaru's Theme - Remix,Rifti Beats
Naruto CHILL mix,Girei,Musicality
Naruto CHILL mix,"Naruto Ending Theme ""Wind""",Celestial Alignment
Naruto CHILL mix,Blue Bird,Edward Ong
Naruto CHILL mix,Konoha,Gravy Beats
Naruto CHILL mix,"Sadness and Sorrow (From ""Naruto"") - Lofi Beat",Celestial Alignment
Naruto CHILL mix,Obito,desanctus
Naruto CHILL mix,Samidare,Kato
Naruto CHILL mix,Jiraiya,NKOHA
Naruto CHILL mix,Naruto's Daily Life (From 'Naruto'),Anime Kei
Naruto CHILL mix,Fighting Spirit,Anime Kei
Naruto CHILL mix,Spin and Burst,Anime Kei
Naruto CHILL mix,Strong and Strike,Anime Kei
Naruto CHILL mix,"Girei (Pains Theme) (From "" Naruto Shippuden Girei"")",Anime Zing
Naruto CHILL mix,Senya,Lars Sorensen
Naruto CHILL mix,"Despair - Sasori's Theme (From ""Naruto Shippuuden"") - Classic",RMaster
Naruto CHILL mix,Sadness and Sorrow,Anime Kei
Naruto CHILL mix,Jinchuriki,Minijau
Naruto CHILL mix,Senya - Itachi's Theme,Anime your Music
Naruto CHILL mix,GAARA,SoulBeatz
Naruto CHILL mix,"Senya Itachi Theme (From ""Naruto Shippuden"")",Minijau
Naruto CHILL mix,Loneliness,Kato
Naruto CHILL mix,Solitude,Enoshy
Naruto CHILL mix,Shinra Tensei,Gravy Beats
Naruto CHILL mix,Itachi's Theme,Christophe Deremy
Naruto CHILL mix,Naruto Shippuden - Hyouhaku (Sasuke's Theme) [Remix],Rifti Beats
Naruto CHILL mix,Naruto Blue Bird (Lofi),Jaydensmusic
Ghibli Park: Returning,On a Clear Day,Joe Hisaishi
Ghibli Park: Returning,A Journey (A Kingdom of Dreams),Joe Hisaishi
Ghibli Park: Returning,さくらんぼの実る頃 (フランス語ヴァージョン),Tokiko Kato
Ghibli Park: Returning,Fine On The Outside,Priscilla Ahn
Ghibli Park: Returning,Ending Song - The Promise of the World - Merry-Go-Round of Life,Chieko Baisho
Ghibli Park: Returning,The Path of the Wind,Joe Hisaishi
Ghibli Park: Returning,Princess Mononoke Theme Song,Joe Hisaishi
Ghibli Park: Returning,Reminiscence,Yuji Nomi
Ghibli Park: Returning,Arrietty's Song,Cécile Corbel
Ghibli Park: Returning,If I Could Be the Sea (Ending),Shigeru Nagata
Ghibli Park: Returning,Merry-Go-Round of Life - from 'Howl's Moving Castle',Joe Hisaishi
Ghibli Park: Returning,The End and the Beginning - Song of Time (Theme Song) - Ending,Tamiya Terashima
Ghibli Park: Returning,ひこうき雲,Yumi Arai
Ghibli Park: Returning,The World is In My Hands (feat. Sherina Munaf),Satoshi Takebe
Ghibli Park: Going,ルージュの伝言,Yumi Arai
Ghibli Park: Going,First Love (Vocals by Aoi Teshima),Satoshi Takebe
Ghibli Park: Going,A Town with an Ocean View,Joe Hisaishi
Ghibli Park: Going,"Take Me Home, Country Roads (Theme Song)",Yuji Nomi
Ghibli Park: Going,Cat Bus,Taku Kitahara
Ghibli Park: Going,Our House Below - Movie Version,Cécile Corbel
Ghibli Park: Going,風になる,Tsuji Ayano
Ghibli Park: Going,Sunrise ~ The Breakfast Song (Vocals by Aoi Teshima),Satoshi Takebe
Ghibli Park: Going,やさしさに包まれたなら,Yumi Arai
Ghibli Park: Going,Nausicaä of the Valley of Wind - Opening theme,Joe Hisaishi
Ghibli Park: Going,Procession Of The Spirits,Joe Hisaishi
Ghibli Park: Going,"Pom Poko Main Theme ""Genki Song""",Hasso Gakudan
Ghibli Park: Going,Ponyo on the Cliff by the Sea - Movie Version,Joe Hisaishi
Ghibli Park: Going,Hey Let's Go - Opening Theme Song,Azumi Inoue
.,Solêr,Otto A. Totland
.,ブラックホール,Tokiyo
.,A Lonely Vagabond,Kwon Hyun Jung
.,Dig,Dustin O'Halloran
.,In the Shadows,Amy Stroup
.,What A Diff'rence A Day Made,Dinah Washington
.,Cincinnati Clocks,Ourselves the Elves
.,The Godfather Waltz (Main Title),Nino Rota
.,Happy Together,FLOOR CRY
.,Tu Aisa Kaise Hai?,Osho Jain
.,Drive My Car,Eiko Ishibashi
.,Gwydion's Dream,Robin Williamson
.,Finale - Tango Apasionado,Astor Piazzolla
.,Green,Abraham Marder
.,Okinawa,92914
.,Love Theme,Ennio Morricone
.,I Can't Remember Love (Music from the Netflix Limited Series The Queen's Gambit),Anna Hauss
.,Posters,Youth Lagoon
.,Daydreaming,Radiohead
.,Room,Ethan Tasch
.,Death with Dignity,Sufjan Stevens
.,Only You - Re-recorded Version,The Flying Pickets
.,Are You Awake?,Kevin Shields
.,Quelqu'un m'a dit,Carla Bruni
.,The Winner Takes It All,Carla Bruni
.,Still Life With Glass Of Absinthe & A Carafe,Clint Mansell
.,Everything's Made for Love,Gene Austin
.,Rain Song,Emile Mosseri
.,Fourth of July,Sufjan Stevens
.,Weights and Measures,Nathan Shubert
.,Cries And Whispers,Cho Young-Wuk
.,Phantom Thread II,Jonny Greenwood
.,Wish You Were Here,Pink Floyd
.,Still Walking,소곤
.,Morality in Darkness,James Newton Howard
.,Together Somewhere,INTO1
.,May Month,MayMay
.,Leave,Dustin O'Halloran
.,삶은 아름답다,Lee Jae Jin
.,A Waltz For a Night,Julie Delpy
.,Sarah-Menuet,Toshifumi Hinata
.,cold/mess,Prateek Kuhad
.,Tired,Adele
.,Be Funny When You Can,Bryce Dessner
.,Mystery Train-Suite,John Lurie
.,Feeling Dizzy,Everything But The Girl
.,Summer Overture,Clint Mansell
.,Front Seat Painting,herbal tea
.,Starry Starry Night,Lianne La Havas
.,Waters of March,Art Garfunkel
.,Nobody Knows,Stamp
.,What If,Rhys Lewis
.,Radio,Lana Del Rey
.,Someone New,Laufey
.,Crucifix,Jonny Greenwood
.,Pancakes for Dinner,Lizzy McAlpine
.,Eternity and a Day: II. By The Sea,Eleni Karaindrou
.,Lovers,Carter Burwell
.,You'll See A Lot Of Bad But It's Beautiful,Bryce Dessner
.,Tender Loneliness,Matija Strniša
.,Come sinfonia,Mina
.,Crazy in Love,Sofia Karlberg
.,naps!,1415
.,You belong to me,Carla Bruni
.,505,Arctic Monkeys
.,Eternal Sunshine of the Spotless Mind Theme - Piano Version,Ams
.,Yellow,Coldplay
.,Burning House,Cam
.,Favorite Peeps,Prateek Kuhad
.,Spencer,Jonny Greenwood
.,Un autre amour,Jean-Michel Blais
.,Reminiscences,Sylvain Daniel
.,"Vivaldi: The Four Seasons, Violin Concerto in F Minor, Op. 8 No. 4, RV 297 ""Winter"": II. Largo",Antonio Vivaldi
.,La chambre vide,Carla Bruni
.,Prenzlauerberg,Beirut
.,Fjögur píanó,Sigur Rós
.,Soft Answers,Neoline Ewing
.,Better,Gracie Abrams
.,La Polvere E L'incanto,Aashi
.,Oxbow,Mario Venu
.,Oltremare,Ludovico Einaudi
.,Old Eden,Honeywater
.,Beautiful Boy (Darling Boy) - Remastered 2010,John Lennon
.,Véronique - Remastered,Zbigniew Preisner
.,La possibilité d'une île,Carla Bruni
.,"i'm in love with u, sorry",j'san
.,"Dream, Ivory","Dream, Ivory"
.,Fairy Forest,Adrian Von Ziegler
.,Yes! (feat. Jack Liebeck),Dario Marianelli
.,A Hidden Life,James Newton Howard
.,Every Day Is a Miracle,David Byrne
.,パジャマでハイウェイ,MIZ
.,Another Year,Andrew Gialanella
.,Both Sides Now,Emilia Jones
.,100 words,Prateek Kuhad
.,Patience Seas,Massage Spa Academy
.,Silver Lining,Kupla
.,Love and Suffering,James Newton Howard
.,From the Dining Table,Harry Styles
.,"My Tamako, My Sookee",조영욱과 THE SOUNDTRACKINGS
biraz ışık,"life, i'm over you",Zevia
biraz ışık,Caught by the Light,The Boxer Rebellion
biraz ışık,The Blind Lead the Blind,Sleeping Pulse
biraz ışık,Heder,Jabbar
biraz ışık,Exit Music (For a Film) - Remastered,Radiohead
biraz ışık,Before I Fall,Latch Key Kid
biraz ışık,Orbit,Alice Phoebe Lou
biraz ışık,Love Is What You Make It,Comett
biraz ışık,Foolish,Kovacs
biraz ışık,Water and Wine - Acoustic,Aleah
biraz ışık,Za Milena J.,Moriarty
biraz ışık,my time,Zubi
biraz ışık,reverie,isaac gracie
biraz ışık,Smaointe - 2009 Remaster,Enya
biraz ışık,Navigate,Takykardia
biraz ışık,Down,Low
biraz ışık,when I c u,Pomme
biraz ışık,Her Şey Yolunda,Anıl Durmuş
biraz ışık,bleu,Pomme
biraz ışık,septembre,Pomme
biraz ışık,Roller Disco,Jonathan Bree
biraz ışık,Outside,MorMor
biraz ışık,Chemistry and Math,Flunk
biraz ışık,Somehow,Tom Odell
biraz ışık,Güneş Batarken,İkilem
biraz ışık,Jealousy,Tom Odell
biraz ışık,Unholy Faces,Florist
biraz ışık,A Drive Through the Countryside,Lowland Hum
biraz ışık,Love Brought Weight,Old Sea Brigade
biraz ışık,I Follow Rivers,Marika Hackman
biraz ışık,Sparrow for a Heart,Abigail Lapell
biraz ışık,Ölümle Yaşam Arasında,Mavi Gri
biraz ışık,Arrows,Haux
biraz ışık,Feeling You,Harrison Storm
biraz ışık,Waiting Around - Acoustic,Aisha Badru
biraz ışık,Then Again,Brooke Annibale
biraz ışık,K.,Rosie Carney
biraz ışık,All Eyes - For Their Love,Other Lives
biraz ışık,Cops,Other Lives
biraz ışık,Sound of Violence,Other Lives
biraz ışık,Ben Ölürsem,Toygar Işıklı
biraz ışık,Just Asking,Aquilo
biraz ışık,Grace,Kitt Philippa
biraz ışık,Beautiful Hell,Adna
biraz ışık,Cautionary Tale,Dylan LeBlanc
biraz ışık,For a While,Fenne Lily
biraz ışık,The Wire,Vancouver Sleep Clinic
biraz ışık,Sapphire,Diamond Thug
biraz ışık,The Wolf,LEØ
biraz ışık,Imagining My Man,Aldous Harding
biraz ışık,Cherry Flavoured,The Neighbourhood
biraz ışık,Cariño,The Marías
biraz ışık,Altüst Olmuşum,Mavi Gri
biraz ışık,Warned You,Good Morning
biraz ışık,Space Song,Beach House
biraz ışık,Stars,Sam Airey
biraz ışık,"Aşkınla Her Şey Oldum - Tuna Kiremitçi ve Arkadaşları, Vol. 3",Tuna Kiremitçi
biraz ışık,Ocean,Alice Phoebe Lou
biraz ışık,Milk & Honey - Alt Version,Billie Marten
biraz ışık,Fear of the Water,SYML
biraz ışık,Society,Eddie Vedder
biraz ışık,Luna,Neutral
biraz ışık,Lorn and Loath,Wolcensmen
biraz ışık,Moonlit Missive #32: 'As Ships Go By',In Gowan Ring
biraz ışık,Gathering Wildflowers,Novemthree
biraz ışık,Seafarer,Lindy-Fay Hella
biraz ışık,Aatos,Tenhi
biraz ışık,The Loom,Anilah
biraz ışık,Funeral Lullaby,Arrowwood
biraz ışık,La sospesa,Camerata Mediolanense
biraz ışık,The Hawk,Sonne Hagal
biraz ışık,I Saw a Dying Child in Your Arms,Mourning Beloveth
biraz ışık,Bloom (Online Bonus Track),The Paper Kites
biraz ışık,Batonebo,Odetta Hartman
biraz ışık,Lying On the Grey Foam,Artesia
biraz ışık,Wanderings,Artesia
biraz ışık,On brûlera,Pomme
biraz ışık,Comme si j'y croyais,Pomme
biraz ışık,Lumière bleue,chien noir
biraz ışık,les séquoias,Pomme
biraz ışık,Potkal,Encam Potkal
biraz ışık,Bosphorus,Brazzaville
biraz ışık,Flowers In December,Mazzy Star
biraz ışık,Weightless,Coals
biraz ışık,The Fear of Losing This,Florist
biraz ışık,Lights Are On,Tom Rosenthal
biraz ışık,Pretty Lonely,Half Wolf
biraz ışık,One Last Goodbye - Remastered,Anathema
biraz ışık,I Hold You,CLANN
biraz ışık,For 12,Other Lives
biraz ışık,Dust Bowl III,Other Lives
biraz ışık,Old Statues,Other Lives
biraz ışık,One Night/All Night,Justice
Push heavy stick ,Sun Killer,Spiritbox
Push heavy stick ,300 Violin Orchestra,Jorge Quintero
Push heavy stick ,Put It Down,YONAS
Push heavy stick ,EA (feat. 21 Savage),Young Nudy
Push heavy stick ,LIFE SUCK - Trampa Remix,MUST DIE!
Push heavy stick ,Feel Something (With I Prevail),ILLENIUM
Push heavy stick ,Shark Attack - Megalodon VIP,Jauz
Push heavy stick ,First Day Out,Tee Grizzley
Push heavy stick ,Love VIP,Subsonic
Push heavy stick ,Byrd,HDBeenDope
Push heavy stick ,For Whom The Bell Tolls (Remastered),Metallica
Push heavy stick ,8 Years,Kublai Khan TX
Push heavy stick ,The Hammer,Kublai Khan TX
Push heavy stick ,Floor 555,XXXTENTACION
Push heavy stick ,See You at the End,Brenton Mattheus
Push heavy stick ,Monster,Meek Mill
Push heavy stick ,Love Sosa,Chief Keef
Push heavy stick ,"Work REMIX (feat. A$AP Rocky, French Montana, Trinidad James & ScHoolboy Q)",A$AP Ferg
Push heavy stick ,From The D To The A (feat. Lil Yachty),Tee Grizzley
Push heavy stick ,Before I Forget,Slipknot
Push heavy stick ,Ghostface Killers (feat. Travis Scott),21 Savage
Push heavy stick ,Rap Saved Me (feat. Quavo),21 Savage
Push heavy stick ,Ric Flair Drip (with Metro Boomin),Offset
Push heavy stick ,Things Are Gonna Get Better,NEFFEX
Push heavy stick ,Reasons,ÆSTRAL
Push heavy stick ,Blame,ÆSTRAL
Push heavy stick ,カワキヲアメク,美波
Push heavy stick ,Zmrok,ÆSTRAL
Push heavy stick ,Taipan,Kublai Khan TX
Push heavy stick ,Greek Gods,Tevvez
Push heavy stick ,Link,Jim Yosef
Push heavy stick ,No Hands (feat. Roscoe Dash & Wale),Waka Flocka Flame
Push heavy stick ,Superhero (Heroes & Villains) [with Future & Chris Brown],Metro Boomin
Push heavy stick ,,
Push heavy stick ,Don't Let Go,Subsonic
Push heavy stick ,He's a Pirate,TCM
Push heavy stick ,ON THE FLOOR HARDSTYLE,crypvolk
Push heavy stick ,Just Dance - Hardstyle Remix Sped Up,Kratos
Push heavy stick ,Frozen in time,Tevvez
Push heavy stick ,Invincible,Neolux
😩gym jammin😩,Wir gehen an Land,We Butter The Bread With Butter
😩gym jammin😩,Whore to a Chainsaw,Thy Art Is Murder
😩gym jammin😩,Feed A Pigeon Breed A Rat,The Acacia Strain
😩gym jammin😩,Decimate the Weak,Winds of Plague
😩gym jammin😩,Dance Til Your Dead,Lil Memer
😩gym jammin😩,Satisfaction - Isak Original Extended,Benny Benassi
😩gym jammin😩,Mercury - Ghostemane flip,SIXTEARS
😩gym jammin😩,Parasite,Kiddo Ghouls
😩gym jammin😩,NECKLACE,Germ
😩gym jammin😩,Pimp Hoe,Mike Sherm
😩gym jammin😩,Anabolic,Killstation
😩gym jammin😩,Cabinet Man,Lemon Demon
😩gym jammin😩,Phonk,GLOOMANΞ
😩gym jammin😩,Perennial Agony,Osiah
😩gym jammin😩,HURT,1 800 PAIN
😩gym jammin😩,Son Of A Gun,Key Glock
😩gym jammin😩,HATRED,BVDLVD
😩gym jammin😩,No Flockin',Kodak Black
😩gym jammin😩,Rockefeller Street,LA Nightcore
😩gym jammin😩,All The Time 2,Wintertime
😩gym jammin😩,Bitch Please II,Eminem
😩gym jammin😩,South Side Suicide,Ev0lution
😩gym jammin😩,Pizza,Attila
😩gym jammin😩,Pain Is Pleasure,The Last Ten Seconds of Life
😩gym jammin😩,Agony,Slaughter to Prevail
😩gym jammin😩,H.O.E. (Heaven On Earth),Yo Gotti
😩gym jammin😩,Pitbulls,Jae Alaska
😩gym jammin😩,What U Gon Do?,Blvc Svnd
😩gym jammin😩,Neva Cared,Polo G
😩gym jammin😩,I duckinf hatw you,Ghostemane
😩gym jammin😩,Different,Gullyspit
😩gym jammin😩,ASH,Muppy
😩gym jammin😩,Candy Corn,ACOT
😩gym jammin😩,Alle meine Entchen,We Butter The Bread With Butter
😩gym jammin😩,H1N1!,Witchouse 40k
😩gym jammin😩,How Do You Do,Nightcore Fanatics
😩gym jammin😩,Eclipse,Brand of Sacrifice
😩gym jammin😩,Bfg Division,Mick Gordon
😩gym jammin😩,NoFaceNoCase.Exe,7xvn
😩gym jammin😩,LIKE A RAT,ghostofblu
😩gym jammin😩,"No Suburban, Pt. 2",Sheff G
😩gym jammin😩,Black Heart,Within The Ruins
😩gym jammin😩,Bluntforceheadtrauma,gizmo
😩gym jammin😩,Hang'em All,Carpenter Brut
😩gym jammin😩,U a Sheep,Blvc Svnd
😩gym jammin😩,Outlawz,Terror Reid
😩gym jammin😩,Depraved,Falsifier
😩gym jammin😩,Oh Mama mach Kartoffelsalat,We Butter The Bread With Butter
😩gym jammin😩,I'd Rather Not Say,Boundaries
😩gym jammin😩,Kill or Be Killed,Spite
😩gym jammin😩,The Bard's Last Note,Ricky Desktop
😩gym jammin😩,God is Dead,Sinizter
😩gym jammin😩,Murders Come With Smiles,Dance Club Massacre
😩gym jammin😩,wdyw,Walt!
😩gym jammin😩,kamikaze,goth
😩gym jammin😩,PENALTY,Muppy
😩gym jammin😩,Never Satisfied,CORPSE
😩gym jammin😩,Bxmb Threat,Chauncey666
😩gym jammin😩,Disorder,Dr. Peacock
😩gym jammin😩,Yung Slaughter,SHUSH
😩gym jammin😩,PSYCHO,7xvn
😩gym jammin😩,Pop Style - Jack Daily Remix,Jack Daily
😩gym jammin😩,Venom,Little Simz
😩gym jammin😩,SAINTS ROW!,K.V.N
😩gym jammin😩,Nitro Cell,Zkekd
😩gym jammin😩,GATES,Eric North
😩gym jammin😩,Watch Your Back Remix,94brizzy
😩gym jammin😩,Obsolete,Istasha
😩gym jammin😩,Led,GOTOU寄生獣
😩gym jammin😩,Mania Likely,Warlord Colossus
😩gym jammin😩,Weak!,Blvc Svnd
😩gym jammin😩,Fleshlike plastic,Lord Gasp
😩gym jammin😩,Scaphism,gizmo
😩gym jammin😩,Salem,Velsser
😩gym jammin😩,G X D S ?,LxngCat
😩gym jammin😩,Laser Pimp,Lil Boodang
😩gym jammin😩,The Only Thing They Fear Is You,FamilyJules
😩gym jammin😩,FCK THEM,CALO
😩gym jammin😩,Funeral Derangements,Ice Nine Kills
😩gym jammin😩,Galactic flowers,Rare Akuma
😩gym jammin😩,Ridin' With the Devil,CoaastGxd
😩gym jammin😩,from hell's heart,Katahdin
😩gym jammin😩,Grotesque,Dealer
😩gym jammin😩,Hell,Filth
😩gym jammin😩,What's The Difference,Dr. Dre
😩gym jammin😩,Dance of the Witch,At Rest
😩gym jammin😩,Crave You - Adventure Club Remix,Flight Facilities
😩gym jammin😩,All Dogs Go To Heaven,$uicideboy$
😩gym jammin😩,Do You Believe in God?,$uicideboy$
😩gym jammin😩,Pagan III,Vitalism
😩gym jammin😩,Toxicity,System Of A Down
😩gym jammin😩,I SELL DRUGS ON ACID,666FUCKTHECOPS
😩gym jammin😩,Succubus,Massacre
😩gym jammin😩,Join Us for a Bite,JT Music
😩gym jammin😩,Misery Cloud,I Declare War
😩gym jammin😩,Lifeblood - Remix,Brand of Sacrifice
😩gym jammin😩,DEVIL MEAN,HOSPICEMANE
😩gym jammin😩,Berserk,S3RL
😩gym jammin😩,Bass Slut - Original Mix,S3RL
😩gym jammin😩,Mist of Rage,Noisecream
when spring flowers bloom,when spring flowers bloom,Kowkaine
Cronopiosyfama,Petite Fleur,Sidney Bechet
Cronopiosyfama,Mamie's Blues,Jelly Roll Morton
Cronopiosyfama,Jazz Me Blues,Bix Beiderbecke and His Gang
Cronopiosyfama,Four O'Clock Drag,The Kansas City Six
Cronopiosyfama,Save It Pretty Mamma,Lionel Hampton And His Orchestra
Cronopiosyfama,Body and Soul,Coleman Hawkins
Cronopiosyfama,I Used To Be Your Sweet Mama,Demas Dean
Cronopiosyfama,Don't You Play Me Cheap,Louis Armstrong And His Orchestra
Cronopiosyfama,Village Blues,John Coltrane
Cronopiosyfama,I Love Paris,Ella Fitzgerald
Cronopiosyfama,"Non, je ne regrette rien",Édith Piaf
Cronopiosyfama,Blue as I Can Be,Bunk Johnson
Cronopiosyfama,Dream A Little Dream Of Me - Single Version,Ella Fitzgerald
Cronopiosyfama,Mannish Boy,Muddy Waters
Cronopiosyfama,Spoonful,Howlin' Wolf
Cronopiosyfama,I Can't Quit You Baby,Otis Rush
Cronopiosyfama,La Foule,Édith Piaf
Cronopiosyfama,Noticias para Viajeros,Mariela Ferreira
Cronopiosyfama,Month Of Sundays,Metronomy
Cronopiosyfama,Empty Bed Blues,Bessie Smith
Cronopiosyfama,Dream A Little Dream Of Me,Ella Fitzgerald
Cronopiosyfama,Lover Man,Charlie Parker
Cronopiosyfama,Summertime,Charlie Parker
Cronopiosyfama,Go Down Moses,Louis Armstrong
Cronopiosyfama,Mood Indigo,Louis Armstrong
Cronopiosyfama,Java,Tata Cedrón
Cronopiosyfama,Veredas de Buenos Aires,Tata Cedrón
Cronopiosyfama,Tu Piel Bajo la Luna,Tata Cedrón
Cronopiosyfama,La Cruz del Sur,Tata Cedrón
Cronopiosyfama,Medianoche Aquí,Tata Cedrón
Cronopiosyfama,Locuras,Silvio Rodríguez
Cronopiosyfama,Volver,Carlos Gardel
Cronopiosyfama,Alma De Diamante,Luis Alberto Spinetta
Cronopiosyfama,All The Things You Are,Charlie Parker
Cronopiosyfama,April In Paris,Charlie Parker
Cronopiosyfama,Out Of Nowhere,Charlie Parker
Cronopiosyfama,Solitude,Billie Holiday
Cronopiosyfama,As Time Goes By,Dooley Wilson
Cronopiosyfama,Autumn Leaves,Eric Clapton
Cronopiosyfama,Rayuela,Gotan Project
Cronopiosyfama,Cheek To Cheek,Ella Fitzgerald
Cronopiosyfama,Allí Estás,Famasloop
Cronopiosyfama,La Vie en rose,Édith Piaf
Cronopiosyfama,I Won't Let You Go,Blues Busters
Cronopiosyfama,Sometimes I'm Happy,Johnny Guarnieri
Cronopiosyfama,Los Libros de la Buena Memoria,Lito Vitale
Cronopiosyfama,Yellow Dog Blues,Louis Armstrong
Cronopiosyfama,Je te laisserai des mots,Patrick Watson
Cronopiosyfama,Blues A Dos Mujeres,La Rue Morgue
Cronopiosyfama,Va a empezar a llover,Nacho Vegas
Cronopiosyfama,Fly Me To The Moon - 2008 Remastered,Frank Sinatra
Cronopiosyfama,Mandala del Olvido,Raul R. Sola (Rase)
Cronopiosyfama,Oblivion,Astor Piazzolla
Cronopiosyfama,I'm Coming Virginia,Frank Trumbauer And His Orchestra
Cronopiosyfama,Baby Doll,Bessie Smith
Cronopiosyfama,Get Back,Big Bill Broonzy
Cronopiosyfama,Nobody Knows You When You're Down and Out - 78rpm Version,Bessie Smith
Cronopiosyfama,Weather Bird,Louis Armstrong
Cronopiosyfama,What A Wonderful World,Louis Armstrong
Cronopiosyfama,Naima,John Coltrane
Cronopiosyfama,"Piano Sonata, Op. 1",Alban Berg
Cronopiosyfama,Greensleeves,Coleman Hawkins
Cronopiosyfama,Blue Skies,Art Tatum
Cronopiosyfama,When Your Lover Has Gone,Ben Webster
Cronopiosyfama,Jelly Bean Blues,Ma Rainey
Cronopiosyfama,Blue Moon,Billie Holiday
Cronopiosyfama,Besame Mucho,Dave Brubeck
Cronopiosyfama,Love Me Tender,Frank Sinatra
Cronopiosyfama,My Funny Valentine,Chet Baker
Cronopiosyfama,Juventud,Manto de Carne
Cronopiosyfama,Tis Autumn,Chet Baker
Cronopiosyfama,Cantata de Puentes Amarillos,Pescado Rabioso
Cronopiosyfama,I Believe to My Soul,Ray Charles
Cronopiosyfama,Ojos De Video Tape,Charly García
Cronopiosyfama,My Favorite Things,John Coltrane
Cronopiosyfama,In A Sentimental Mood,Ella Fitzgerald
Cronopiosyfama,Ac-Cent-Tchu-Ate The Positive - Single Version,Bing Crosby
Anime Beats,Yoruichi Tatakae,Tyler Clark
Anime Beats,Final Battle,Tyler Clark
Anime Beats,Moon Breath - Kokushibo,Tyler Clark
Anime Beats,Vegeta's Saiyan Pride (Vegeta vs Jiren) - Remix,Rifti Beats
Anime Beats,Mist Breath - Muichiro Tokito,Tyler Clark
Anime Beats,Rengoku Theme - Trap Remix,Musicality
Anime Beats,Water Breathing - Remix,Rifti Beats
Anime Beats,Survive and Get the Blade - Remix,Rifti Beats
Anime Beats,Roshi's Island,Rifti Beats
Anime Beats,My Hero Academia,Yuki Hayashi
Anime Beats,HERO A,Yuki Hayashi
Anime Beats,You Say Run,Yuki Hayashi
Anime Beats,My Hero Academia - United States of Smash - Remix,Rifti Beats
Anime Beats,Zenitsu Theme - Remix,Rifti Beats
Anime Beats,Hunter x Hunter - Legend of the Martial Artist - Remix,Rifti Beats
Anime Beats,Full Force Kamehameha - Remix,Rifti Beats
Anime Beats,Desperate Assault (Heroic Battle) - Remix,Rifti Beats
Anime Beats,See Me Now (Gohan Dragon Ball Super) - Instrumental Version,None Like Joshua
Anime Beats,My Hero Is Our Hero,Yuki Hayashi
Anime Beats,Symbol of Fear - Trap Remix,Lord Nekros
Anime Beats,Echo (Inst.),THE BOYZ
Anime Beats,Akaza Theme,Samuel Kim
Anime Beats,Rengoku vs Akaza Final Fight Theme,Samuel Kim
Anime Beats,Inosuke Theme,Samuel Kim
Anime Beats,Hashira Theme (Tengen Uzui),Samuel Kim
Anime Beats,Yoriichi Theme,Samuel Kim
Anime Beats,Giyu Tomioka Theme,Samuel Kim
Anime Beats,You Say Run (Might+U) - Epic Version,Samuel Kim
Anime Beats,Shinobu Kocho Theme,Samuel Kim
Anime Beats,Rengoku Theme,Samuel Kim
Anime Beats,"Zenitsu Theme (from ""Demon Slayer"")",Samuel Kim
Anime Beats,Rengoku Theme V2,Samuel Kim
Anime Beats,"Tanjiro's Dream Theme (From ""Demon Slayer: Mugen Train"") - Cover Version",Dude's Cover
Anime Beats,"Ten Commandments (Seven Deadly Sins) [feat. Daddyphatsnaps, Savvy Hyuga, Connor Quest!, GameboyJones, Rustage, DizzyEight, Chi-Chi, FrivolousShara, Dreaded Yasuke & Cloudjumper]",None Like Joshua
Anime Beats,Tengen Uzui Theme V2,Samuel Kim
Anime Beats,Todoroki,Musicality
Anime Beats,Ultra Instinct Theme - Remix,Rifti Beats
Anime Beats,Hunter X Hunter Holding A Card File - Trap Remix,Fery
Anime Beats,Goku Black Theme - Trap Remix,Musicality
Anime Beats,The Flying Nimbus,Rifti Beats
Anime Beats,Birth of a God - Remix,Rifti Beats
Anime Beats,Broly Theme - Remix,Rifti Beats
Anime Beats,Can You Feel My Hero,Tyler Clark
Anime Beats,Dragon Ball Z - Perfect Cell's Theme,Geek Music
Anime Beats,Vegeta's Limit Breaker,TrackGonEat
Anime Beats,Gohan's Anger,Musicality
Anime Beats,GigaChad - Ultra Instinct Version,Tyler Clark
Anime Beats,Show You My PR (Instrumental) [Demon Slayer GigaChad Song],None Like Joshua
Anime Beats,Jiren's Power,Tha J-SQUAD
Anime Beats,"United States of Smash! (From ""Boku no Hero Academia Season 3"")",Yuki Hayashi
Anime Beats,Super Hero (Dragon Ball Super),Musicality
Anime Beats,Dragon Ball Super - Ultra Instinct - Remix,Rifti Beats
Anime Beats,Akaza Theme - Trap Remix,Musicality
Anime Beats,All For One (My Hero Academia),Tyler Clark
Anime Beats,,
Anime Beats,Dragon Ball Z - Perfect Cell Theme - Remix,Lord Nekros
Anime Beats,Dragon Ball Super - Desperate Assault (Heroic Battle) - Remix,Lord Nekros
Anime Beats,Dragon Ball Super - Goku Black Theme - Remix,Lord Nekros
Anime Beats,Super Saiyan Blue - Trap Remix,Lord Nekros
Anime Beats,JoBros (JoJo's Bizarre Adventure) - Instrumental Version,None Like Joshua
Anime Beats,Zenitsu's Theme - Epic Version,Gareth Ryan
Anime Beats,Tengen Uzui Theme - Cover,Samuel Kim
Anime Beats,Vegeta's Super Saiyan Theme - Remix,Musicality
Anime Beats,RASETSU - Remix,Musicality
Anime Beats,Agni Kai - Trap Remix,Musicality
Anime Beats,Full Force Kamehameha,Musicality
Anime Beats,Show Them Why You're Better,Rais Shaikh
Anime Beats,BEYOND PAIN,SHINSGRAVE
Anime Beats,Falling For You - PHONK,Tyler Clark
Anime Beats,Benimaru Fire Force,Tyler Clark
Anime Beats,Final Boss - Instrumental,HalaCG
Anime Beats,Watch Me (Dabi My Hero Academia) - Instrumental,None Like Joshua
Anime Beats,Goku vs Hearts - Trap Remix,Lord Nekros
Anime Beats,Divine Retribution 3 - Trap Remix,Lord Nekros
Anime Beats,Super Buu - Trap Remix,Lord Nekros
Anime Beats,Gigantomachia - Trap Remix,Lord Nekros
Anime Beats,Yoriichi Theme (Demon Slayer),Bakrou
Anime Beats,"VEGETA SUPER SAIYAN THEME (From ""DRAGON BALL Z"") - REMIX",Bakrou
Anime Beats,Demon Slayer,Kazimu
Anime Beats,Kizuna no Kiseki,Rifti Beats
Anime Beats,Akaza Theme - Drill Remix,Musicality
Anime Beats,Tears Of The Kingdom Theme (Zelda) - Remix,Musicality
Anime Beats,Tanjiro,IruGuitar
Anime Beats,Akaza Entrance Theme S3 (Infinity Castle),Ashif N
Anime Beats,Spider-Man 2099 (Miguel O'Hara) - Remix,Musicality
ULTIMATE HEAVY WORKOUT,Hate,Drowning Pool
ULTIMATE HEAVY WORKOUT,Akudama,Alpha Wolf
ULTIMATE HEAVY WORKOUT,(no) way out,Alex Yarmak
ULTIMATE HEAVY WORKOUT,Snowblood,ERRA
ULTIMATE HEAVY WORKOUT,V as in Violence,Typherion
ULTIMATE HEAVY WORKOUT,The Cassandra Complex,Sewer Dwellers
ULTIMATE HEAVY WORKOUT,Final Hour,Siriun
ULTIMATE HEAVY WORKOUT,Distortion Sleep,Soilwork
ULTIMATE HEAVY WORKOUT,The Best Of Pain,Rebuild The Past
ULTIMATE HEAVY WORKOUT,Holy Roller,Spiritbox
ULTIMATE HEAVY WORKOUT,REALITY CHECK,Alex Yarmak
ULTIMATE HEAVY WORKOUT,God Is The Enemy,Cane Hill
ULTIMATE HEAVY WORKOUT,The Lonesome Tongues,Our Common Collapse
ULTIMATE HEAVY WORKOUT,Carrier,The Artificials
ULTIMATE HEAVY WORKOUT,Harrison Fjord,Haunted Shores
ULTIMATE HEAVY WORKOUT,Healing,Letters Sent
ULTIMATE HEAVY WORKOUT,LINA,Alex Yarmak
ULTIMATE HEAVY WORKOUT,START A FIGHT,GHØSTKID
ULTIMATE HEAVY WORKOUT,Kingslayer (feat. BABYMETAL),Bring Me The Horizon
ULTIMATE HEAVY WORKOUT,Metropolis,Awakening Sun
ULTIMATE HEAVY WORKOUT,Silence,MBP
ULTIMATE HEAVY WORKOUT,4D,Northlane
ULTIMATE HEAVY WORKOUT,Structural Wound,Disarmonia Mundi
ULTIMATE HEAVY WORKOUT,The Anomaly,Scar Symmetry
ULTIMATE HEAVY WORKOUT,Aggressive Evolution,Loathe
ULTIMATE HEAVY WORKOUT,Sync,Kingdom Of Giants
ULTIMATE HEAVY WORKOUT,Roots Grow Deep,Alex Yarmak
ULTIMATE HEAVY WORKOUT,Prancer,The Dillinger Escape Plan
ULTIMATE HEAVY WORKOUT,Pigs Ear,Emmure
ULTIMATE HEAVY WORKOUT,Takeover (feat. The Qemists),Zardonic
ULTIMATE HEAVY WORKOUT,Human Violence,Suicide Silence
ULTIMATE HEAVY WORKOUT,Back Inside the Glass,Code Orange
ULTIMATE HEAVY WORKOUT,Strength in Numbers?,Alex Yarmak
ULTIMATE HEAVY WORKOUT,Death from Above,Nothing Left
ULTIMATE HEAVY WORKOUT,Sworn Apart,Mark Morton
ULTIMATE HEAVY WORKOUT,Redneck,Lamb of God
ULTIMATE HEAVY WORKOUT,Get Up! (feat. Skrillex),Korn
ULTIMATE HEAVY WORKOUT,Blood Eagle,Periphery
ULTIMATE HEAVY WORKOUT,Bleed,Meshuggah
ULTIMATE HEAVY WORKOUT,I Suffocate,Varials
ULTIMATE HEAVY WORKOUT,8 Years,Kublai Khan TX
ULTIMATE HEAVY WORKOUT,In Due Time,Killswitch Engage
ULTIMATE HEAVY WORKOUT,5 AM,Alex Yarmak
ULTIMATE HEAVY WORKOUT,Crooked Floors,Comeback Kid
ULTIMATE HEAVY WORKOUT,Asphyxia Fiend,Dead And Divine
ULTIMATE HEAVY WORKOUT,Painfully Bored,My Ticket Home
ULTIMATE HEAVY WORKOUT,Distant,Behold the Void
ULTIMATE HEAVY WORKOUT,Shapeshifter (feat. Styles Of Beyond),Celldweller
ULTIMATE HEAVY WORKOUT,The Siren's Song,Parkway Drive
ULTIMATE HEAVY WORKOUT,Disciple,Slayer
ULTIMATE HEAVY WORKOUT,Gematria (The Killing Name),Slipknot
ULTIMATE HEAVY WORKOUT,Never Bury the Hatchet,Sons Of Texas
ULTIMATE HEAVY WORKOUT,The World Is a Thorn,Demon Hunter
ULTIMATE HEAVY WORKOUT,Spewn From The Earth,High On Fire
ULTIMATE HEAVY WORKOUT,Meet the Maker,Once Awake
ULTIMATE HEAVY WORKOUT,The Cell,Gojira
ULTIMATE HEAVY WORKOUT,I'm The Highway,In Flames
ULTIMATE HEAVY WORKOUT,You Will Never Be One of Us,Nails
ULTIMATE HEAVY WORKOUT,Waiting for the End,Alex Yarmak
ULTIMATE HEAVY WORKOUT,No Ordinary Love,Memphis May Fire
ULTIMATE HEAVY WORKOUT,Lucid,Polaris
ULTIMATE HEAVY WORKOUT,floating point,The Algorithm
ULTIMATE HEAVY WORKOUT,The River,Wage War
ULTIMATE HEAVY WORKOUT,Strength Beyond Strength,Pantera
ULTIMATE HEAVY WORKOUT,All Rise,Wovenwar
ULTIMATE HEAVY WORKOUT,The Saw Is the Law,Whitechapel
ULTIMATE HEAVY WORKOUT,The World Is Yours,Arch Enemy
ULTIMATE HEAVY WORKOUT,Hypocrisy,Sworn In
ULTIMATE HEAVY WORKOUT,Ghosts,Adaliah
ULTIMATE HEAVY WORKOUT,Eraser,Alex Yarmak
ULTIMATE HEAVY WORKOUT,Mikasa,Veil Of Maya
ULTIMATE HEAVY WORKOUT,Verminous,The Black Dahlia Murder
ULTIMATE HEAVY WORKOUT,Hollow,Heart Of A Coward
ULTIMATE HEAVY WORKOUT,Holy War,Thy Art Is Murder
ULTIMATE HEAVY WORKOUT,Not My Funeral,Children Of Bodom
ULTIMATE HEAVY WORKOUT,Colony,Bleed From Within
ULTIMATE HEAVY WORKOUT,In Waves,Trivium
ULTIMATE HEAVY WORKOUT,Die MF Die,Dope
ULTIMATE HEAVY WORKOUT,Monochrome,Alex Yarmak
ULTIMATE HEAVY WORKOUT,Forgiven,Disturbed
ULTIMATE HEAVY WORKOUT,Machine,Born Of Osiris
ULTIMATE HEAVY WORKOUT,One Man Army,SHVPES
ULTIMATE HEAVY WORKOUT,I'm Not Right,Tetrarch
ULTIMATE HEAVY WORKOUT,Head Mounted Sideways,VOLA
ULTIMATE HEAVY WORKOUT,"No Brother, No Friend",Justice For The Damned
ULTIMATE HEAVY WORKOUT,Empty Vessel,LIMBS
ULTIMATE HEAVY WORKOUT,Overconfidence,Tallah
ULTIMATE HEAVY WORKOUT,Texas Blood Money,Upon A Burning Body
ULTIMATE HEAVY WORKOUT,Thirty and Seven,August Burns Red
ULTIMATE HEAVY WORKOUT,Cafo,Animals As Leaders
ULTIMATE HEAVY WORKOUT,Synthetic Sun,Norma Jean
ULTIMATE HEAVY WORKOUT,Early Grave,Architects
ULTIMATE HEAVY WORKOUT,The Motherload,Mastodon
ULTIMATE HEAVY WORKOUT,Monolith,Crossfaith
ULTIMATE HEAVY WORKOUT,Chains,Alex Yarmak
ULTIMATE HEAVY WORKOUT,WESTBOUND & DOWN,Of Mice & Men
ULTIMATE HEAVY WORKOUT,The End Of The Line,Metallica
ULTIMATE HEAVY WORKOUT,This Day We Fight!,Megadeth
ULTIMATE HEAVY WORKOUT,Who's Your Maker?,A Primitive Evolution
Stromae's Favorite Tracks,Pon De Floor,Major Lazer
Stromae's Favorite Tracks,Angola (20th Anniversary Edition),Cesária Evora
Stromae's Favorite Tracks,Hangover (BaBaBa) (Original),Buraka Som Sistema
Stromae's Favorite Tracks,Special Delivery,G. Dep
Stromae's Favorite Tracks,Mona Ki Ngi Xica,Bonga
Stromae's Favorite Tracks,Marieta - son,Faustino Oramas
Stromae's Favorite Tracks,Hold Me Back,Rick Ross
Stromae's Favorite Tracks,Ambition (feat. Meek Mill & Rick Ross),Wale
Stromae's Favorite Tracks,Overgrown,James Blake
Stromae's Favorite Tracks,Inspector Norse,Todd Terje
Stromae's Favorite Tracks,FDB,Young Dro
Stromae's Favorite Tracks,Riverside,Agnes Obel
Stromae's Favorite Tracks,Hometown Glory,Adele
Stromae's Favorite Tracks,Signatune,DJ Mehdi
Stromae's Favorite Tracks,Roche,Sébastien Tellier
GYM PHONK,Psycho,KSLV Noh
GYM PHONK,GODMODE,4WHEEL
GYM PHONK,TECHNO KILLA,KUTE
GYM PHONK,IMMACULATE,VISXGE
GYM PHONK,vendetta!,MUPP
GYM PHONK,NEON BLADE,MoonDeity
GYM PHONK,AVOID ME,KUTE
GYM PHONK,HELLDRIFT 2,HXI
GYM PHONK,LAND OF FIRE,Kordhell
GYM PHONK,RAMPAGE,X-WAYNE
GYM PHONK,Twilight,GRAVECHILL
GYM PHONK,COURAGE,SHADXWBXRN
GYM PHONK,Destination,VØJ
GYM PHONK,Machiavelli,DAZI
GYM PHONK,BRAINSHOT,Pharmacist
GYM PHONK,SLAYER,Ya$h
GYM PHONK,BROKEN SPIRIT,MUPP
GYM PHONK,HYDRA,FORGOTTENAGE
GYM PHONK,DECIMATION,Eyez Hate U
GYM PHONK,DAMAGE,SHADXWBXRN
GYM PHONK,DEVIL SOUL,Phonk Killer
GYM PHONK,Toxic,SIDRENCHIK
GYM PHONK,KNIGHT,SHADXWBXRN
GYM PHONK,Phonky Town,PlayaPhonk
GYM PHONK,FATALITY,Kordhell
GYM PHONK,Dead on Arrival,KUTE
GYM PHONK,KILLKA,Ghostface Playa
GYM PHONK,Scopin,Kordhell
GYM PHONK,ADRENALIN,SHADXWBXRN
GYM PHONK,WARRIOR,SHADXWBXRN
GYM PHONK,UNHOLY,Dxrk ダーク
GYM PHONK,DOWNING ME,FORGOTTENAGE
GYM PHONK,Cruel,Nateki
GYM PHONK,MIND SPLIT,KUTE
GYM PHONK,Chaos,PLAYAMANE
GYM PHONK,MOST WANTED,$werve
GYM PHONK,To Hell and Back,RAIZHELL
GYM PHONK,ALCHEMY,MC ORSEN
GYM PHONK,RAVEN,Phonkha
GYM PHONK,RITUAL,MC ORSEN
GYM PHONK,BLAST,SHADXWBXRN
GYM PHONK,ZEP TEPI,Kordhell
GYM PHONK,PUSHER,Tokyomane
GYM PHONK,OPEN WOUNDS,SHADXWBXRN
GYM PHONK,BLOOD RACE,Ghostface Playa
GYM PHONK,DYNAMIC,SHADXWBXRN
Jazz,Skating In Central Park,Bill Evans
Jazz,Everything happens to me,Duke Jordan
Jazz,Blue And Sentimental,Oscar Peterson
Western Soundtracks Plus,A Fistful of Dollars,The City of Prague Philharmonic Orchestra
Western Soundtracks Plus,"The Good, The Bad and The Ugly - Il Buono, Il Brutto, Il Cattivo (Titles)",Ennio Morricone
Western Soundtracks Plus,For a Few Dollars More,The Film Score Orchestra
Western Soundtracks Plus,"My Name Is Nobody (From ""My Name Is Nobody"") - Main Theme",Ennio Morricone
Western Soundtracks Plus,"Se Sei Qualcuno È Colpa Mia (From ""My Name Is Nobody"")",Ennio Morricone
Western Soundtracks Plus,"A Professional Gun (From ""A Professional Gun / Il Mercenario"") - Ripresa Terza",Ennio Morricone
Western Soundtracks Plus,The Strong - Il Forte,Ennio Morricone
Western Soundtracks Plus,Pipeline,The Ventures
Western Soundtracks Plus,Apache - Stereo,The Ventures
Western Soundtracks Plus,The Lonely Bull - Stereo,The Ventures
Western Soundtracks Plus,Mexico - Stereo,The Ventures
Western Soundtracks Plus,Once Upon a Time in the West (The Man with the Harmonica),London Studio Orchestra
Western Soundtracks Plus,The Magnificent Seven,L'Orchestra Cinematique
Western Soundtracks Plus,The Return Of the Seven (Theme From the Film),Billy Jackson Orchestra
Western Soundtracks Plus,Rio Bravo,John Morgan Orquesta
Western Soundtracks Plus,"The Trio - Il Triello (From ""The Good, The Bad and the Ugly"")",Ennio Morricone
Western Soundtracks Plus,The Vice Of Killing,Hugo Montenegro & His Orchestra and Chorus
Western Soundtracks Plus,Diamond Head,The Ventures
Western Soundtracks Plus,Theme from Johnny Guitar,Soundtrack & Theme Orchestra
Western Soundtracks Plus,Theme from Hang 'em High,Soundtrack & Theme Orchestra
Western Soundtracks Plus,The Ecstasy of Gold - L'Estasi dell'Oro,Ennio Morricone
Western Soundtracks Plus,Mucchio selvaggio,Ennio Morricone
Western Soundtracks Plus,Giù la Testa - A Fistful of Dynamite,Ennio Morricone
Western Soundtracks Plus,High Plains Drifter,Starsound Orchestra
Western Soundtracks Plus,Italian Western Theme,Hollywood Film Music Orchestra
Western Soundtracks Plus,Deguello (No Quarter - Slit Throat) (The Alamo),The Original Movies Orchestra
Western Soundtracks Plus,Bonanza (Original Mix),The Original Movies Orchestra
Western Soundtracks Plus,The High Chaparral,The City of Prague Philharmonic Orchestra
Western Soundtracks Plus,Shane - Main Theme: The Call Of The Faraway Hills,The City of Prague Philharmonic Orchestra
Western Soundtracks Plus,Two Mules For Sister Sara,The City of Prague Philharmonic Orchestra
Western Soundtracks Plus,Spanish Guitars,Hollywood Film Music Orchestra
Western Soundtracks Plus,Riding the Range,Hollywood Film Music Orchestra
Western Soundtracks Plus,Man with No Name,Hollywood Film Music Orchestra
Western Soundtracks Plus,Who Draws First,Hollywood Film Music Orchestra
Western Soundtracks Plus,Into the Sunset,Hollywood Film Music Orchestra
Western Soundtracks Plus,Malaguena,Western Horizon
Western Soundtracks Plus,Theme From Johnny Guitar,Silver Screen Sounds
Western Soundtracks Plus,Theme From The Man From Laramie,Silver Screen Sounds
Western Soundtracks Plus,Spaghetti Western Lullaby,Stefano Fucili
Western Soundtracks Plus,Justice Must Be Done,Andrej Hrasko
Western Soundtracks Plus,Beautiful Eyes,Torfi Olafsson
Western Soundtracks Plus,Sundown at the Ok Corral,Jason Savell
Western Soundtracks Plus,Wanted Dead Or Alive,KnightsBridge
Western Soundtracks Plus,Spanish Tears,The Lowlanders
Western Soundtracks Plus,"Theme (From ""The Big Valley"")",The City of Prague Philharmonic Orchestra
Western Soundtracks Plus,"Main Title (From ""The Quick And The Dead"")",The City of Prague Philharmonic Orchestra
Western Soundtracks Plus,"Main Theme (From ""The Young Land"")",The City of Prague Philharmonic Orchestra
Western Soundtracks Plus,Shenandoah,The Ghost Rider Orchestra
Western Soundtracks Plus,The Call of the Far-Away Hills,Geoff Love
Western Soundtracks Plus,"The Grand Duel (from ""Kill Bill"")",Spaghetti Western Orchestra
Western Soundtracks Plus,Cowboys and Indians,Billy Strange
Western Soundtracks Plus,Dead Man's Hand,Wild West Gang
Western Soundtracks Plus,A Stranger Comes to Town,Wild West Gang
Western Soundtracks Plus,Gunslinger's Showdown,Wild West Gang
Western Soundtracks Plus,Quiet Evening Beside the Campfire,Wild West Gang
Western Soundtracks Plus,Wandering the Chisolm Trail,Wild West Gang
Western Soundtracks Plus,Romancing the Old West,Mike Stidolph
Western Soundtracks Plus,Draggin Saddles Theme,Alan Brian Curtis
Western Soundtracks Plus,Lone Rider,Hollywood Film Music Orchestra
Western Soundtracks Plus,Banjo Blue Too,Mike Eaves
Western Soundtracks Plus,Road Line,Francesco Accardo
Western Soundtracks Plus,Till We Meet Again,Michael Kobayashi
Western Soundtracks Plus,I Ride Alone,George and Marguerite
Western Soundtracks Plus,Six Gun Vengeance,Adam DiTroia
Western Soundtracks Plus,La Palo Desperado Frantic Intro Melodic Conclusion,Colin Tench
Western Soundtracks Plus,A Man a Horse a Gun - The Stranger Returns - Shoot First Laugh Last - Titles,Stelvio Cipriani
Western Soundtracks Plus,Una Colt in Mano al Diavolo (Main Title),Piero Piccioni
Western Soundtracks Plus,"Io non perdono, Uccido - Finals",Piero Piccioni
Western Soundtracks Plus,Ballata per Ringo,Bruno Nicolai
Western Soundtracks Plus,High Noon,Hollywood Film Music Orchestra
Western Soundtracks Plus,For the Love of Gold,Hollywood Film Music Orchestra
Western Soundtracks Plus,Fistful of Pesos,Hollywood Film Music Orchestra
Western Soundtracks Plus,Into the West,Hollywood Film Music Orchestra
Western Soundtracks Plus,"Blaze of Glory (From ""Young Guns Ii"")",The Classic String Orchestra
Western Soundtracks Plus,When the Sun Sets in Amarillo,Hollywood Film Music Orchestra
Western Soundtracks Plus,Last Battle,Hollywood Film Music Orchestra
Western Soundtracks Plus,The Wild West,Derek Fiechter
Western Soundtracks Plus,"Main Theme (From ""The Wild, Wild West"")",The City of Prague Philharmonic Orchestra
Western Soundtracks Plus,How The West Was Won,The Original Movies Orchestra
Western Soundtracks Plus,Zorro's Theme - Instrumental,James Horner
Western Soundtracks Plus,La Marca Del Zorro,Zorro
Western Soundtracks Plus,Romanza,Zorro
Western Soundtracks Plus,L'ultima tromba - Take 2,Ennio Morricone
Western Soundtracks Plus,Mexican Standoff,Hollywood Film Music Orchestra
Western Soundtracks Plus,Theme from El Mariachi,Rick del Castillo & R. Rodriguez
Western Soundtracks Plus,Anhelo I - Bolero,Gypsy Flamenco Masters
Western Soundtracks Plus,Moody Road - Sensual Romantic Rumba,Gypsy Flamenco Masters
Western Soundtracks Plus,One for the Bulls (Written for the TV Series Wild Boyz),Gypsy Flamenco Masters
Western Soundtracks Plus,Monotunos Amar,Joe Pignato
Western Soundtracks Plus,Hanging at High Noon,Hollywood Film Music Orchestra
Western Soundtracks Plus,Pancho Villa,Nurko Karabegovic
Western Soundtracks Plus,Bolero De Guitarras,Gary Wolk
Western Soundtracks Plus,(Theme From) Red Dead Redemption,Ben Morfitt (SquidPhysics)
Western Soundtracks Plus,The Path (A New Beginning),Gustavo Santaolalla
Western Soundtracks Plus,The Last of Us,Gustavo Santaolalla
Western Soundtracks Plus,Django - Instrumental Version,Luis Bacalov
Western Soundtracks Plus,The Dance,Spanish Guitar
Western Soundtracks Plus,Matador Ole,Spanish Guitar
Western Soundtracks Plus,The Alamo (Instrumental Version),Gianluca Zanna
P,夏野与暗恋,闫东炜
EMO NIGHT,Fat Lip,Sum 41
EMO NIGHT,Go Down in History,Four Year Strong
EMO NIGHT,Wasting Time (Eternal Summer),Four Year Strong
EMO NIGHT,The Anthem,Good Charlotte
EMO NIGHT,Sell Out,Reel Big Fish
EMO NIGHT,DONTTRUSTME,3OH!3
EMO NIGHT,Never Lose Your Flames,Issues
EMO NIGHT,Stay,Mayday Parade
EMO NIGHT,Jamie All Over,Mayday Parade
EMO NIGHT,"Oh Well, Oh Well",Mayday Parade
EMO NIGHT,Summer,Real Friends
EMO NIGHT,I've Given Up on You,Real Friends
EMO NIGHT,Late Nights in My Car,Real Friends
EMO NIGHT,Secrets,State Champs
EMO NIGHT,Elevated,State Champs
EMO NIGHT,Clairvoyant,The Story So Far
EMO NIGHT,Things I Can't Change,The Story So Far
EMO NIGHT,Nerve,The Story So Far
EMO NIGHT,Empty Space,The Story So Far
EMO NIGHT,Heavy Gloom,The Story So Far
EMO NIGHT,Mobbin' Out,I See Stars
EMO NIGHT,Disdain,Knuckle Puck
EMO NIGHT,No Good,Knuckle Puck
EMO NIGHT,Off with Her Head - 2013 Remaster,Ghost Town
EMO NIGHT,The Fallout,Crown The Empire
EMO NIGHT,Break the Cycle,Motionless In White
EMO NIGHT,You Want a Battle? (Here's a War),Bullet For My Valentine
EMO NIGHT,The Greatest Story Ever Told,Ice Nine Kills
EMO NIGHT,Shy Guys,Seaway
EMO NIGHT,The Summer,Citizen
EMO NIGHT,The Night I Drove Alone,Citizen
EMO NIGHT,Where I Left You,Man Overboard
EMO NIGHT,"Love Your Friends, Die Laughing",Man Overboard
EMO NIGHT,I Hope He Kills You,Handguns
EMO NIGHT,Losing Teeth,Neck Deep
EMO NIGHT,Growing Pains,Neck Deep
EMO NIGHT,What Did You Expect?,Neck Deep
EMO NIGHT,Blank Pages,Neck Deep
EMO NIGHT,Candour,Neck Deep
EMO NIGHT,Situations,Escape the Fate
EMO NIGHT,Don't Lean on Me,The Amity Affliction
EMO NIGHT,Open Letter,The Amity Affliction
EMO NIGHT,Stoner Girl (feat. Pat Brown),MOD SUN
EMO NIGHT,Middle Fingers Up,Attila
EMO NIGHT,Party with the Devil,Attila
EMO NIGHT,About That Life,Attila
EMO NIGHT,Trouble,Never Shout Never
EMO NIGHT,Can't Stand It,Never Shout Never
EMO NIGHT,Happy - EP Version,Never Shout Never
EMO NIGHT,cheatercheaterbestfriendeater,Never Shout Never
EMO NIGHT,On the Brightside - EP Version,Never Shout Never
EMO NIGHT,Bulletproof Love,Pierce The Veil
EMO NIGHT,Shadow Moses,Bring Me The Horizon
EMO NIGHT,Quicksand,The Story So Far
EMO NIGHT,STARSTRUKK (feat. Katy Perry),3OH!3
EMO NIGHT,first dance,Never Shout Never
EMO NIGHT,A Trophy Fathers Trophy Son,Sleeping With Sirens
EMO NIGHT,"Always Dirty, Never Clean",Anarbor
EMO NIGHT,Chasing Ghosts,The Amity Affliction
EMO NIGHT,We Are the Reasons,We Came As Romans
EMO NIGHT,Punisher,Reel Big Fish
EMO NIGHT,My Last Semester,The Wonder Years
EMO NIGHT,Stacy's Mom,Bowling For Soup
EMO NIGHT,King Of Amarillo,Issues
EMO NIGHT,Cool Kids,Echosmith
EMO NIGHT,I'm No Good,New Years Day
EMO NIGHT,The Press Corpse,Anti-Flag
EMO NIGHT,What I Got,Sublime
EMO NIGHT,Welcome to the Black Parade,My Chemical Romance
EMO NIGHT,Dirty Little Secret,The All-American Rejects
EMO NIGHT,Falling Down,Atreyu
EMO NIGHT,Teenagers,My Chemical Romance
EMO NIGHT,Take The Reigns,Tsunami Bomb
EMO NIGHT,I'm Shipping Up To Boston,Dropkick Murphys
EMO NIGHT,The Best Of Me,The Starting Line
EMO NIGHT,Hard Times,Paramore
EMO NIGHT,crushcrushcrush,Paramore
EMO NIGHT,Erased,Volumes
EMO NIGHT,Savages,Breathe Carolina
EMO NIGHT,If You Can't Hang,Sleeping With Sirens
EMO NIGHT,SECOND & SEBRING,Of Mice & Men
EMO NIGHT,18,Anarbor
EMO NIGHT,Shake It,Metro Station
EMO NIGHT,Lonely Eyes,The Front Bottoms
EMO NIGHT,forget me too (feat. Halsey),mgk
EMO NIGHT,When The Sun Goes Down,Arctic Monkeys
EMO NIGHT,Such Small Hands,La Dispute
EMO NIGHT,Everywhere I Go,Hollywood Undead
EMO NIGHT,"Sick, Sick, Sick",Bayside
EMO NIGHT,All Around Me,Flyleaf
EMO NIGHT,A Part of Me,Neck Deep
EMO NIGHT,King For A Day,Pierce The Veil
EMO NIGHT,Fashionably Late,Falling In Reverse
EMO NIGHT,All Signs Point To Lauderdale,A Day To Remember
EMO NIGHT,The Downfall Of Us All,A Day To Remember
EMO NIGHT,Came Out Swinging,The Wonder Years
EMO NIGHT,Breathe You In,Trophy Eyes
EMO NIGHT,The Artist In The Ambulance,Thrice
EMO NIGHT,"With Ears to See, and Eyes to Hear",Sleeping With Sirens
ANIME WORKOUT,unravel,TK from Ling tosite sigure
ANIME WORKOUT,紅蓮華,LiSA
ANIME WORKOUT,crossing field,LiSA
ANIME WORKOUT,Guren No Yumiya,Linked Horizon
ANIME WORKOUT,Shinzo wo Sasageyo !,Linked Horizon
ANIME WORKOUT,REMEMBER,Masto (coldrain)
ANIME WORKOUT,廻廻奇譚,Eve
ANIME WORKOUT,JoJo Pose,Apollo Fresh
ANIME WORKOUT,Cowboy Bebop Rap,Daddyphatsnaps
ANIME WORKOUT,THE DAY,PornoGraffitti
ANIME WORKOUT,"My War (From ""Attack on Titan"")",Miura Jam
ANIME WORKOUT,K21,Sawano Hiroyuki
ANIME WORKOUT,Ashes on The Fire(進撃の巨人 The Final Season Original Soundtrack),KOHTA YAMAMOTO
ANIME WORKOUT,Touch off,UVERworld
ANIME WORKOUT,Shinzou Wo Sasageyo (Attack on Titan),NateWantsToBattle
ANIME WORKOUT,You See Big Girl / T:T,Sawano Hiroyuki
ANIME WORKOUT,Rengoku vs Akaza Final Fight Theme,Samuel Kim
ANIME WORKOUT,Attack on Titan,Sawano Hiroyuki
ANIME WORKOUT,Boku no Sensou,Shinsei Kamattechan
ANIME WORKOUT,Smells Blood,Kensuke Ushio
ANIME WORKOUT,"Wild Side (From ""Beastars"")",CyYu
ANIME WORKOUT,il vento d'oro,Yugo Kanno
ANIME WORKOUT,Black Catcher,VK Blanka
ANIME WORKOUT,インフェルノ,Mrs. GREEN APPLE
ANIME WORKOUT,Giorno's Theme - Epic Version,Samuel Kim
ANIME WORKOUT,HUNTING FOR YOUR DREAM (TVサイズ),GALNERYUS
ANIME WORKOUT,Warhammer Titan Theme,Samuel Kim
ANIME WORKOUT,The Rumbling (TV Size),SiM
ANIME WORKOUT,Rengoku Theme,Samuel Kim
ANIME WORKOUT,Symphonicsuite (Aot) Part2-3rd: Before Lights Out,Sawano Hiroyuki
ANIME WORKOUT,Apetitan,Sawano Hiroyuki
ANIME WORKOUT,Eren's Berserk Theme,Samuel Kim
ANIME WORKOUT,"Jolyne Theme (from ""Stone Ocean"")",Samuel Kim
ANIME WORKOUT,Clavar La Espada (Bleach),Calmadò
ANIME WORKOUT,A Cruel Angel's Thesis,RichaadEB
ANIME WORKOUT,Hashira Theme (Tengen Uzui),Samuel Kim
ANIME WORKOUT,Armin Transformation x Pieck Squad Death,Samuel Kim
ANIME WORKOUT,NARUTO Main Theme,MUSASHI PROJECT
ANIME WORKOUT,KICK BACK,Kenshi Yonezu
ANIME WORKOUT,GOLDEN FIRE,PassCode
RAGE ON EM’,Rage 2,yellow pixie
RAGE ON EM’,スピードデーモン,HXVRMXN
RAGE ON EM’,Disaster,KSLV Noh
RAGE ON EM’,CITY LIGHT$,Cowbell Cult
RAGE ON EM’,DARK!,SXMPRA
RAGE ON EM’,Abyss,KSLV Noh
RAGE ON EM’,Function,6 Senz
RAGE ON EM’,Keraunos,PlayaPhonk
RAGE ON EM’,By the Sword,iamjakehill
RAGE ON EM’,KANJO KILLA,HXVRMXN
RAGE ON EM’,Ashes,BONES
RAGE ON EM’,Skrew,IGARASHI KANTA
RAGE ON EM’,I Chose Violence,iamjakehill
RAGE ON EM’,ULTRA VIOLET,Thouxanbanfauni
RAGE ON EM’,End of the World,FORGOTTENAGE
RAGE ON EM’,Bungee Gum,HAARPER
RAGE ON EM’,Japanese Stutter,Prompto
RAGE ON EM’,SUICIDE YEAR,WEEDMANE
RAGE ON EM’,Wasted (Nightcore),Murkish
RAGE ON EM’,Mario Judah,Rherherherh
RAGE ON EM’,Prey,Hensonn
RAGE ON EM’,Tokyo Revengers,MUPP
RAGE ON EM’,IN THE CLUB,Mishashi Sensei
RAGE ON EM’,Amnesia,LXST CXNTURY
RAGE ON EM’,CYA,Ghostface Playa
RAGE ON EM’,Psycho Pass,Xavier Wulf
RAGE ON EM’,CASINO,Grimlxck
RAGE ON EM’,This Feeling,my!lane
RAGE ON EM’,MYSTERIOUS,KSLV Noh
RAGE ON EM’,Override,KSLV Noh
RAGE ON EM’,Valhalla,FORGOTTENAGE
RAGE ON EM’,Sahara,Hensonn
RAGE ON EM’,Shadow Lady - DePaul Remix,Portwave
RAGE ON EM’,Suffer With Me,líue
RAGE ON EM’,Lost Orion,BLESSED MANE
RAGE ON EM’,evil empire,stevie vicious
RAGE ON EM’,Madara,roseboi
RAGE ON EM’,Graveyard Phonk,DeadJxhn
RAGE ON EM’,Spaceyard,DeadJxhn
RAGE ON EM’,PARADIGMA,MC ORSEN
RAGE ON EM’,Devil Ride,RAIZHELL
RAGE ON EM’,Killers From The Northside,Kordhell
RAGE ON EM’,Lost Forever,Sergio Valentino
RAGE ON EM’,Stereo Love,my!lane
RAGE ON EM’,AVOID ME,KUTE
RAGE ON EM’,did i stutter? - Instrumental Version,Oniichan Bruno
RAGE ON EM’,Lobotomy,KSLV Noh
RAGE ON EM’,TWIN DRAGONS,KSLV Noh
RAGE ON EM’,Dynamic,KSLV Noh
RAGE ON EM’,Live Another Day,Kordhell
RAGE ON EM’,Paradigma,MC ORSEN
RAGE ON EM’,Hotline,Kaito Shoma
RAGE ON EM’,Murder In My Mind,Kordhell
RAGE ON EM’,Wig Split,Kordhell
RAGE ON EM’,Nightwing,mxnarch
RAGE ON EM’,IMPERATOR,Lastfragment
RAGE ON EM’,CRYSTAL,Phonk Killer
RAGE ON EM’,Milky Way,Pharmacist
RAGE ON EM’,WARNING,MC ORSEN
RAGE ON EM’,Toxic,SIDRENCHIK
RAGE ON EM’,FTP,MUPP
RAGE ON EM’,UNHOLY,Dxrk ダーク
RAGE ON EM’,WTF!,SXMPRA
RAGE ON EM’,MIDNIGHT,PLAYAMANE
RAGE ON EM’,chichen itza,zecki
RAGE ON EM’,Nitro,PLAYAMANE
RAGE ON EM’,HORIZON,EVVORTEX
RAGE ON EM’,Phonk,RXLXNSLXW
RAGE ON EM’,Night of Death,RXLXNSLXW
RAGE ON EM’,BANKAI SHUNSUI X KISUKE (PHONK),Icykiddo
RAGE ON EM’,LVL DEATH,PSYCHOMANE
RAGE ON EM’,Scopin,Kordhell
RAGE ON EM’,Queen of Pain,VØJ
RAGE ON EM’,DEADLY HEIST,509 $icario
RAGE ON EM’,vendetta!,MUPP
RAGE ON EM’,NEON BLADE,MoonDeity
RAGE ON EM’,END OF STORY,509 $icario
RAGE ON EM’,MAKE MY KILL,$werve
RAGE ON EM’,AVOID ME 3,KUTE
RAGE ON EM’,PRINCE OF DARKNESS,SHADXWBXRN
RAGE ON EM’,AVOID ME 2,KUTE
RAGE ON EM’,PARADIGMA - REMIX,MC ORSEN
RAGE ON EM’,Swaggin' at the Partment,Ghostface Playa
RAGE ON EM’,DESTRUCTION,MC ORSEN
RAGE ON EM’,COWBELL WARRIOR!,SXMPRA
RAGE ON EM’,GODMODE,4WHEEL
RAGE ON EM’,Nullifier,TRVNSPORTER
RAGE ON EM’,SEPPUKU,LYFE4M
RAGE ON EM’,drift & lift,Yotora
RAGE ON EM’,ANUBIS,KUTE
RAGE ON EM’,Destroy,Maskmane
RAGE ON EM’,SHADOW,ONIMXRU
RAGE ON EM’,WORTH NOTHING,TWISTED
RAGE ON EM’,GODLIKE,$werve
RAGE ON EM’,$weet Rage,OFFL1NX
RAGE ON EM’,Paradise,SHPACKYOU$
RAGE ON EM’,Around The World,Ariis
RAGE ON EM’,Draco,framed
RAGE ON EM’,URBAN DDPAT,Pharmacist
PR OR ER,Under The Knife,Rise Against
PR OR ER,Stricken,Disturbed
PR OR ER,Chop Suey!,System Of A Down
PR OR ER,Psycho,Muse
PR OR ER,Ignorance,Paramore
PR OR ER,Bleed It Out,Linkin Park
PR OR ER,Headstrong,Trapt
PR OR ER,Hail to the King,Avenged Sevenfold
PR OR ER,Dead Cell,Papa Roach
PR OR ER,Dragula,Rob Zombie
PR OR ER,Savior,Rise Against
PR OR ER,Break Stuff,Limp Bizkit
PR OR ER,Chippin' In,SAMURAI
PR OR ER,The Devil's Bleeding Crown,Volbeat
PR OR ER,California Dreaming,Hollywood Undead
PR OR ER,I Will Not Bow,Breaking Benjamin
PR OR ER,Devil on My Shoulder,Billy Talent
PR OR ER,Before I Forget,Slipknot
PR OR ER,Breed,Nirvana
PR OR ER,Do Your Worst,Rival Sons
PR OR ER,Choke,Bury Tomorrow
PR OR ER,Cryin' Like A Bitch!!,Godsmack
PR OR ER,Fake It,Seether
PR OR ER,Vice Grip,Parkway Drive
PR OR ER,Asking for It,Shinedown
PR OR ER,DEVIL,Shinedown
PR OR ER,Killing Me Slowly,Bad Wolves
PR OR ER,Gears,Lamb of God
PR OR ER,Alone In A Room,Asking Alexandria
PR OR ER,You Never Know,Beartooth
PR OR ER,MANTRA,Bring Me The Horizon
PR OR ER,Psychosocial,Slipknot
PR OR ER,Sleepwalking,Bring Me The Horizon
PR OR ER,In Another Time,Disturbed
PR OR ER,Strife,Trivium
PR OR ER,By the Sword,iamjakehill
PR OR ER,Burn It to the Ground,Nickelback
PR OR ER,A Warrior's Call,Volbeat
PR OR ER,Joker And The Thief,Wolfmother
PR OR ER,Black Hole Sun,Soundgarden
PR OR ER,Unforgettable,Godsmack
PR OR ER,Can't You See,Black Stone Cherry
PR OR ER,"Go To Hell, For Heaven's Sake",Bring Me The Horizon
PR OR ER,One Step Closer,Linkin Park
PR OR ER,Another World,Gojira
PR OR ER,Cut the Cord,Shinedown
PR OR ER,Come And Get It,I Prevail
PR OR ER,Bulls On Parade,Rage Against The Machine
PR OR ER,Animals,Nickelback
PR OR ER,Indestructible,Disturbed
PR OR ER,Enemies,Shinedown
PR OR ER,Hell Yeah,Rev Theory
PR OR ER,Bullet With a Name,Nonpoint
PR OR ER,Bad Girlfriend,Theory of a Deadman
PR OR ER,Welcome Home,Coheed and Cambria
PR OR ER,Through the Fire and Flames,DragonForce
PR OR ER,Blow Me Away - Soundtrack Version,Breaking Benjamin
PR OR ER,Clarity,Attila
PR OR ER,I Don't Wanna Stop,Ozzy Osbourne
PR OR ER,Raise Hell,(Hed) P.E.
PR OR ER,Woman,Wolfmother
PR OR ER,Would You Still Be There,Of Mice & Men
PR OR ER,Anchor,Of Mice & Men
PR OR ER,Raised By Wolves,Falling In Reverse
PR OR ER,Erase The Pain,Palisades
PR OR ER,Prisoner,Dance Gavin Dance
PR OR ER,The Price of Agony,Fit For A King
PR OR ER,Subhuman,Attila
PR OR ER,White Nile,Born Of Osiris
PR OR ER,FEEL NOTHING,The Plot In You
PR OR ER,Wherever I May Roam,Metallica
PR OR ER,Bones Exposed,Of Mice & Men
PR OR ER,The Vengeful One,Disturbed
PR OR ER,Paranoia,A Day To Remember
PR OR ER,Duality,Slipknot
PR OR ER,Ten Thousand Fists,Disturbed
PR OR ER,Warrior,Disturbed
PR OR ER,Dream Thief,Phinehas
PR OR ER,Bloom,Of Mice & Men
PR OR ER,Unsainted,Slipknot
PR OR ER,Pain,Three Days Grace
PR OR ER,Riot,Three Days Grace
PR OR ER,Raining Blood,Slayer
PR OR ER,People = Shit,Slipknot
PR OR ER,Animal I Have Become,Three Days Grace
PR OR ER,"Well, Everybody's Fucking In A U.F.O.",Rob Zombie
PR OR ER,Phonk,RXLXNSLXW
PR OR ER,You're Going Down,SICK PUPPIES
PR OR ER,Lying from You,Linkin Park
PR OR ER,Feel So Numb,Rob Zombie
PR OR ER,Hole in the Earth,Deftones
PR OR ER,Addicted,Saving Abel
PR OR ER,The Red,Chevelle
PR OR ER,The Kill,Thirty Seconds To Mars
PR OR ER,Superbeast,Rob Zombie
PR OR ER,War Ender,ONI
PR OR ER,Scum Of The Earth,Rob Zombie
PR OR ER,Scars,I Prevail
PR OR ER,Around the Fur,Deftones
PR OR ER,Reincarnate,Motionless In White
1 Hour of Sad Jazz (Part 3),Fujiyama,The Dave Brubeck Quartet
1 Hour of Sad Jazz (Part 3),Glad to Be Unhappy,Paul Desmond
1 Hour of Sad Jazz (Part 3),"In Love, In Vain",Bill Evans Trio
1 Hour of Sad Jazz (Part 3),Waltz for J. B. - Live,Brad Mehldau
1 Hour of Sad Jazz (Part 3),Summer Nights,Benny Green
1 Hour of Sad Jazz (Part 3),Infant Eyes - Remastered1998/Rudy Van Gelder Edition,Wayne Shorter
1 Hour of Sad Jazz (Part 3),The Very Thought of You,Wynton Marsalis
1 Hour of Sad Jazz (Part 3),Lost Life (Live),Art Pepper
1 Hour of Sad Jazz (Part 3),Prelude To A Kiss,Duke Ellington
1 Hour of Sad Jazz (Part 3),You Don't Know What Love Is,Chet Baker
1 Hour of Sad Jazz (Part 3),For All We Know,Chet Baker
ELECTRONICORE,Vi Coactus,King Yosef
ELECTRONICORE,Wick,Silent Planet
ELECTRONICORE,PR,How Much Art
ELECTRONICORE,Weak and Predatory,Pain Magazine
ELECTRONICORE,Ни о чем не жалея,Loners
ELECTRONICORE,Coming Back Again,Black Magnet
ELECTRONICORE,N.O.V.A,Nova Twins
ELECTRONICORE,Lodestar,Alchemize
ELECTRONICORE,Plastic Melts...,Dark Bloom
ELECTRONICORE,The Only Heaven You'll Know,Caskets
ELECTRONICORE,The Masquerade - Zardonic & Toronto Is Broken Remix,CANTERVICE
ELECTRONICORE,Black Void,Abbie Falls
ELECTRONICORE,Freestyler,Artemis Rising
ELECTRONICORE,не понимаю,bariss
ELECTRONICORE,The Light,Neon Sky
ELECTRONICORE,Kesköödisko,Horror Dance Squad
ELECTRONICORE,Darvo | Inferno,BÖSE FUCHS
ELECTRONICORE,M.O.N.E.Y.,STESY
ELECTRONICORE,Cyberpsychosis,dEMOTIONAL
ELECTRONICORE,Join Us In Creating Excellence,Soulkeeper
ELECTRONICORE,ashing on my hand,6 Months to Live
ELECTRONICORE,it feels like the end,Blind Equation
ELECTRONICORE,you will know,Emma Aibara
ELECTRONICORE,Otherside,Mirrorcell
ELECTRONICORE,かるガルEveryday!!,花冷え。
ELECTRONICORE,splinters,FR3AK
ELECTRONICORE,BLK SHEEP,Oxymorrons
ELECTRONICORE,Die Alone,Glasslands
ELECTRONICORE,ガ (Ga),二口魔菜 Futakuchi Mana
ELECTRONICORE,WASHED,RinRin
ELECTRONICORE,BOW WOW,Ivy to Fraudulent Game
ELECTRONICORE,Red & Green,Shields
ELECTRONICORE,HYPEMACHINE,Nightlives
ELECTRONICORE,Small World Syndrome,WARGASM (UK)
ELECTRONICORE,Не вернуть,Jung
ELECTRONICORE,Undone,Daedric
ELECTRONICORE,Fake Faith,SoulKiller
ELECTRONICORE,Better Start Digging,Dark Divine
ELECTRONICORE,Daylight,Onsight
ELECTRONICORE,Silver Leaf,Esprit D'Air
ELECTRONICORE,New Man,Sakoya
ELECTRONICORE,Мы могли бы,I'll draw you
ELECTRONICORE,Some Things,Nevertel
ELECTRONICORE,S.E.X.Y. - Cover,EARON FOX
ELECTRONICORE,Locked In,Slow Rain
ELECTRONICORE,Wacken,The Butcher Sisters
ELECTRONICORE,Civil War,3TEETH
ELECTRONICORE,Noise,Burn Absolute
ELECTRONICORE,HAZE,Falling Asleep
ELECTRONICORE,FLOATING,dead7
ELECTRONICORE,Mirror Match,Lip Critic
ELECTRONICORE,Entropy,Assurance
ELECTRONICORE,Six Feet,"Drop Dead, Gorgeous"
ELECTRONICORE,Anaesthetist (+ Reso Remix Outro) - Live at Wembley,Enter Shikari
ELECTRONICORE,Activated,Born Of Osiris
ELECTRONICORE,Night Tripping,Black Magnet
ELECTRONICORE,Lønely,Main-De-Gloire
ELECTRONICORE,Oasis,Dreamwake
ELECTRONICORE,Faded,Throwaway
ELECTRONICORE,Kon! Kon! (feat. Bloodywood),BABYMETAL
ELECTRONICORE,New Age Cannibal,Not Enough Space
ELECTRONICORE,Ride Or Die,Rain City Drive
ELECTRONICORE,Creature In The Black Night,Dayseeker
ELECTRONICORE,i complain on r/metalcore,Attack Attack!
ELECTRONICORE,...Среди пыли,ShyFade
ELECTRONICORE,Summer Jam,Another Now
ELECTRONICORE,culture wound,We Came As Romans
ELECTRONICORE,We Got the Moves - RIOT Remix,Electric Bassboy
ELECTRONICORE,Somebody Else,Further Within
ELECTRONICORE,Beginning Of The End,ALESTI
ELECTRONICORE,Throne,Escape The Madness
ELECTRONICORE,Dark Obsession,CODE:WORDS
ELECTRONICORE,The Witching Hour,SFINX
ELECTRONICORE,Greenwash Me,The Dali Thundering Concept
ELECTRONICORE,Потанцуй со мной,Save Room
ELECTRONICORE,In This Trend - Wayne Adams Remix,Tayne
ELECTRONICORE,X_AXIS,Survive Said The Prophet
ELECTRONICORE,Слышишь,Море деревьев
ELECTRONICORE,Что такое тишина?,КЕН
ELECTRONICORE,Uh Yaya,vianova
ELECTRONICORE,DEUX,Fornicaras
ELECTRONICORE,MANUS,Calls Name Again
ELECTRONICORE,SPORT,DEXDBELL
ELECTRONICORE,Upside Down,Keeper
ELECTRONICORE,Heartbeat Signal,Revenira
ELECTRONICORE,Cry For Me,Maybsomeday
ELECTRONICORE,Flashback,Blind Equation
ELECTRONICORE,Beautiful Death,THENEWLEVEL
ELECTRONICORE,Grind Your Teeth,Dazey Doom
ELECTRONICORE,Philophobia,Sleeping Satellite
ELECTRONICORE,Molting Fear,King Yosef
ELECTRONICORE,whY.,CVLTE
ELECTRONICORE,Collide,Kingdom Of Giants
ELECTRONICORE,Notes In The Dark,TSS
ELECTRONICORE,Begin The Sacrifice,Fit For A King
ELECTRONICORE,Polaris,WAGAMAMA RAKIA
ELECTRONICORE,Геном,стртгм
ELECTRONICORE,BL4CK_M0LD,Silos
ELECTRONICORE,Dissociate,Everlyne
ELECTRONICORE,Callous,Daedric
PHONK AGRESIVO 🔱,Shut the fuck up,808 Official Music
PHONK AGRESIVO 🔱,Count It Up,808 Official Music
PHONK AGRESIVO 🔱,Highway,808 Official Music
PHONK AGRESIVO 🔱,Soldier,808 Official Music
PHONK AGRESIVO 🔱,Ray Bans On My Face,808 Official Music
PHONK AGRESIVO 🔱,BRINGITBACK,Lil Tytan
PHONK AGRESIVO 🔱,WILDIN,MELLIK
PHONK AGRESIVO 🔱,IJUSTWANNAKNOW,MELLIK
PHONK AGRESIVO 🔱,Deadby25,Ace Shadows
PHONK AGRESIVO 🔱,CUT IT UP,Limbo
PHONK AGRESIVO 🔱,VENOM,SYNEYE
PHONK AGRESIVO 🔱,Sulfur,SYNEYE
PHONK AGRESIVO 🔱,EVERY FUCKING RAPPER IN THE SCENE,Ace Shadows
PHONK AGRESIVO 🔱,COLD CASE,Limbo
PHONK AGRESIVO 🔱,Midnight Club: Drifting in Hell,Ace Shadows
PHONK AGRESIVO 🔱,Crucified,P41NNN
PHONK AGRESIVO 🔱,Lord of Flies,HYDRA
PHONK AGRESIVO 🔱,Absurd pt. 1,Holyrayne
PHONK AGRESIVO 🔱,Act Up,ShaggyTheAirhead
PHONK AGRESIVO 🔱,Aberrant,Carbine C
PHONK AGRESIVO 🔱,OV SIN & VIRTUE,Sinizter
PHONK AGRESIVO 🔱,ONLY DEATH IS REAL!,Sinizter
PHONK AGRESIVO 🔱,ELEVATE!,Sinizter
PHONK AGRESIVO 🔱,Severed Cerebral,Carbine C
PHONK AGRESIVO 🔱,Judas,Holyrayne
PHONK AGRESIVO 🔱,Fleshmask,HYDRA
PHONK AGRESIVO 🔱,ONE IN THE CHAMBER,Sinizter
PHONK AGRESIVO 🔱,Murder In My Mind,Kordhell
PHONK AGRESIVO 🔱,GHOST!,phonk.me
PHONK AGRESIVO 🔱,TAPOUT,Lil Tytan
PHONK AGRESIVO 🔱,MURDER PLOT,Kordhell
PHONK AGRESIVO 🔱,Most Wanted,Kaito Shoma
PHONK AGRESIVO 🔱,My List,ShaggyTheAirhead
PHONK AGRESIVO 🔱,TROJAN HORSE,Sinizter
PHONK AGRESIVO 🔱,SYSTEM32,RXPOSO99
PHONK AGRESIVO 🔱,GigaChad Theme - Phonk House Version,g3ox_em
PHONK AGRESIVO 🔱,Crystals,Isolate.exe
PHONK AGRESIVO 🔱,Stage Dive,Lil Tytan
PHONK AGRESIVO 🔱,IMMACULATE,VISXGE
PHONK AGRESIVO 🔱,HAYMAKER!,Sinizter
PHONK AGRESIVO 🔱,METAMORPHOSIS,INTERWORLD
PHONK AGRESIVO 🔱,BANKAI,DXNT L13
PHONK AGRESIVO 🔱,SHADOW,ONIMXRU
PHONK AGRESIVO 🔱,medusa!,MUPP
PHONK AGRESIVO 🔱,9 In My Hand - Fast & Furious: Drift Tape/Phonk Vol 1,Kordhell
PHONK AGRESIVO 🔱,NEON BLADE,MoonDeity
PHONK AGRESIVO 🔱,UPPERCUT!,Sinizter
PHONK AGRESIVO 🔱,LIFE ON REPEAT,Sinizter
PHONK AGRESIVO 🔱,COWBELL WARRIOR!,SXMPRA
PHONK AGRESIVO 🔱,Speak Up,Lil Tytan
PHONK AGRESIVO 🔱,ROGUE!,Sinizter
PHONK AGRESIVO 🔱,vendetta!,MUPP
PHONK AGRESIVO 🔱,MISS ME?,Kordhell
PHONK AGRESIVO 🔱,RUSSIAN AK 2k24 - Remastered,Sinizter
PHONK AGRESIVO 🔱,"ONE SHOT, ONE KILL",Sinizter
PHONK AGRESIVO 🔱,Sahara,Hensonn
PHONK AGRESIVO 🔱,SARCOPHAGUS,Sinizter
PHONK AGRESIVO 🔱,BXRSERK,Phontizzie
PHONK AGRESIVO 🔱,Phonky Trap,Suave Lee
PHONK AGRESIVO 🔱,REVENGE,Vincce
PHONK AGRESIVO 🔱,I Don't Give a Fuck,Ghostface Playa
PHONK AGRESIVO 🔱,Scary Garry,Kaito Shoma
PHONK AGRESIVO 🔱,9INE ELEVEN,Sinizter
PHONK AGRESIVO 🔱,KILLA!,SHADXWBXRN
PHONK AGRESIVO 🔱,Addiction & Self Destruction,Xdtdx
PHONK AGRESIVO 🔱,MIDNIGHT,PLAYAMANE
PHONK AGRESIVO 🔱,DARK LADY,KUTE
PHONK AGRESIVO 🔱,JUDGMENT NIGHT,HIDEOUS MORBID
PHONK AGRESIVO 🔱,"MAN, MYTH, LEGEND",Sinizter
PHONK AGRESIVO 🔱,ANUBIS,KUTE
PHONK AGRESIVO 🔱,RITUAL,MC ORSEN
PHONK AGRESIVO 🔱,OPEN WOUNDS,SHADXWBXRN
PHONK AGRESIVO 🔱,Why Not,Ghostface Playa
PHONK AGRESIVO 🔱,TRAGEDY,HIDEOUS MORBID
PHONK AGRESIVO 🔱,Override,KSLV Noh
PHONK AGRESIVO 🔱,Pop The Trunk,Lil Tytan
PHONK AGRESIVO 🔱,ULTRAVIOLENCE,SXMPRA
PHONK AGRESIVO 🔱,Headless Horseman,RXPOSO99
PHONK AGRESIVO 🔱,TECHNO KILLA,KUTE
PHONK AGRESIVO 🔱,KNIGHT II,KXNVRA
PHONK AGRESIVO 🔱,COURAGE,SHADXWBXRN
PHONK AGRESIVO 🔱,RAVE,Dxrk ダーク
PHONK AGRESIVO 🔱,LAND OF FIRE,Kordhell
PHONK AGRESIVO 🔱,SHOOTERS,FORGOTTENAGE
PHONK AGRESIVO 🔱,FTP,MUPP
PHONK AGRESIVO 🔱,Phonky Town,PlayaPhonk
PHONK AGRESIVO 🔱,INCOMING,MC ORSEN
PHONK AGRESIVO 🔱,AVOID ME,KUTE
PHONK AGRESIVO 🔱,Disaster,KSLV Noh
PHONK AGRESIVO 🔱,Keraunos,PlayaPhonk
PHONK AGRESIVO 🔱,Trunk,Phonk Killer
PHONK AGRESIVO 🔱,Twilight,GRAVECHILL
PHONK AGRESIVO 🔱,AVOID ME 2,KUTE
PHONK AGRESIVO 🔱,Dynamic,KSLV Noh
PHONK AGRESIVO 🔱,KNIGHT,SHADXWBXRN
PHONK AGRESIVO 🔱,WAKE UP!,MoonDeity
PHONK AGRESIVO 🔱,NIGHTMARE,KXNVRA
PHONK AGRESIVO 🔱,FATALITY,Kordhell
Monica Granda Gym Hype,Reasons,ÆSTRAL
Monica Granda Gym Hype,Blame,ÆSTRAL
Monica Granda Gym Hype,For Whom The Bell Tolls (Remastered),Metallica
Monica Granda Gym Hype,Survival of the Fittest,Mobb Deep
Monica Granda Gym Hype,"Shook Ones, Pt. II",Mobb Deep
Monica Granda Gym Hype,Legend,Tevvez
Monica Granda Gym Hype,Fall Apart,Tearz
Monica Granda Gym Hype,Byrd,HDBeenDope
Monica Granda Gym Hype,Pressure,Tevvez
Monica Granda Gym Hype,After Life (feat. Stacy Barthe),Tchami
Monica Granda Gym Hype,Dead To Me (Ft. Lox Chatterbox),Fraxo
Monica Granda Gym Hype,Greek Gods,Tevvez
Monica Granda Gym Hype,The Grinch,Trippie Redd
Monica Granda Gym Hype,LED,OmenXIII
Monica Granda Gym Hype,Die a King,iamjakehill
Monica Granda Gym Hype,Floor 555,XXXTENTACION
Monica Granda Gym Hype,Legacy,Tevvez
Monica Granda Gym Hype,See You at the End,Abandoned
Monica Granda Gym Hype,Beyond,Mendum
Monica Granda Gym Hype,Dimensions,Last Heroes
Monica Granda Gym Hype,On Your Mind,Kaskade
Monica Granda Gym Hype,Astronaut In The Ocean,Masked Wolf
Monica Granda Gym Hype,Monster,Meek Mill
Monica Granda Gym Hype,Heart Attack,Scarlxrd
Monica Granda Gym Hype,I duckinf hatw you,Ghostemane
Monica Granda Gym Hype,Eclipse,Last Heroes
Monica Granda Gym Hype,Love Sosa,Chief Keef
Monica Granda Gym Hype,"Work REMIX (feat. A$AP Rocky, French Montana, Trinidad James & ScHoolboy Q)",A$AP Ferg
Monica Granda Gym Hype,Nekozilla,Different Heaven
Monica Granda Gym Hype,Mercury: Retrograde,Ghostemane
Monica Granda Gym Hype,8 Years,Kublai Khan TX
Monica Granda Gym Hype,No Hands (feat. Roscoe Dash & Wale),Waka Flocka Flame
Monica Granda Gym Hype,The Hammer,Kublai Khan TX
Monica Granda Gym Hype,From The D To The A (feat. Lil Yachty),Tee Grizzley
Monica Granda Gym Hype,First Day Out,Tee Grizzley
Monica Granda Gym Hype,Before I Forget,Slipknot
Monica Granda Gym Hype,MUKANJYO,Survive Said The Prophet
Monica Granda Gym Hype,Stardust Crusaders,Yugo Kanno
Monica Granda Gym Hype,カワキヲアメク,美波
Monica Granda Gym Hype,Ignite - Ahrix Remix,K-391
Monica Granda Gym Hype,Psychosocial,Slipknot
Monica Granda Gym Hype,Memory of You,Feed Her to the Sharks
Monica Granda Gym Hype,Dreams and Nightmares,Meek Mill
Monica Granda Gym Hype,Look At Me!,XXXTENTACION
Monica Granda Gym Hype,Ghostface Killers (feat. Travis Scott),21 Savage
Monica Granda Gym Hype,Hustle,Landyn
Monica Granda Gym Hype,Duality,Slipknot
Monica Granda Gym Hype,Link,Jim Yosef
Monica Granda Gym Hype,Fearless Pt. II,Lost Sky
Monica Granda Gym Hype,Miss YOU!,CORPSE
Monica Granda Gym Hype,Fed Up,Ghostemane
Monica Granda Gym Hype,Cold Hearted,Seven Lions
Monica Granda Gym Hype,Hell on Earth (Front Lines),Mobb Deep
Solwave - Best of,Full Circle,George FitzGerald
Solwave - Best of,Want You In My Soul - Club Mix,Lovebirds
Solwave - Best of,Lovery - Slow Cuban Vibe,Tuccillo
Solwave - Best of,Test & Recognise - Flume Re-work,Seekae
Solwave - Best of,Nobody But You,George FitzGerald
Solwave - Best of,Calibre,Sean Branton
Solwave - Best of,Wave - Locked Groove Remix,Rone
Solwave - Best of,8AM,Murtagh
Solwave - Best of,Vallut Bass,AKA AKA
Solwave - Best of,My Light,Kaskade
Solwave - Best of,Upperground,ARTBAT
Solwave - Best of,Chlodie - Lumidelic Remix,Anlaya Project
Solwave - Best of,All I Want,Bob Moses
Solwave - Best of,Call It Love (If You Want To),George FitzGerald
Solwave - Best of,Starting Again,&ME
Solwave - Best of,9 Years - DJ Koze Remix,Roman Flügel
Solwave - Best of,Mystery - Tale Of Us & Mathame Remix,Adriatique
Solwave - Best of,Home,Adriatique
Solwave - Best of,Sleepless Nights,Cristoph
Solwave - Best of,Aquarius,ARTBAT
Solwave - Best of,Points Beyond,Cubicolor
Solwave - Best of,Eye of the Storm,Hot Since 82
Solwave - Best of,Mariposa - Bedouin Remix,CANU
Solwave - Best of,Natur - Satori Remix,Alejandro Castelli
Solwave - Best of,Elephants - Original Mix,PHCK
Solwave - Best of,Desert Rose - Original Mix,PHCK
Solwave - Best of,Aura,Avoure
Solwave - Best of,Antigone - Yotto Remix,Joris Voorn
Solwave - Best of,To the Sea - Einmusik Remix,Booka Shade
Solwave - Best of,Odd One Out,YOTTO
Solwave - Best of,Waste Tomorrow,Rodriguez Jr.
Solwave - Best of,Underwater - Adam Port Remix,RÜFÜS DU SOL
Solwave - Best of,Innerbloom,RÜFÜS DU SOL
Solwave - Best of,Innerbloom - Lane 8 Remix,RÜFÜS DU SOL
Solwave - Best of,Sundream,RÜFÜS DU SOL
Solwave - Best of,Pan,Tim Engelhardt
Solwave - Best of,Chymera,Tim Engelhardt
Solwave - Best of,So Close,Kidnap
Solwave - Best of,Start Again,Kidnap
Solwave - Best of,Would You Kill (4 Me)?,Maya Jane Coles
Solwave - Best of,Something In The Air - Bonobo Remix,Maya Jane Coles
Solwave - Best of,Cirrus,Bonobo
Solwave - Best of,Bambro Koyo Ganda,Bonobo
Solwave - Best of,6000 Ft.,Bonobo
Solwave - Best of,Spellbound,Justin Faust
Solwave - Best of,Minilogue,Johannes Albert
Solwave - Best of,Meine,Daso
Solwave - Best of,Start The Engine,Joris Delacroix
Solwave - Best of,Tough Love - Cyril Hahn Remix,Jessie Ware
Solwave - Best of,Howling - Âme Remix,Howling
Solwave - Best of,Bind,Howling
Solwave - Best of,Shortline - Frank Wiedemann Remix,Howling
Solwave - Best of,Space Me Out - Mario Basanov Remix,Downtown Party Network
Solwave - Best of,I See Myself in You,Mano Le Tough
Solwave - Best of,Holding On (feat. Bob Moses),Frank & Tony
Solwave - Best of,The Strange Silence,John Talabot
Solwave - Best of,Snooze 4 Love - Dixon Remix,Todd Terje
Solwave - Best of,At the right pace,VONDA7
Solwave - Best of,Sugarbites,Martin Roth
Solwave - Best of,The Future,Tom Flynn
Solwave - Best of,A Thousand Nights - Original Mix,Gregor Tresher
Solwave - Best of,Overtones - Extended Mix,Frost
Solwave - Best of,Dove Sei - Original Vinyl Only Version,Lovebirds
Solwave - Best of,Road To Nowhere,KAS:ST
Solwave - Best of,Freaking Me Out,Ritonn
Solwave - Best of,Packard - Giorgia Angiuli Remix,Oliver Schories
Solwave - Best of,Leave With You,2XM
Solwave - Best of,The Magic in Her Eyes,2XM
Solwave - Best of,The Beauty,David Hasert
Solwave - Best of,Touch,The Mekanism
Solwave - Best of,Aviar Alom,Mees Dierdorp
Solwave - Best of,Our Odyssey,Youandewan
Solwave - Best of,Moments,Falden
Solwave - Best of,Gotta Let You Go - Original '95 Club Mix,Dominica
Solwave - Best of,Father Ocean - Ben Böhmer Remix Edit,Monolink
Solwave - Best of,Moments - Ben Böhmer & Nils Hoffmann Remix,Kidnap
Solwave - Best of,23,Shadow Child
Solwave - Best of,Satellite,Rodriguez Jr.
Solwave - Best of,SFB - Edit,Cristoph
Solwave - Best of,Flare,Einmusik
Solwave - Best of,As I Sleep (feat. Charlee) [BODÉ Remix] - Club Mix,Tobtok
Solwave - Best of,The First Time Free - Claptone Remix,Ultra Naté
Solwave - Best of,Trainmann - Tensnake Franceman Mix,Lauer
Solwave - Best of,Ripple - Ludvig Holm Deep Mix,Ludvig Holm
Solwave - Best of,Sunlight (feat. Years & Years) - Radio Edit,The Magician
Solwave - Best of,Cold Light,KC Lights
Solwave - Best of,Girl,KC Lights
Solwave - Best of,Strobe - Lane 8 Remix,deadmau5
Solwave - Best of,Aba,Lane 8
Solwave - Best of,Road,Lane 8
Solwave - Best of,Visions,Lane 8
Solwave - Best of,Run,Lane 8
Solwave - Best of,Tensions,Lindstrøm
Solwave - Best of,Boney M Down,Lindstrøm
Solwave - Best of,The Flute Song - Paul Kalkbrenner Remix,Kid Simius
Solwave - Best of,Hypercolour,CamelPhat
Solwave - Best of,Nervous Tics - DJ Tennis Remix,Maribou State
Solwave - Best of,Rituals - Sasha Remix,Maribou State
Solwave - Best of,Amae - Sasha fabric1999 Mix,BAILE
Solwave - Best of,No Mantra - Original Mix,Tibi Dabo
ANIME GYM HYPE PLAYLIST,The Rumbling,SiM
ANIME GYM HYPE PLAYLIST,Ashes on The Fire -PTV-,KOHTA YAMAMOTO
ANIME GYM HYPE PLAYLIST,K21,Sawano Hiroyuki
ANIME GYM HYPE PLAYLIST,Apetitan,Sawano Hiroyuki
ANIME GYM HYPE PLAYLIST,Under the Tree,SiM
ANIME GYM HYPE PLAYLIST,ピースサイン,Kenshi Yonezu
ANIME GYM HYPE PLAYLIST,ODD FUTURE,UVERworld
ANIME GYM HYPE PLAYLIST,ポラリス,BLUE ENCOUNT
ANIME GYM HYPE PLAYLIST,Guren no Yumiya,Linked Horizon
ANIME GYM HYPE PLAYLIST,自由の翼,Linked Horizon
ANIME GYM HYPE PLAYLIST,心臓を捧げよ！,Linked Horizon
ANIME GYM HYPE PLAYLIST,Red Swan,YOSHIKI
ANIME GYM HYPE PLAYLIST,憧憬と屍の道,Linked Horizon
ANIME GYM HYPE PLAYLIST,again,YUI
ANIME GYM HYPE PLAYLIST,the WORLD,NIGHTMARE
ANIME GYM HYPE PLAYLIST,crossing field,LiSA
ANIME GYM HYPE PLAYLIST,シルエット,KANA-BOON
ANIME GYM HYPE PLAYLIST,Skyreach,Sora Amamiya
ANIME GYM HYPE PLAYLIST,ブルーバード,Ikimonogakari
ANIME GYM HYPE PLAYLIST,RISE,MADKID
ANIME GYM HYPE PLAYLIST,FAITH,MADKID
ANIME GYM HYPE PLAYLIST,99,MOB CHOIR
ANIME GYM HYPE PLAYLIST,Refrain Boy,ALL OFF
ANIME GYM HYPE PLAYLIST,アカシア,BUMP OF CHICKEN
ANIME GYM HYPE PLAYLIST,99.9,MOB CHOIR
ANIME GYM HYPE PLAYLIST,紅蓮華,LiSA
ANIME GYM HYPE PLAYLIST,ADAMAS,LiSA
ANIME GYM HYPE PLAYLIST,ジョジョ〜その血の運命,Hiroaki Tommy Tominaga
ANIME GYM HYPE PLAYLIST,廻廻奇譚,Eve
ANIME GYM HYPE PLAYLIST,インフェルノ,Mrs. GREEN APPLE
ANIME GYM HYPE PLAYLIST,Boku no Sensou - TV Size,Shinsei Kamattechan
ANIME GYM HYPE PLAYLIST,三原色,PELICAN FANCLUB
ANIME GYM HYPE PLAYLIST,Good Morning World!,BURNOUT SYNDROMES
ANIME GYM HYPE PLAYLIST,No.1,DISH//
ANIME GYM HYPE PLAYLIST,Cry Baby,OFFICIAL HIGE DANDISM
ANIME GYM HYPE PLAYLIST,明け星,LiSA
ANIME GYM HYPE PLAYLIST,VIVID VICE,Who-ya Extended
ANIME GYM HYPE PLAYLIST,Paradisus-Paradoxum,MYTH & ROID
ANIME GYM HYPE PLAYLIST,MUKANJYO (TV size),Survive Said The Prophet
ANIME GYM HYPE PLAYLIST,火炎,QUEEN BEE
ANIME GYM HYPE PLAYLIST,ホログラム,NICO Touches the Walls
ANIME GYM HYPE PLAYLIST,"VIVID VICE (from ""Jujutsu Kaisen"")",Studio Yuraki
ANIME GYM HYPE PLAYLIST,"Again (From ""Fullmetal Alchemist: Brotherhood"")",NateWantsToBattle
ANIME GYM HYPE PLAYLIST,"Gurenge (From ""Demon Slayer"")",NateWantsToBattle
ANIME GYM HYPE PLAYLIST,Polaris,NateWantsToBattle
ANIME GYM HYPE PLAYLIST,My Hero Academia,Musicality
ANIME GYM HYPE PLAYLIST,Kamado Tanjiro no Uta - Remix,Rifti Beats
ANIME GYM HYPE PLAYLIST,Ultra Instinct Theme - Remix,Rifti Beats
ANIME GYM HYPE PLAYLIST,Opening Theme - Remix,Rifti Beats
ANIME GYM HYPE PLAYLIST,il vento d'oro,Yugo Kanno
ANIME GYM HYPE PLAYLIST,2 Heros,Yuki Hayashi
ANIME GYM HYPE PLAYLIST,Cowboy Bebop Rap,Daddyphatsnaps
ANIME GYM HYPE PLAYLIST,You See Big Girl / T:T,Sawano Hiroyuki
ANIME GYM HYPE PLAYLIST,Attack on Titan - Season 4 Theme - Remix,Rifti Beats
ANIME GYM HYPE PLAYLIST,Ashes on The Fire (Attack on Titan The Final Season Original Soundtrack),KOHTA YAMAMOTO
ANIME GYM HYPE PLAYLIST,Jujutsu Kaisen Opening (Kaikai Kitan),Rifti Beats
ANIME GYM HYPE PLAYLIST,それいけさらに向こうへ,Yuki Hayashi
ANIME GYM HYPE PLAYLIST,Impatience,Hiroaki Tsutsumi
ANIME GYM HYPE PLAYLIST,A VS B,Yuki Hayashi
ANIME GYM HYPE PLAYLIST,Death Note - L's Theme,Rifti Beats
ANIME GYM HYPE PLAYLIST,Attack on Titan (Season 4) Theme - Remix,Rifti Beats
ANIME GYM HYPE PLAYLIST,Naruto Main Theme - Trap Remix,Musicality
ANIME GYM HYPE PLAYLIST,My War (Attack on Titan),Musicality
ANIME GYM HYPE PLAYLIST,Jujutsu Kaisen,Musicality
ANIME GYM HYPE PLAYLIST,Before my body is dry,Sawano Hiroyuki
ANIME GYM HYPE PLAYLIST,Suck your blood,Sawano Hiroyuki
ANIME GYM HYPE PLAYLIST,ヒーロー活動推奨プロジェクト,Yuki Hayashi
ANIME GYM HYPE PLAYLIST,JUJUTSU KAISEN,Hiroaki Tsutsumi
ANIME GYM HYPE PLAYLIST,Boogie Woogie,照井順政
ANIME GYM HYPE PLAYLIST,Hollow Purple,Alisa Okehazama
ANIME GYM HYPE PLAYLIST,Möbius,Sawano Hiroyuki
ANIME GYM HYPE PLAYLIST,XI,Sawano Hiroyuki
ANIME GYM HYPE PLAYLIST,俺が君のヒーローになる,Yuki Hayashi
ANIME GYM HYPE PLAYLIST,Warhammer Titan Theme,Samuel Kim
ANIME GYM HYPE PLAYLIST,Symphonicsuite (Aot) Part2-1st: Attack on Titan (Wmid),Sawano Hiroyuki
ANIME GYM HYPE PLAYLIST,君の力,Yuki Hayashi
ANIME GYM HYPE PLAYLIST,不動の剣,Yutaka Yamada
ANIME GYM HYPE PLAYLIST,オール･フォー･ワン,Yuki Hayashi
ANIME GYM HYPE PLAYLIST,ワン･フォー･オールVSオール･フォー･ワン,Yuki Hayashi
ANIME GYM HYPE PLAYLIST,Symphonicsuite (Aot) Part2-5th: Apple Seed,Sawano Hiroyuki
ANIME GYM HYPE PLAYLIST,Symphonicsuite (Aot) Part2-3rd: Before Lights Out,Sawano Hiroyuki
ANIME GYM HYPE PLAYLIST,Gohan's Anger,Musicality
ANIME GYM HYPE PLAYLIST,One Punch Man - Saitama's Theme - Remix,Rifti Beats
ANIME GYM HYPE PLAYLIST,Golden Frieza Theme,Friedrich Habetler
ANIME GYM HYPE PLAYLIST,Rengoku Theme,Samuel Kim
ANIME GYM HYPE PLAYLIST,great escape,cinema staff
ANIME GYM HYPE PLAYLIST,REMEMBER,Masto (coldrain)
ANIME GYM HYPE PLAYLIST,[104EYES-29CA2]suite-2楽章,Sawano Hiroyuki
ANIME GYM HYPE PLAYLIST,k1ll◎iLL,Sawano Hiroyuki
ANIME GYM HYPE PLAYLIST,The Raising Fighting Spirit,Aku
ANIME GYM HYPE PLAYLIST,Dragon Ball Super - Vegito Blue Theme - Remix,Rifti Beats
ANIME GYM HYPE PLAYLIST,RASETSU - Remix,Musicality
ANIME GYM HYPE PLAYLIST,This Is Revenge,Hiroaki Tsutsumi
ANIME GYM HYPE PLAYLIST,Tokyo Revengers -Main Theme-,Hiroaki Tsutsumi
ANIME GYM HYPE PLAYLIST,Fire Force -Main Theme-,Kenichiro Suehiro
ANIME GYM HYPE PLAYLIST,Death Note - Low of Solipsism - Remix,Rifti Beats
ANIME GYM HYPE PLAYLIST,My Hero Academia - Red Riot Theme - Remix,Rifti Beats
ANIME GYM HYPE PLAYLIST,Mob Psycho 100 - Explosion of Mob Feelings - Remix,Rifti Beats
ANIME GYM HYPE PLAYLIST,thunderBOLTfantasy,Sawano Hiroyuki
ANIME GYM HYPE PLAYLIST,KINGDOM - DUE,Sawano Hiroyuki
HURTWORLD '99,HURTWORLD '99,City Morgue
HURTWORLD '99,We Are! - Epic Version,Carameii
HURTWORLD '99,BEASTFUL,GRANRODEO
HURTWORLD '99,Wano Theme (Drums of Liberation),Carameii
HURTWORLD '99,Dat $tick,Rich Brian
HURTWORLD '99,Shadow Moses,Bring Me The Horizon
HURTWORLD '99,Can You Feel My Heart,Bring Me The Horizon
HURTWORLD '99,Parasite Eve,Bring Me The Horizon
HURTWORLD '99,A Shot In The Dark,A Day To Remember
HURTWORLD '99,Walk,Pantera
HURTWORLD '99,Before I Forget,Slipknot
HURTWORLD '99,勇ある者たち,Yasuharu Takanashi
HURTWORLD '99,うちはイタチ,Yasuharu Takanashi
HURTWORLD '99,THE HERO !! ～怒れる拳に火をつけろ～,JAM Project
HURTWORLD '99,DREAMIN' ON,Da-iCE
HURTWORLD '99,Demons Are a Girl's Best Friend (feat. Alissa White-Gluz),Powerwolf
HURTWORLD '99,Twenties,Ghost
HURTWORLD '99,War Eternal,Arch Enemy
HURTWORLD '99,The Lion From The North,Sabaton
HURTWORLD '99,PTT (Paint The Town),LOONA
HURTWORLD '99,Teardrops,Bring Me The Horizon
HURTWORLD '99,THE BADDEST,K/DA
HURTWORLD '99,Rats,Ghost
HURTWORLD '99,Shiroyama,Sabaton
HURTWORLD '99,Sunset over the Empire,Arch Enemy
HURTWORLD '99,Throne,Bring Me The Horizon
HURTWORLD '99,Rip & Tear,Mick Gordon
HURTWORLD '99,Vagabond,Ghostemane
HURTWORLD '99,Legends Never Die,League of Legends
HURTWORLD '99,RISE,League of Legends
HURTWORLD '99,波斯,VaVa
HURTWORLD '99,我的新衣 (feat. Ty. & 王倩倩),VaVa
HURTWORLD '99,HOT DEMON B!TCHES NEAR U ! ! !,CORPSE
HURTWORLD '99,Astronaut In The Ocean,Our Last Night
HURTWORLD '99,edamame - Diplo Remix,bbno$
HURTWORLD '99,Fallout,Masked Wolf
HURTWORLD '99,SOLVED THE PROBLEM,Comethazine
HURTWORLD '99,vendetta!,MUPP
HURTWORLD '99,Pillar Men Theme (Awaken),Samuel Kim
HURTWORLD '99,Pump It,Electric Callboy
HURTWORLD '99,We Got the Moves,Electric Callboy
HURTWORLD '99,One Reason,Raiden
HURTWORLD '99,Hypa Hypa,Electric Callboy
HURTWORLD '99,Silent & Grey,ÆSTRAL
HURTWORLD '99,Money In The Grave (Drake ft. Rick Ross),Drake
HURTWORLD '99,BEAT INSANO (AUTOMOTIVO),S4nri0
HURTWORLD '99,Goat Talk (Sugar Sean),J.Rob The Chief
HURTWORLD '99,Arlekino (Geoffrey Day Remix),Geoffplaysguitar
HURTWORLD '99,Xanadu,Ummet Ozcan
HURTWORLD '99,Goodness Gracious,BABY GRAVY
HURTWORLD '99,"Under Star (From ""Hajime no Ippo"")",Miura Jam
HURTWORLD '99,Spaceman (feat. FiNCH),Electric Callboy
HURTWORLD '99,Rollin' (Air Raid Vehicle),Limp Bizkit
HURTWORLD '99,Duality,Slipknot
HURTWORLD '99,Kingslayer (feat. BABYMETAL),Bring Me The Horizon
HURTWORLD '99,BUSHIDO,Lil Darkie
BAKI MODE,PHONKY TOWN,PlayaPhonk
BAKI MODE,Haunted House,Kaito Shoma
BAKI MODE,Rainy Night Drive,PRXSXNT FXTURE
BAKI MODE,Void,Mvko
BAKI MODE,SWiTCHBLADES,Burgos
BAKI MODE,TOKYO DRIFT,PRXSXNT FXTURE
BAKI MODE,Swaggin' at the Partment,Ghostface Playa
BAKI MODE,Pussy Nigga,HXDVKILLA
BAKI MODE,Gold Glocks,Mvko
BAKI MODE,LICK,PHONK WALKER
BAKI MODE,All I See Is Blood,Pharmacist
BAKI MODE,CHARMANDER,HAARPER
BAKI MODE,Wtf U Mean,HAARPER
BAKI MODE,WAVE,Phonk Killer
BAKI MODE,Lights Out,Evilmane
BAKI MODE,Legend,Tevvez
BAKI MODE,Disaster,KSLV Noh
BAKI MODE,Second Runnin',Ya$h
BAKI MODE,Below Zero,SLVG
BAKI MODE,Drop da Clutch,HXVRMXN
BAKI MODE,Raimus Street,BRVTHVMVNX
BAKI MODE,She Been Fxckxng,PRXSXNT FXTURE
BAKI MODE,Devil 666,DeadJxhn
BAKI MODE,war all night,Incontinenza
BAKI MODE,Graveyard,Ghostface Playa
BAKI MODE,HOLY SMOKES!,SXMPRA
BAKI MODE,Back Stabbin,IGARASHI KANTA
BAKI MODE,I GOT BANNED FROM HEAVEN II,SXMPRA
BAKI MODE,Phonky Trap,Suave Lee
BAKI MODE,Grey Magic,$uicideboy$
BAKI MODE,Redrum,SXMPRA
BAKI MODE,I Got Banned from Heaven,SXMPRA
BAKI MODE,DARK!,SXMPRA
BAKI MODE,NIGHTMARE,SXMPRA
BAKI MODE,RAMPAGE,SXMPRA
BAKI MODE,THE SEEKER,SXMPRA
BAKI MODE,Twilight,GRAVECHILL
BAKI MODE,murder case,$werve
BAKI MODE,TANDEM,7oh2
BAKI MODE,South,HXVRMXN
BAKI MODE,Spaceyard,DeadJxhn
BAKI MODE,Horror,REDZED
BAKI MODE,young,$werve
BAKI MODE,Live Another Day,Kordhell
BAKI MODE,SNOW,SXMPRA
BAKI MODE,Behelit,IKIRU
BAKI MODE,VIRTUOSO,Sinizter
BAKI MODE,On a 5th,JGRXXN
BAKI MODE,Shakey x off these drugs,ShakeyFunnyAzz
BAKI MODE,Crystal Lake,JGRXXN
BAKI MODE,Dope In My Fuckin' Head,Ghostface Playa
BAKI MODE,On Da Lowkey,Ghostface Playa
BAKI MODE,VENGEANCE,Jadeci
BAKI MODE,Boomerang,Don Krez
BAKI MODE,Demon Drift,glexks
BAKI MODE,WE DON'T PLAY,Sinizter
BAKI MODE,massacre,Skidz
BAKI MODE,Touge,oskalizator.
BAKI MODE,Fed Up,Ghostemane
BAKI MODE,1000 Rounds,Ghostemane
BAKI MODE,Death by Dishonor,Ghostemane
BAKI MODE,LED,OmenXIII
BAKI MODE,NOSTRADAMUS,Sinizter
BAKI MODE,BRAINZ!,Lord Gasp
BAKI MODE,TRIPLESIX MEMPHIS,6YNTHMANE
BAKI MODE,Phonk DriftCrashDie,Yavomag
BAKI MODE,Grayscale,$uicideboy$
BAKI MODE,The Backrooms,JGRXXN
BAKI MODE,Aki,YTD
BAKI MODE,Poppin Really,Nate Rose
BAKI MODE,War Time,Artz
BAKI MODE,Voice Of God,Reptilian God Mana
BAKI MODE,Fountain of Youth,Reptilian God Mana
BAKI MODE,Drown,OmenXIII
BAKI MODE,Shadow Lady,Portwave
BAKI MODE,Forsaken Me,MSDOX
BAKI MODE,Faceless,Ghostface Playa
BAKI MODE,Take Your Time,Ghostface Playa
BAKI MODE,Doom,PRXSXNT FXTURE
BAKI MODE,When I Grow Up,NF
BAKI MODE,COWBELL WARRIOR!,SXMPRA
BAKI MODE,FEEL NOTHING,The Plot In You
BAKI MODE,Yakuza,do not resurrect
BAKI MODE,By the Sword,iamjakehill
BAKI MODE,Break Yosef,Ramirez
BAKI MODE,BEYOND THE GRAVE,SXMPRA
BAKI MODE,Cold Blood Warm Nights,Faceless 1-7
BAKI MODE,Baryon Mode,Mvko
BAKI MODE,Catastrophic,gizmo
BAKI MODE,Smoking What the Reaper Leaving,Faceless 1-7
BAKI MODE,"Six Men, One Casket",Craig Xen
BAKI MODE,20th CENTURION,$uicideboy$
BAKI MODE,Coke White Cruise Ship,Jupiter$ Tyrade
BAKI MODE,DICK4EVERYONE!,KXLLSWXTCH
BAKI MODE,MY MIND,Cameron Azi
BAKI MODE,Extinction,Killstation
BAKI MODE,Sunken City,XZARKHAN
BAKI MODE,B.ZERO,HAARPER
BAKI MODE,Salem,Velsser
BAKI MODE,Grip,Velsser
Entrenando como Baki,RIP Roach,XXXTENTACION
Entrenando como Baki,Disaster,KSLV Noh
Entrenando como Baki,beauty bomb (slowed + reverbed),blyden
Entrenando como Baki,Фонк для бега,Ya$h
Entrenando como Baki,ТАЙМАУТ,Nikitata
Entrenando como Baki,The Opps,Bigworm
Entrenando como Baki,Amnesia,La Santa Grifa
Entrenando como Baki,Mercury: Retrograde,Ghostemane
Entrenando como Baki,Phonky Town,PlayaPhonk
Entrenando como Baki,Dead To Me - Slow + Reverb,Whales
Entrenando como Baki,INCOMING,MC ORSEN
Entrenando como Baki,Close Eyes - Slowed + Reverb,DVRST
Entrenando como Baki,Close Eyes,DVRST
Entrenando como Baki,I duckinf hatw you,Ghostemane
Entrenando como Baki,Stay With Me,1nonly
Entrenando como Baki,You Say Run,Yuki Hayashi
Entrenando como Baki,Can You Feel My Heart,Bring Me The Horizon
Entrenando como Baki,"Welcome to the Party (with French Montana & Lil Pump, feat. Zhavia Ward) - from Deadpool 2",Diplo
Entrenando como Baki,False Alarm,The Weeknd
Entrenando como Baki,chinatown!,22december
Entrenando como Baki,Life Ain't Fair,B3Y0NDA110DD$
Entrenando como Baki,Heart Attack,Scarlxrd
Entrenando como Baki,Don't Play,Jaeger
Entrenando como Baki,SX SAD,Scarlxrd
Entrenando como Baki,Do You Believe in God?,$uicideboy$
Entrenando como Baki,HOUSE,PRXSXNT FXTURE
Entrenando como Baki,shinigami,8percent
Entrenando como Baki,SUICIDE YEAR,WEEDMANE
Entrenando como Baki,Smells Blood,Kensuke Ushio
Entrenando como Baki,in heat.,Hentai Xander
Entrenando como Baki,Trap Anthem,MC Virgins
Entrenando como Baki,AVOID ME,KUTE
Entrenando como Baki,IMPERVIOUS,$werve
Entrenando como Baki,BAKI,37R
Entrenando como Baki,OLD GENESIS - Remix,PHONK WALKER
Entrenando como Baki,Override,KSLV Noh
Entrenando como Baki,Chase,KSLV Noh
Entrenando como Baki,The Rumbling,SiM
Entrenando como Baki,RAVE,Dxrk ダーク
Entrenando como Baki,NEW MAGIC WAND,"Tyler, The Creator"
Entrenando como Baki,Lost,Crim3s
Entrenando como Baki,All Alone,Freddie Dredd
Entrenando como Baki,WTH,Freddie Dredd
Entrenando como Baki,Live Another Day,Kordhell
Entrenando como Baki,MIDNIGHT,PLAYAMANE
Entrenando como Baki,Keraunos,PlayaPhonk
Entrenando como Baki,By the Sword,iamjakehill
Entrenando como Baki,Awareness,MoonDeity
Entrenando como Baki,Scary Garry,Kaito Shoma
Entrenando como Baki,NEON BLADE,MoonDeity
Entrenando como Baki,Twilight,GRAVECHILL
Entrenando como Baki,Wrath,Freddie Dredd
Entrenando como Baki,Devil Eyes,ZODIVK
Entrenando como Baki,Defcon,PANICX
Entrenando como Baki,Blood Oceans (How Many?),Ghostemane
Entrenando como Baki,WARNING - Sped Up,MC ORSEN
Entrenando como Baki,Phonky Trap,Suave Lee
Entrenando como Baki,swerxxed draco,fr4me Archive
Entrenando como Baki,Call Me - Slowed,plenka
Entrenando como Baki,SHADOW - Slowed + Reverb,ONIMXRU
Entrenando como Baki,Dream Space - Sped Up,DVRST
Entrenando como Baki,Magic night,Khaos Lan
Entrenando como Baki,Override - Sped up,KSLV Noh
Entrenando como Baki,When I Drop,16 Cupid
Entrenando como Baki,Murder In My Mind - Sped Up,Kordhell
Entrenando como Baki,Tough Psycho,yatashigang
Entrenando como Baki,Die For You,VALORANT
Entrenando como Baki,,
Entrenando como Baki,Doc Martens,1nonly
Entrenando como Baki,Vaulet,PRXSXNT FXTURE
Entrenando como Baki,vendetta! - sped up,MUPP
Entrenando como Baki,AFTERLIFE,CYREX
Entrenando como Baki,help_urself,Ezekiel
Entrenando como Baki,WORTH NOTHING - Fast & Furious: Drift Tape/Phonk Vol 1,TWISTED
Entrenando como Baki,GigaChad Theme (Phonk House Version) - Slowed,g3ox_em
Entrenando como Baki,TOXIC,YOUNGX777
Entrenando como Baki,DEVIL MEAN,HOSPICEMANE
Entrenando como Baki,Одна,АДЛИН
Entrenando como Baki,Endlessly Ride (Speed Up),SWXZZY
Entrenando como Baki,HEAR ME,VØJ
Entrenando como Baki,Hurt,Maikubi
Entrenando como Baki,BLADE,VOLT VISION
Entrenando como Baki,Cold Lie,Scythermane
Entrenando como Baki,Take Me Away,Somber
Entrenando como Baki,Dream Wave,STXRZ
Entrenando como Baki,YA DIG,unxbected
Entrenando como Baki,NEON BLADE 2,MoonDeity
Entrenando como Baki,WAKE UP!,MoonDeity
Entrenando como Baki,Intro: A Soldier's Rage (Bonus Track),Gilz
Entrenando como Baki,Kaneki x Whatever It Takes (Hardstyle),AniLifts
Entrenando como Baki,my soldiers rage.,fwsatoru
Entrenando como Baki,Berserk x Legends Never Die Hardstyle,AniLifts
Entrenando como Baki,Advance Hardstyle,Maul
Entrenando como Baki,Menace,Sione
Entrenando como Baki,BOROS - Sped Up,VISXGE
Entrenando como Baki,S1KE (SPED UP),Ariis
Entrenando como Baki,DEADLY HEIST,509 $icario
Entrenando como Baki,MURDER PLOT - Sped Up,Kordhell
Entrenando como Baki,I Am Atomic,Istrontum
Fallout Cañí,Se Tiene Que Ir,Tijeritas
Fallout Cañí,Anduriña (feat. Joan Manuel Serrat) - 2012 Remastered Version,Juan Pardo
Fallout Cañí,El Baul de los Recuerdos,Karina
Fallout Cañí,"Tres Cosas (Salud, Dinero y Amor)",Los Stop
Fallout Cañí,Romeo y Julieta,Karina
Fallout Cañí,Soy Gitano,Camaron De La Isla
Fallout Cañí,Esperanza,Antonio Machín
Fallout Cañí,Dile - Remastered,Luis Aguile
Fallout Cañí,Gavilán o Paloma,Pablo Abraira
Fallout Cañí,Quisiera ser,Duo Dinamico
Fallout Cañí,El imperio contraataca,LOS NIKIS
Fallout Cañí,Ataque Preventivo de la U.R.S.S.,Polanski y el Ardor
Fallout Cañí,¡Fantasmas! (Bugui Humorístico),Franz Joham
Fallout Cañí,Lola Puñales - Remastered,Concha Piquer
Fallout Cañí,En tierra extraña,Concha Piquer
Fallout Cañí,Un Beso Y Una Flor,Nino Bravo
Fallout Cañí,Mi Querida España,Cecilia
Fallout Cañí,Vivir Así Es Morir de Amor,Camilo Sesto
Fallout Cañí,Resistiré,Duo Dinamico
Fallout Cañí,Un rayo de sol (Fernando) - 2015 Remastered Version,Los Diablos
Fallout Cañí,Eva Maria,Formula V
Fallout Cañí,Corazón Contento,Marisol
Fallout Cañí,Las flechas del amor - Little Arrows,Karina
Fallout Cañí,Mi gran noche,Raphael
Fallout Cañí,Háblame de Ti,Pecos
Fallout Cañí,"La, La, La",Massiel
Fallout Cañí,Tómbola,Marisol
Fallout Cañí,"Help, áyudame",Tony Ronald
Fallout Cañí,Que Se Mueran los Feos,Los Sirex
Fallout Cañí,Vivo Cantando,Salomé
Fallout Cañí,La fiesta,Karina
Fallout Cañí,La Barbacoa,Georgie Dann
Fallout Cañí,Es una Lata el Trabajar (La Vida Pasa Felizmente) - Remastered,Luis Aguile
Fallout Cañí,All My Loving,Los Manolos
Fallout Cañí,Hay Quel Venir al Sur,Raffaella Carrà
Fallout Cañí,Soy minero,Antonio Molina
Fallout Cañí,Campanera,Joselito
Fallout Cañí,Voces de otros mundos - 2015 Remaster,Los Pasos
Fallout Cañí,Carmina Vacaloura,Maestro Reverendo E A Sua Orquestra Antabus
Fallout Cañí,Qué dolor,Raffaella Carrà
Fallout Cañí,Saca el guisky cheli,Desmadre 75
Bajona Mix,Gloomy Sunday (with Teddy Wilson & His Orchestra) - Take 1,Billie Holiday
Bajona Mix,Hurt,Johnny Cash
Bajona Mix,The Sound of Silence,Simon & Garfunkel
Bajona Mix,"Brother, Can You Spare a Dime? (with Lenny Hayton & His Orchestra)",Bing Crosby
Bajona Mix,Oh Danny Boy,"Dale Tippett, Jr"
Bajona Mix,Maricas,Los Punsetes
Bajona Mix,Comfortably Numb - 2011 Remastered Version,Pink Floyd
Bajona Mix,Mother - 2011 Remastered Version,Pink Floyd
Bajona Mix,House of the Rising Sun,The Animals
Bajona Mix,Space Oddity - 1999 Remaster,David Bowie
Bajona Mix,Mad World,Gary Jules
Bajona Mix,Texas,Tigres Leones
Bajona Mix,No Tengo Ganas de Ser Gracioso,Daniel Higiénico
Bajona Mix,Wish You Were Here - 2011 Remastered Version,Pink Floyd
Bajona Mix,Little Drop Of Poison,Tom Waits
Bajona Mix,Hold On,Tom Waits
Bajona Mix,Downtown Train,Tom Waits
Bajona Mix,Ahora Que La Mierda Ya Me Llega Hasta Los Ojos,Espaldamaceta
Fallout 4 Classic Radio,"Consolation No. 3 in D-Flat Major, S. 172/3",Franz Liszt
Fallout 4 Classic Radio,"The Planets, Op. 32: Mars, the Bringer of War",Gustav Holst
Fallout 4 Classic Radio,"Peer Gynt, Op. 23: Morning Mood",Edvard Grieg
Fallout 4 Classic Radio,"Salut d'amour, Op. 12",Edward Elgar
Fallout 4 Classic Radio,"Peer Gynt, Op. 23: IV. In the Hall of the Mountain King",Edvard Grieg
Fallout 4 Classic Radio,Sorochintsy Fair: Gopak (Hopak),Modest Mussorgsky
Fallout 4 Classic Radio,"Ballade No.1 in G minor, Op.23",Frédéric Chopin
Fallout 4 Classic Radio,"Scheherezade, Op. 35: I. The Sea and Sinbad's Ship",Nikolai Rimsky-Korsakov
Fallout 4 Classic Radio,"String Quartet No. 12 in E-Flat Major, Op. 127: I. Maestoso - Allegro",Ludwig van Beethoven
Fallout 4 Classic Radio,"Die Walkure, Act III: Ride of the Valkyries",Richard Wagner
Fallout 4 Classic Radio,"Nocturne No. 2 in E-Flat Major, Op. 9 No. 2",Frédéric Chopin
Fallout 4 Classic Radio,Gymnopédie No. 1,Erik Satie
Fallout 4 Classic Radio,"The Carnival of the Animals, R. 125: XIII. The Swan (Arr. for Cello and Piano)",Camille Saint-Saëns
Fallout 4 Classic Radio,"Debussy: Suite bergamasque, CD 82, L. 75: III. Clair de lune",Claude Debussy
Fallout 4 Classic Radio,"8 Humoresques, Op. 101, B. 187: No. 7, Poco lento e grazioso (Transcribed by Oscar Morawetz for Violin, Cello & Orchestra)",Antonín Dvořák
Fallout 4 Classic Radio,"Tragische Ouvertüre, Op. 81",Johannes Brahms
Fallout 4 Classic Radio,"Trois Polkas de Salon, Op. 7: III. Polka in E major",Bedřich Smetana
Fallout 4 Classic Radio,"Suite e-moll (orig. Lautensuite), BWV 996: Courante",Johann Sebastian Bach
Fallout 4 Classic Radio,Nocturnes : 1. Nuages,Claude Debussy
Fallout 4 Classic Radio,"Ballade No. 1 in G Minor, Op. 23",Frédéric Chopin
Fallout 4 Classic Radio,"Piano Sonata in F Minor, L 383",Domenico Scarlatti
Fallout 4 Classic Radio,"Chopin: Nocturne No. 8 in D-Flat Major, Op. 27 No. 2",Frédéric Chopin
Fallout 4 Classic Radio,"Nocturne No. 1 in B flat minor, Op. 9 No. 1",Frédéric Chopin
Fallout 4 Classic Radio,"Marche slave (Slavonic March), Op. 31",Pyotr Ilyich Tchaikovsky
Fallout 4 Classic Radio,"Arabesque, L. 66: No. 1",Claude Debussy
Fallout 4 Classic Radio,"Piano Sonata No. 14 in C-Sharp Minor, Op. 27 No. 2 ""Moonlight Sonata"": I. Adagio sostenuto",Ludwig van Beethoven
Fallout 4 Classic Radio,Liebestraum,Franz Liszt
Malianteo,Bar,TINI
Malianteo,Adan y Eva,Paulo Londra
Malianteo,Jangueo,Anuel AA
Malianteo,"Ptazeta: Bzrp Music Sessions, Vol. 45",Bizarrap
Malianteo,El Señor de la Noche,Don Omar
Malianteo,Ella Y Yo - Featuring Don Omar,Aventura
Malianteo,Noche De Sexo,Wisin & Yandel
Malianteo,Pobre Diabla,Don Omar
Malianteo,Saoko - Remix,ROSE BEAT
Malianteo,YIN YAN,Duki
Malianteo,El Manual,Anuel AA
Malianteo,Una Vaina Loca,Fuego
Malianteo,Safari,J Balvin
Malianteo,Salimo de Noche,Tiago PZK
Malianteo,Atrévete-Te-Te,Calle 13
Malianteo,"L-Gante: Bzrp Music Sessions, Vol.38",Bizarrap
Malianteo,"Quevedo: Bzrp Music Sessions, Vol. 52",Bizarrap
Malianteo,BOOKER T,Bad Bunny
Malianteo,Traductor,Tiago PZK
Malianteo,Traicionero (feat. Cromo X),C. Tangana
Malianteo,Shaky Shaky,Daddy Yankee
Malianteo,Llamado de Emergencia,Daddy Yankee
★HEY~ROCK★ ® M.R,Toxicity,System Of A Down
★HEY~ROCK★ ® M.R,Like a Rolling Stone,Bob Dylan
★HEY~ROCK★ ® M.R,Breakfast In America - Remastered,Supertramp
★HEY~ROCK★ ® M.R,Wish You Were Here,Pink Floyd
★HEY~ROCK★ ® M.R,Where Is My Mind?,Pixies
★HEY~ROCK★ ® M.R,Is This It,The Strokes
★HEY~ROCK★ ® M.R,"Hey, Hey, What Can I Do - Remaster",Led Zeppelin
★HEY~ROCK★ ® M.R,Roxanne - Remastered 2003,The Police
★HEY~ROCK★ ® M.R,Every Breath You Take - Remastered 2003,The Police
★HEY~ROCK★ ® M.R,Otherside,Red Hot Chili Peppers
★HEY~ROCK★ ® M.R,Take It Easy - 2013 Remaster,Eagles
★HEY~ROCK★ ® M.R,Comfortably Numb,Pink Floyd
★HEY~ROCK★ ® M.R,I Want To Break Free - Single Remix,Queen
★HEY~ROCK★ ® M.R,Sex on Fire,Kings of Leon
★HEY~ROCK★ ® M.R,Use Somebody,Kings of Leon
★HEY~ROCK★ ® M.R,Paint It Black,The Rolling Stones
★HEY~ROCK★ ® M.R,Another One Bites The Dust - Remastered 2011,Queen
★HEY~ROCK★ ® M.R,Hey Joe,Jimi Hendrix
★HEY~ROCK★ ® M.R,People Are Strange,The Doors
★HEY~ROCK★ ® M.R,Knockin' On Heaven's Door,Guns N' Roses
★HEY~ROCK★ ® M.R,Here Comes The Sun - Remastered,The Beatles
★HEY~ROCK★ ® M.R,Twist And Shout - Remastered,The Beatles
★HEY~ROCK★ ® M.R,Something - Remastered,The Beatles
★HEY~ROCK★ ® M.R,Oh! Darling - Remastered,The Beatles
★HEY~ROCK★ ® M.R,Let It Be - Remastered,The Beatles
★HEY~ROCK★ ® M.R,Hold the Line,TOTO
★HEY~ROCK★ ® M.R,Mr. Blue Sky,Electric Light Orchestra
★HEY~ROCK★ ® M.R,I Was Made For Lovin' You,KISS
★HEY~ROCK★ ® M.R,The Logical Song - Remastered 2010,Supertramp
★HEY~ROCK★ ® M.R,Piano Man,Billy Joel
★HEY~ROCK★ ® M.R,Machu Picchu,The Strokes
★HEY~ROCK★ ® M.R,The Pretender,Foo Fighters
★HEY~ROCK★ ® M.R,Best of You,Foo Fighters
★HEY~ROCK★ ® M.R,Apple Blossom,The White Stripes
★HEY~ROCK★ ® M.R,Smoke On The Water - Remastered 2012,Deep Purple
★HEY~ROCK★ ® M.R,Hey Jude - Remastered 2015,The Beatles
★HEY~ROCK★ ® M.R,Wonderwall,Oasis
★HEY~ROCK★ ® M.R,The Passenger,Iggy Pop
★HEY~ROCK★ ® M.R,Wind Of Change,Scorpions
★HEY~ROCK★ ® M.R,Make It Wit Chu,Queens of the Stone Age
★HEY~ROCK★ ® M.R,Hypnotize,System Of A Down
★HEY~ROCK★ ® M.R,Take It to the Limit - 2013 Remaster,Eagles
★HEY~ROCK★ ® M.R,California Dreamin' - Single Version,The Mamas & The Papas
★HEY~ROCK★ ® M.R,Seven Nation Army,The White Stripes
★HEY~ROCK★ ® M.R,Dancing In The Dark,Bruce Springsteen
★HEY~ROCK★ ® M.R,Born In The U.S.A.,Bruce Springsteen
★HEY~ROCK★ ® M.R,House of the Rising Sun,The Animals
★HEY~ROCK★ ® M.R,You Never Can Tell,Chuck Berry
★HEY~ROCK★ ® M.R,It's Not Unusual,Tom Jones
★HEY~ROCK★ ® M.R,Sexbomb,Tom Jones
★HEY~ROCK★ ® M.R,All These Things That I've Done,The Killers
★HEY~ROCK★ ® M.R,Yellow Submarine - Remastered,The Beatles
★HEY~ROCK★ ® M.R,Love Me Do - Mono / Remastered,The Beatles
★HEY~ROCK★ ® M.R,Here Comes The Sun/The Inner Light,The Beatles
★HEY~ROCK★ ® M.R,Something/Blue Jay Way,The Beatles
★HEY~ROCK★ ® M.R,I Sat By The Ocean,Queens of the Stone Age
★HEY~ROCK★ ® M.R,Turn to Stone,Electric Light Orchestra
★HEY~ROCK★ ® M.R,Stand By Me - Remastered 2010,John Lennon
★HEY~ROCK★ ® M.R,Come Together - Remastered,The Beatles
★HEY~ROCK★ ® M.R,Can't Buy Me Love - Remastered,The Beatles
★HEY~ROCK★ ® M.R,Help! - Remastered 2015,The Beatles
★HEY~ROCK★ ® M.R,I Started A Joke (Remastered LP Version),Bee Gees
★HEY~ROCK★ ® M.R,"Another Brick In The Wall, Pt. 2 - 2011 Remastered Version",Pink Floyd
★HEY~ROCK★ ® M.R,Mr. Tambourine Man,Bob Dylan
★HEY~ROCK★ ® M.R,Eleanor Rigby - Remastered 2015,The Beatles
★HEY~ROCK★ ® M.R,Money - 2011 Remastered Version,Pink Floyd
★HEY~ROCK★ ® M.R,"Stayin' Alive - From ""Saturday Night Fever"" Soundtrack",Bee Gees
★HEY~ROCK★ ® M.R,You Should Be Dancing - Edit,Bee Gees
★HEY~ROCK★ ® M.R,Tragedy,Bee Gees
★HEY~ROCK★ ® M.R,Smells Like Teen Spirit,Nirvana
★HEY~ROCK★ ® M.R,Come As You Are,Nirvana
★HEY~ROCK★ ® M.R,You're My Home,Billy Joel
★HEY~ROCK★ ® M.R,Have You Ever Seen The Rain,Rod Stewart
★HEY~ROCK★ ® M.R,Sailing,Rod Stewart
★HEY~ROCK★ ® M.R,"Hello, Goodbye - Remastered 2015",The Beatles
★HEY~ROCK★ ® M.R,I'm Gonna Be (500 Miles),The Proclaimers
★HEY~ROCK★ ® M.R,Lithium,Nirvana
★HEY~ROCK★ ® M.R,Your Cheatin' Heart,Elvis Presley
★HEY~ROCK★ ® M.R,Boulevard of Broken Dreams,Green Day
★HEY~ROCK★ ® M.R,My Girl,The Temptations
★HEY~ROCK★ ® M.R,Mrs. Robinson - Single Mix,Simon & Garfunkel
★HEY~ROCK★ ® M.R,I Want To Hold Your Hand - Remastered 2015,The Beatles
★HEY~ROCK★ ® M.R,A Horse with No Name,America
★HEY~ROCK★ ® M.R,Golden Slumbers - Remastered,The Beatles
★HEY~ROCK★ ® M.R,Da Ya Think I'm Sexy?,Rod Stewart
★HEY~ROCK★ ® M.R,While My Guitar Gently Weeps - Remastered,The Beatles
★HEY~ROCK★ ® M.R,Sweet Dreams (Are Made Of This),Marilyn Manson
★HEY~ROCK★ ® M.R,Superstition - Single Version,Stevie Wonder
★HEY~ROCK★ ® M.R,Sir Duke,Stevie Wonder
★HEY~ROCK★ ® M.R,Penny Lane - Remastered 2015,The Beatles
★HEY~ROCK★ ® M.R,All You Need Is Love - Remastered 2015,The Beatles
★HEY~ROCK★ ® M.R,The Long And Winding Road - Remastered 2015,The Beatles
★HEY~ROCK★ ® M.R,Get Back - Remastered 2015,The Beatles
★HEY~ROCK★ ® M.R,Down On The Corner,Creedence Clearwater Revival
★HEY~ROCK★ ® M.R,Losing My Religion,R.E.M.
★HEY~ROCK★ ® M.R,"I Don't Want to Miss a Thing - From ""Armageddon"" Soundtrack",Aerosmith
★HEY~ROCK★ ® M.R,Africa,TOTO
★HEY~ROCK★ ® M.R,Rich Girl,Daryl Hall & John Oates
★HEY~ROCK★ ® M.R,Under Pressure - Remastered 2011,Queen
★HEY~ROCK★ ® M.R,Burn,TOTO
GRUNGE,Wake Up,Mad Season
GRUNGE,River Of Deceit,Mad Season
GRUNGE,Nearly Lost You,Screaming Trees
GRUNGE,Suck You Dry - 2008 Remaster,Mudhoney
GRUNGE,We Die Young,Alice In Chains
GRUNGE,Man in the Box,Alice In Chains
GRUNGE,Sea Of Sorrow,Alice In Chains
GRUNGE,Bleed The Freak,Alice In Chains
GRUNGE,I Can't Remember,Alice In Chains
GRUNGE,"Love, Hate, Love",Alice In Chains
GRUNGE,Sunshine,Alice In Chains
GRUNGE,Confusion,Alice In Chains
GRUNGE,Real Thing,Alice In Chains
GRUNGE,Rotten Apple,Alice In Chains
GRUNGE,Nutshell,Alice In Chains
GRUNGE,Again,Alice In Chains
GRUNGE,Them Bones (2022 Remaster),Alice In Chains
GRUNGE,Dam That River (2022 Remaster),Alice In Chains
GRUNGE,Rain When I Die (2022 Remaster),Alice In Chains
GRUNGE,Down In A Hole (2022 Remaster),Alice In Chains
GRUNGE,Sickman (2022 Remaster),Alice In Chains
GRUNGE,Rooster (2022 Remaster),Alice In Chains
GRUNGE,Junkhead (2022 Remaster),Alice In Chains
GRUNGE,God Smack (2022 Remaster),Alice In Chains
GRUNGE,Would? (2022 Remaster),Alice In Chains
GRUNGE,Grease Box,Tad
GRUNGE,Violet,Hole
GRUNGE,Miss World,Hole
GRUNGE,Plump,Hole
GRUNGE,Asking For It,Hole
GRUNGE,Jennifer's Body,Hole
GRUNGE,Credit In The Straight World,Hole
GRUNGE,"Softer, Softest",Hole
GRUNGE,She Walks On Me,Hole
GRUNGE,I Think That I Would Die,Hole
GRUNGE,Gutless,Hole
GRUNGE,Rock Star,Hole
GRUNGE,Shelf In The Room,Days Of The New
GRUNGE,Not a Lot to Save,Gruntruck
GRUNGE,Tomorrow,Silverchair
GRUNGE,Let Me In,R.E.M.
GRUNGE,Blew - Remastered,Nirvana
GRUNGE,Floyd The Barber - Remastered,Nirvana
GRUNGE,About A Girl - Remastered,Nirvana
GRUNGE,School - Remastered,Nirvana
GRUNGE,Love Buzz - Remastered,Nirvana
GRUNGE,Paper Cuts - Remastered,Nirvana
GRUNGE,Negative Creep - Remastered,Nirvana
GRUNGE,Sifting - Remastered,Nirvana
GRUNGE,Smells Like Teen Spirit,Nirvana
GRUNGE,In Bloom,Nirvana
GRUNGE,Come As You Are,Nirvana
GRUNGE,Lithium,Nirvana
GRUNGE,Territorial Pissings,Nirvana
GRUNGE,Drain You,Nirvana
GRUNGE,Lounge Act,Nirvana
GRUNGE,Stay Away,Nirvana
GRUNGE,On A Plain,Nirvana
GRUNGE,"Endless, Nameless",Nirvana
GRUNGE,Dive,Nirvana
GRUNGE,Sliver,Nirvana
GRUNGE,Stain,Nirvana
GRUNGE,Been A Son,Nirvana
GRUNGE,Turnaround - BBC John Peel Session 1990,Nirvana
GRUNGE,Molly's Lips - BBC John Peel Session 1990,Nirvana
GRUNGE,Son Of A Gun - BBC John Peel Session 1990,Nirvana
GRUNGE,(New Wave) Polly - BBC Mark Goodier Session,Nirvana
GRUNGE,Downer,Nirvana
GRUNGE,Aneurysm,Nirvana
GRUNGE,Serve The Servants,Nirvana
GRUNGE,Heart-Shaped Box,Nirvana
GRUNGE,Rape Me,Nirvana
GRUNGE,Dumb,Nirvana
GRUNGE,Very Ape,Nirvana
GRUNGE,Milk It,Nirvana
GRUNGE,Tourette's,Nirvana
GRUNGE,Gallons Of Rubbing Alcohol Flow Through The Strip,Nirvana
GRUNGE,Moist Vagina - 2013 Mix,Nirvana
GRUNGE,I Hate Myself And Want To Die - 2013 Mix,Nirvana
GRUNGE,Marigold,Nirvana
GRUNGE,Oh The Guilt,Nirvana
GRUNGE,Verse Chorus Verse - Outtake,Nirvana
GRUNGE,You Know You're Right,Nirvana
GRUNGE,Meatplow,Stone Temple Pilots
GRUNGE,Vasoline,Stone Temple Pilots
GRUNGE,Lounge Fly,Stone Temple Pilots
GRUNGE,Interstate Love Song,Stone Temple Pilots
GRUNGE,Still Remains,Stone Temple Pilots
GRUNGE,Pretty Penny,Stone Temple Pilots
GRUNGE,Silvergun Superman,Stone Temple Pilots
GRUNGE,Big Empty,Stone Temple Pilots
GRUNGE,Unglued,Stone Temple Pilots
GRUNGE,Army Ants,Stone Temple Pilots
GRUNGE,Kitchenware & Candybars,Stone Temple Pilots
GRUNGE,Plush,Stone Temple Pilots
GRUNGE,Glycerine,Bush
GRUNGE,Don't You,Candlebox
GRUNGE,Change,Candlebox
GRUNGE,You,Candlebox
GRUNGE,No Sense,Candlebox
ROCK ALTERNATIVO,"Steady, As She Goes",The Raconteurs
ROCK ALTERNATIVO,Monkey Wrench,Foo Fighters
ROCK ALTERNATIVO,Cochise,Audioslave
ROCK ALTERNATIVO,Someday,Nickelback
ROCK ALTERNATIVO,Always,Saliva
ROCK ALTERNATIVO,Control,Puddle Of Mudd
ROCK ALTERNATIVO,It's Been Awhile,Staind
ROCK ALTERNATIVO,No Speech,Guano Apes
ROCK ALTERNATIVO,Nancy Boy,Placebo
ROCK ALTERNATIVO,Lost and Found,Feeder
ROCK ALTERNATIVO,Little Sister,Queens of the Stone Age
ROCK ALTERNATIVO,I Think I'm Paranoid,Garbage
ROCK ALTERNATIVO,Disappearing Boy,Green Day
ROCK ALTERNATIVO,Gone Away,The Offspring
ROCK ALTERNATIVO,Check My Brain,Alice In Chains
ROCK ALTERNATIVO,Nowhere,Therapy?
ROCK ALTERNATIVO,Dirty Little Thing,Velvet Revolver
ROCK ALTERNATIVO,Judith,A Perfect Circle
ROCK ALTERNATIVO,Say It Ain't So,Weezer
ROCK ALTERNATIVO,Adam's Song,blink-182
ROCK ALTERNATIVO,Absolution Calling,Incubus
ROCK ALTERNATIVO,Punk Rock Song,Bad Religion
ROCK ALTERNATIVO,Spiritwalker,The Cult
ROCK ALTERNATIVO,Cut the Cord,Shinedown
ROCK ALTERNATIVO,Killing In The Name,Rage Against The Machine
ROCK ALTERNATIVO,Albatross,Corrosion Of Conformity
ROCK ALTERNATIVO,Celebrity Skin,Hole
ROCK ALTERNATIVO,You're Going Down,SICK PUPPIES
ROCK ALTERNATIVO,Epic,Faith No More
ROCK ALTERNATIVO,Look Away,Rival Sons
ROCK ALTERNATIVO,Precious Declaration,Collective Soul
ROCK ALTERNATIVO,Never Miss A Beat,Kaiser Chiefs
ROCK ALTERNATIVO,Fat Lip,Sum 41
ROCK ALTERNATIVO,Avalanche,Bring Me The Horizon
ROCK ALTERNATIVO,lithium flower,Scott Matthew
ROCK ALTERNATIVO,Crashed,Daughtry
ROCK ALTERNATIVO,Unsung,Helmet
ROCK ALTERNATIVO,The Red,Chevelle
ROCK ALTERNATIVO,Headstrong,Trapt
ROCK ALTERNATIVO,Born On The Outs,Refused
ROCK ALTERNATIVO,I Hate Everything About You,Three Days Grace
ROCK ALTERNATIVO,Where Is My Mind?,Pixies
ROCK ALTERNATIVO,We Used To Be Friends,The Dandy Warhols
ROCK ALTERNATIVO,Turn It Up,The Wrecks
ROCK ALTERNATIVO,Scumbag Blues,Them Crooked Vultures
ROCK ALTERNATIVO,It Only Hurts,Default
ROCK ALTERNATIVO,Length Of Love,Interpol
ROCK ALTERNATIVO,Fight Music for the Fight,Bromheads Jacket
ROCK ALTERNATIVO,Take Me Out,Franz Ferdinand
ROCK ALTERNATIVO,Don't Forget Me,Red Hot Chili Peppers
ROCK ALTERNATIVO,REV001,Refused
ROCK ALTERNATIVO,Hey You,The Exies
nocturnal bliss.,Supernova,WIM
nocturnal bliss.,Strawberry Soju,Jesse Barrera
nocturnal bliss.,Blutooth,Blu DeTiger
nocturnal bliss.,Leave It On The Dancefloor,Hope Tala
nocturnal bliss.,One on One,Wildson
nocturnal bliss.,someone like that,Brunchs
nocturnal bliss.,Slick McGhee,Aaron Childs
nocturnal bliss.,Motel Lovers,James Alyn
nocturnal bliss.,Ride,Christian Kuria
nocturnal bliss.,My World,Vividry
nocturnal bliss.,Butterflies & Benefits,Aaron Childs
nocturnal bliss.,Magic,WIM
nocturnal bliss.,In The Sun,Islandeer
nocturnal bliss.,Love You Right,Shannon Lauren Callihan
nocturnal bliss.,Pink,Jess Josie Lee
nocturnal bliss.,Wake Up Call,Mel Blue
nocturnal bliss.,Somewhere in New York,John Splithoff
nocturnal bliss.,According To You,Misha
nocturnal bliss.,make it so easy,Jordan Briton
nocturnal bliss.,Lost to the Summer,THEHONESTGUY
Jazz 2021,Obviously Oblivious,Peter Kronreif
Jazz 2021,Free - Live,Miguel Zenón
Jazz 2021,The Tribes of New York - Live,Miguel Zenón
Jazz 2021,Track 9 - Live,Dr. Lonnie Smith
Jazz 2021,Bill & Bach,Enrico Pieranunzi
Jazz 2021,Isfahan,Archie Shepp
Jazz 2021,Wise One,Archie Shepp
Jazz 2021,Celia,Ethan Iverson
Jazz 2021,Tempus Fugit,Ethan Iverson
Jazz 2021,Night And Day,Vijay Iyer
Jazz 2021,Entrustment,Vijay Iyer
Jazz 2021,Spiritual Ideation,Gary Bartz
Jazz 2021,The Siren,Susanna Aleksandra
Jazz 2021,Rite of accession,Elephant9
Jazz 2021,The Peanut,Chris Potter
Jazz 2021,Babele,Enzo Carniel
Jazz 2021,Redemption Song,Joachim Kühn
Jazz 2021,Aeronautics,Peter Kronreif
Jazz 2021,Amanda,Nils Landgren Funk Unit
Jazz 2021,Caravan,Anaïs Reno
Jazz 2021,London Towne,Ulysses Owens Jr. Big Band
Jazz 2021,Time Traveler,Nnenna Freelon
Jazz 2021,All My Life,Georgia Mancio
Jazz 2021,How Much A Dollar Cost - Live,R+R=NOW
Jazz 2021,Hymn of the Turning Stone,Menagerie
Jazz 2021,Quantum Blues,Menagerie
Jazz 2021,Sunshine - Live at Festival Jazz sous les Pommiers,Anne Paceo
Jazz 2021,Mystery and Illusions,Shai Maestro
Jazz 2021,Stardust,Samara Joy
Jazz 2021,Cloudland,Lars Danielsson
Jazz 2021,Desert of Catanga,Lars Danielsson
Jazz 2021,Peace,Charles Lloyd
Jazz 2021,Portobello Superhero,Myele Manzanza
Jazz 2021,Day by Day,Gary Bartz
Jazz 2021,Vino,Francisco Mela
Jazz 2021,Compassion,Shai Maestro
Jazz 2021,The Blade Sensei: Suite For A Suicide Shokunin,Nicola Guida
Jazz 2021,Nancy Wilson,Adrian Younge
Jazz 2021,Queen City,JD Allen
Jazz 2021,"Sun Kissed Child - From ""Liberated / Music For the Movement Vol. 3""",Kamasi Washington
Jazz 2021,Run Outs,Alfa Mist
Jazz 2021,Boo's Blues,Julian Lage
Jazz 2021,Sorte Mística: Fluido,Abe Rábade
Jazz 2021,Samba de Maracatu,Joe Chambers
Jazz 2021,Feeling Good,Ledisi
Jazz 2021,Four Women,Ledisi
Jazz 2021,Something for Ndugu,Willie Jones III
Jazz 2021,Zoltan,Xhosa Cole
Jazz 2021,Nica's Dream,Steven Feifke
Jazz 2021,Hutcheonite,Taylor Eigsti
Jazz 2021,You're the Dangerous Type,Veronica Swift
Jazz 2021,Lush Life,Jane Monheit
Jazz 2021,Sırdaş,Coşkun Karademir
Jazz 2021,Careless Whisper,Delvon Lamarr Organ Trio
Jazz 2021,Prelude in E Minor,David Helbock
Jazz 2021,Quiet Is the Star,Georgia Mancio
Jazz 2021,Rocayisa,Pablo Martín Caminero
Jazz 2021,Defeat (Only Further Apart),Fire!
Jazz 2021,Quiet Life,Claus Waidtløw
Jazz 2021,Bridge the Gap,Moses Boyd
Jazz 2021,Ballot Box Bounce,Jazz At Lincoln Center Orchestra
Jazz 2021,Hors sol,Edward Perraud
Jazz 2021,Hors la loi,Edward Perraud
Jazz 2021,Nature Boy,Thomas Clausen
Jazz 2021,Guideline,Markus Stockhausen Group
Jazz 2021,Arabia,Pablo Martín Caminero
Jazz 2021,Sometimes I Feel Like a Motherless Child,Archie Shepp
Jazz 2021,The Wilhelm Scream - Quarantine Sessions,Tom Misch
Jazz 2021,Better Days Ahead,Pat Metheny
Jazz 2021,Zenith Blue,Pat Metheny
Jazz 2021,Altitude feat. Joel Ross & Michael Mayo,Nate Smith
Jazz 2021,My Favorite Things,Dave Liebman
Jazz 2021,Selflessness,Dave Liebman
Jazz 2021,"Neophilia - Live (Friday, July 10, 1970 - Set 3)",Lee Morgan
Jazz 2021,Sawa Blues,Miłosz Oleniecki Trio
Jazz 2021,Berlin,Miłosz Oleniecki Trio
Jazz 2021,Absence,Terence Blanchard
Jazz 2021,Soldiers of the Fields / Soldats des Champs,Kenny Garrett
Jazz 2021,Sounds from the Ancestors,Kenny Garrett
Jazz 2021,Heritage,Lucas Figueiredo Santana
Jazz 2021,Walkin',Thomas Clausen
Jazz 2021,Manu,Fernando Egozcue
Jazz 2021,Alcázar de Sevilla,Pablo Martín Caminero
Jazz 2021,Chien lune,Edward Perraud
Jazz 2021,Poulet bicyclette,Ray Lema
Jazz 2021,RonJackRuba,Ron Carter
Jazz 2021,Nutra,David Tixier Trio
Jazz 2021,Losing the Grip,David Tixier Trio
Jazz 2021,What a Wonderful World,Omer Klein
Jazz 2021,Someday,Hiromi
Jazz 2021,Formwela 5 [Feat. Corey King],Esperanza Spalding
Jazz 2021,He's My Guy,Jazzmeia Horn and Her Noble Force
Jazz 2021,Lover Come Back To Me,Jazzmeia Horn and Her Noble Force
Jazz 2021,You Haven't Done Nothin',Dara Tucker
Jazz 2021,Bridge Over Troubled Water,Dara Tucker
Jazz 2021,"Invention No. 3 in D Major, BWV 774 - Arr. for Jazz Band",Moisés P. Sánchez
Jazz 2021,Maria Maria,Anat Cohen
Jazz 2021,Miss Julie - Live,Larry Coryell
Jazz 2021,Pace - Moses Boyd Remix,Nubya Garcia
Jazz 2021,Determination,Kathrine Windfeld
R&B,Come Through and Chill (feat. J. Cole & Salaam Remi),Miguel
R&B,Entre Nosotros,Tiago PZK
R&B,Házmelo,Tiago PZK
R&B,Nothing Burns Like The Cold,Snoh Aalegra
R&B,I'm good at goodbyes,BIBI
R&B,House of Cards (Full Length Edition),BTS
R&B,Make It Right (feat. Lauv),BTS
R&B,KAZINO,BIBI
R&B,Bitter,FLETCHER
R&B,Hair Down (feat. Kendrick Lamar),SiR
R&B,Balaperdida,Cruz Cafuné
R&B,Gonna Love Me,Teyana Taylor
R&B,Pink Cloud,Whee In
R&B,Forg_tful (with Kim Sawol),RM
R&B,FOREVER (with 6LACK),Jessie Reyez
R&B,Calling My Phone,Lil Tjay
R&B,SUGAR,BROCKHAMPTON
R&B,B.S. (feat. H.E.R.),Jhené Aiko
Skyward Writing Playlist,Fly,Phil Lober
Skyward Writing Playlist,i believe,Christina Perri
Skyward Writing Playlist,Legendary Guardian,Taylor Davis
Skyward Writing Playlist,"Symphony No. 9 in E Minor, Op. 95, B. 178 ""From the New World"": IV. Allegro con fuoco - Arranged for Drums",Mike Terrana
Skyward Writing Playlist,Ain't No Grave (Epic Trailer Version),Hidden Citizens
Skyward Writing Playlist,Love Story meets Love Story (Taylor Swift Remix),Jon Schmidt
Skyward Writing Playlist,Illumination,Jennifer Thomas
Skyward Writing Playlist,Monody (feat. Laura Brehm),TheFatRat
Skyward Writing Playlist,The Truth Was Revealed,Walking Across Jupiter
Skyward Writing Playlist,Believe In The Kingdom,King Topher
Skyward Writing Playlist,Just For Today,Hybrid
Skyward Writing Playlist,Harbour,Seas of Years
Skyward Writing Playlist,Run Boy Run - Instrumental,Woodkid
Skyward Writing Playlist,Mistakes,Uppermost
Skyward Writing Playlist,Ain't No Devil,Andrea Wasse
Skyward Writing Playlist,Danse Macabre,Sound Adventures
Skyward Writing Playlist,Ghost in The Shell - Hyper Soundtrack edit,Ghost in The Shell
Skyward Writing Playlist,There Came an Echo Theme,Big Giant Circles
Skyward Writing Playlist,The Dawn of Robots,Dino Olivieri
Skyward Writing Playlist,"So Just Hang On, Beautiful One",Au4
Skyward Writing Playlist,Andrew's Song,IMAscore
Skyward Writing Playlist,Chinatown,Starcadian
Skyward Writing Playlist,Little White Lie,Dead Astronauts
Skyward Writing Playlist,Mary Rose (Prologue),Tennyson
Skyward Writing Playlist,A New World,Manaberry
Skyward Writing Playlist,The Hero Within,James Paget
Año Nuevo PlayList Nueva,Pikete Espacial,Cecilio G.
Año Nuevo PlayList Nueva,Barbie Girl,Aqua
Año Nuevo PlayList Nueva,La Romana,Bad Bunny
Año Nuevo PlayList Nueva,Rock To The Beat,Kevin Saunderson
Año Nuevo PlayList Nueva,Goosebumps - Remix,Travis Scott
Año Nuevo PlayList Nueva,Alors On Danse - DubDogz Remix,Stromae
Año Nuevo PlayList Nueva,Limbo,Daddy Yankee
Año Nuevo PlayList Nueva,Fanática Sensual,Plan B
Año Nuevo PlayList Nueva,Mirándote,Rvfv
Año Nuevo PlayList Nueva,Pump Up The Jam,Coone
Año Nuevo PlayList Nueva,Everytime We Touch - Nightcore & KYANU Edit,Cascada
Año Nuevo PlayList Nueva,Losing It,FISHER
Año Nuevo PlayList Nueva,"L-Gante: Bzrp Music Sessions, Vol.38",Bizarrap
Año Nuevo PlayList Nueva,Contando Lunares (feat. Cruz Cafuné),Don Patricio
Año Nuevo PlayList Nueva,Propuesta Indecente,Romeo Santos
Año Nuevo PlayList Nueva,Atrévete-Te-Te,Calle 13
Año Nuevo PlayList Nueva,"Kinder Malo: Bzrp Music Sessions, Vol. 17, Lado B",Bizarrap
Año Nuevo PlayList Nueva,Salir,Extremoduro
Año Nuevo PlayList Nueva,D.A.N.C.E,Justice
Año Nuevo PlayList Nueva,Salimo de Noche,Tiago PZK
Año Nuevo PlayList Nueva,YIN YAN,Duki
Año Nuevo PlayList Nueva,Ella Y Yo - Featuring Don Omar,Aventura
Año Nuevo PlayList Nueva,Mina el Hammani,Cruz Cafuné
Año Nuevo PlayList Nueva,Mi rumbita pa tus pies - 2003 Remastered Version,Melendi
Año Nuevo PlayList Nueva,Tu Calorro,Estopa
Año Nuevo PlayList Nueva,No Me Conoce - Remix,JHAYCO
Año Nuevo PlayList Nueva,Mayor Que Yo 3,Luny Tunes
Año Nuevo PlayList Nueva,Fiel,Los Legendarios
Año Nuevo PlayList Nueva,La Temperatura (feat. Eli Palacios),Maluma
Año Nuevo PlayList Nueva,"Marta, Sebas, Guille y los demás",Amaral
Año Nuevo PlayList Nueva,Como Camarón,Estopa
Año Nuevo PlayList Nueva,Travesuras - Remix,Nio Garcia
Año Nuevo PlayList Nueva,edamame,bbno$
"Rhapsody On A Theme Of Paganini, Op.43: Variation 18. Andante cantabile","Rhapsody on a Theme of Paganini, Op. 43: Variation No. 18 Andante cantabile",Sergei Rachmaninoff
"Rhapsody On A Theme Of Paganini, Op.43: Variation 18. Andante cantabile",Memories of a Promenade II,Olga Scheps
"Rhapsody On A Theme Of Paganini, Op.43: Variation 18. Andante cantabile",Anything Goes (with Vince Giordano & The Nighthawks),Cole Porter
,Mr. Soul,Buffalo Springfield
,Runaround Sue - Remastered 1991,Dion
,I'll Be Your Mirror,The Velvet Underground
,Will You Still Love Me Tomorrow,The Shirelles
,Atlantic City,Bruce Springsteen
,Gloria,"Amos Milburn, Jr."
,I'm So Young,Students
,Esto no es una elegía,Silvio Rodríguez
,America - Single Mix,Simon & Garfunkel
,Hazey Jane I,Nick Drake
,Burnin' And Lootin',The Wailers
,Sugar Man,Rodríguez
,Like Janis,Rodríguez
,Cause,Rodríguez
,In The Twilight,Alex Ebert
,Remember Our Heart,Alex Ebert
,Ballad Of Lou The Welterweight,The Felice Brothers
,Tro och tvivel,Håkan Hellström
,Backstreets,Bruce Springsteen
,Je t'aime moi non plus,Serge Gainsbourg
,Going Up The Country,Canned Heat
,It's Just A Thought,Creedence Clearwater Revival
,Home,Edward Sharpe & The Magnetic Zeros
,I Walk The Line - Single Version,Johnny Cash
,Me and Julio Down by the Schoolyard,Paul Simon
,These Days,Nico
,Little Lion Man,Mumford & Sons
,Mykonos,Fleet Foxes
,Love Is Strange,Mickey & Sylvia
,O Mary Don't You Weep,Bruce Springsteen
,"Down To The River To Pray - From “O Brother, Where Art Thou” Soundtrack",Alison Krauss
,Feeling Good,Nina Simone
,Bang Bang (My Baby Shot Me Down),Nancy Sinatra
,"I Can't Help Myself (Sugar Pie, Honey Bunch)",Four Tops
,Hit The Road Jack,Jeff Zavac
,Angie - Remastered,The Rolling Stones
,Jolene,Dolly Parton
,Trouble,Ray LaMontagne
,Nantes,Beirut
,Fried Hockey Boogie,Canned Heat
,On The Road Again - Remastered 2005,Canned Heat
,Children of the Revolution,T. Rex
,Bang a Gong (Get It On),T. Rex
,Hot Love,T. Rex
,Life on Mars? - 1997 Remaster,David Bowie
,Ziggy Stardust - 1997 Remaster,David Bowie
,"For Emily, Whenever I May Find Her - Live",Simon & Garfunkel
,I Got You Babe,Sonny & Cher
,Tangled up in Blue,Bob Dylan
,Where Do My Bluebird Fly,The Tallest Man On Earth
,Guaranteed,Eddie Vedder
,The End,The Doors
,Going Down To The River,Doug Seegers
,El desierto,Lhasa De Sela
,Come On (Ven Aquí),Los Saicos
,De cara a la pared,Lhasa De Sela
,Grizzly Bear,Angus & Julia Stone
,Talk Me Down,Willy Mason
,I Was Only 19 (Live From 'The People Speak'),Julia Stone
,It's Hard to Be a Saint in the City,Bruce Springsteen
,"For You - Live at the Hammersmith Odeon, London, UK - November 1975",Bruce Springsteen
,La-La Means I Love You,The Delfonics
,The Letter,The Box Tops
,The Boxer,Simon & Garfunkel
,Cecilia,Simon & Garfunkel
,Light My Fire,José Feliciano
,Because the Night,Patti Smith
,"Poupée de cire, poupée de son",France Gall
,Roll On Arte,The Felice Brothers
,The Times They Are A-Changin',Bob Dylan
,All Along The Watchtower,Jimi Hendrix
,Have You Ever Seen The Rain,Creedence Clearwater Revival
,I Put A Spell On You,Creedence Clearwater Revival
,Somebody to Love,Jefferson Airplane
,Down in Mexico,The Coasters
,These Boots Are Made For Walkin',Nancy Sinatra
,Sunday Morning,The Velvet Underground
,Venus In Furs,The Velvet Underground
,"Non, je ne regrette rien",Édith Piaf
,Let's Stay Together,Al Green
,Every Little Thing She Does Is Magic - 2003 Stereo Remastered Version,The Police
,Don't Stand So Close To Me - 2003 Stereo Remastered Version,The Police
,Suspicious Minds - Elvis Live version,Elvis Presley
,It Ain't Me Babe,Johnny Cash
,Wuthering Heights,Kate Bush
,The Passenger,Iggy Pop
,"Tonight, Tonight",The Smashing Pumpkins
,Les cornichons,Nino Ferrer
,Cosmic Dancer,T. Rex
,Tangled Up In Blue,Bob Dylan
,Heart of Gold,Neil Young
,"For Emily, Whenever I May Find Her (Live)",Simon & Garfunkel
,Kathy's Song (Live),Simon & Garfunkel
,The Only Living Boy in New York,Simon & Garfunkel
,Shelley,Håkan Hellström
,Dom där jag kommer från,Håkan Hellström
,2 steg från paradise,Håkan Hellström
,Ooh La,The Kooks
mario kart theme songs,Coconut Mall - Mario Kart Theme,Player One
mario kart theme songs,Title Theme - Mario Kart Theme,Player One
mario kart theme songs,Dry Dry Ruins - Mario Kart Theme,Player One
mario kart theme songs,"DK Summit (From ""Mario Kart Wii"")",Arcade Player
mario kart theme songs,Sunshine Airport - Mario Kart Theme,Player One
mario kart theme songs,"Better Luck Next Time (From ""Mario Kart Wii"")",Arcade Player
mario kart theme songs,Cloudtop Cruise - Mario Kart Theme,Player One
mario kart theme songs,"DK Snowboard Cross (From ""Mario Kart Wii"")",Arcade Player
mario kart theme songs,Star Theme - Mario Kart Theme,Player One
mario kart theme songs,Maple Treeway - Mario Kart Theme,Player One
mario kart theme songs,Luigi Circuit - Mario Kart Theme,Player One
mario kart theme songs,Rainbow Road - Mario Kart Theme,Player One
mario kart theme songs,Delfino Square - Mario Kart Theme,Player One
mario kart theme songs,Gumble Volcano - Mario Kart Theme,Player One
mario kart theme songs,Luigi's Mansion - Mario Kart Theme,Player One
mario kart theme songs,SNES Koopa Beach,Arcade Player
mario kart theme songs,Star Theme Lofi - Mario Kart Theme,Player One
mario kart theme songs,Koopa Cape - Mario Kart Theme,Player One
mario kart theme songs,Title Screen,Arcade Player
mario kart theme songs,Animal Crossing Results - Mario Kart Theme,Player One
mario kart theme songs,"Mario Kart 8, Main Menu",Arcade Player
mario kart theme songs,GCN Luigi Circuit - Mario Kart Theme,Player One
mario kart theme songs,Cheep Cheep Beach - Mario Kart Theme,Player One
mario kart theme songs,"Racing Menu (From ""Mario Kart Wii"")",Arcade Player
mario kart theme songs,Chain Chomp - Mario Kart Theme,Player One
mario kart theme songs,Choco Mountain - Mario Kart Theme,Player One
mario kart theme songs,Daisy Circuit - Mario Kart Theme,Player One
mario kart theme songs,Frappe Snowland - Mario Kart Theme,Player One
mario kart theme songs,Toads Turnpike - Mario Kart Theme,Player One
mario kart theme songs,Bowser's Castle - Mario Kart Theme,Player One
mario kart theme songs,"Double Cherry Pass (From ""Super Mario 3D World"")",Arcade Player
mario kart theme songs,Coconut Mall,Playstation Lo-Five
mario kart theme songs,Waluigi Pinball - Mario Kart Theme,Player One
mario kart theme songs,"Mario Kart 8, Rainbow Road",Arcade Player
mario kart theme songs,Snow Land - Mario Kart Theme,Player One
mario kart theme songs,Wii Race Results - Mario Kart Theme,Player One
mario kart theme songs,Kalimari Desert - Mario Kart Theme,Player One
mario kart theme songs,"Mario Kart 8, Mario Circuit",Arcade Player
mario kart theme songs,Sweet Sweet Canyon - Mario Kart Theme,Player One
mario kart theme songs,Single Player Menu,Arcade Player
mario kart theme songs,"Battle Results (From ""Mario Kart Wii"")",Arcade Player
mario kart theme songs,Baby Park,Player One
mario kart theme songs,Sherbert Island,Player One
mario kart theme songs,Koopa Troopa Beach,Player One
mario kart theme songs,Moo Moo Farm,Player One
mario kart theme songs,Airship Fortress,Arcade Player
mario kart theme songs,"Invincibility (From ""Mario Kart Wii"")",Arcade Player
mario kart theme songs,"Moonview Highway (From ""Mario Kart Wii"")",Arcade Player
mario kart theme songs,Mario Raceway - Mario Kart Theme,Player One
mario kart theme songs,"Mushroom Gorge (From ""Mario Kart Wii"")",Arcade Player
mario kart theme songs,"SNES Battle Course 4 (From ""Mario Kart Wii"")",Arcade Player
mario kart theme songs,GCN Luigi Circuit,Arcade Player
mario kart theme songs,Tick Tock Clock,Arcade Player
mario kart theme songs,"Beach (From ""New Super Mario Bros. Wii"")",Arcade Player
mario kart theme songs,"Mario Kart 8, Cheese Land",Arcade Player
mario kart theme songs,Yoshi Falls,Arcade Player
mario kart theme songs,64 Battle Theme - Mario Kart Theme,Player One
mario kart theme songs,Horror Land - Mario Party 2 Theme,Player One
mario kart theme songs,Frappe Snowland,Arcade Player
mario kart theme songs,"Koopa Cape (From ""Mario Kart Wii"")",Arcade Player
mario kart theme songs,"Rainbow Road (From ""Mario Kart Wii"")",Arcade Player
mario kart theme songs,N64 Moo Moo Farm,Arcade Player
mario kart theme songs,Options Menu,Arcade Player
mario kart theme songs,Rainbow Road,Arcade Player
mario kart theme songs,Starman,Arcade Player
mario kart theme songs,Start Your Engines,Arcade Player
mario kart theme songs,Waluigi Pinball,Arcade Player
mario kart theme songs,Bowser Castle,Arcade Player
Deutschrap🇩🇪,Was du Liebe nennst,Bausa
Deutschrap🇩🇪,Vagabund,Bausa
Deutschrap🇩🇪,Baron,Bausa
Deutschrap🇩🇪,Medusa,Bausa
Deutschrap🇩🇪,Weit weg,Bausa
Deutschrap🇩🇪,Da wo ich herkomm,Bausa
Deutschrap🇩🇪,Tamam Tamam,Summer Cem
Deutschrap🇩🇪,Ob du willst oder nicht,Mert
Deutschrap🇩🇪,Kompliziert (Beatgees Single Mix),Namika
Deutschrap🇩🇪,Nador,Namika
Deutschrap🇩🇪,Casanova,Summer Cem
Deutschrap🇩🇪,Santorini (feat. Veysel),Summer Cem
Deutschrap🇩🇪,Dior 2001,RIN
Deutschrap🇩🇪,Habibo,Veysel
Deutschrap🇩🇪,BONNIE & CLYDE,Loredana
Deutschrap🇩🇪,Mercedes,Eno
Deutschrap🇩🇪,Penthouse,Eno
Deutschrap🇩🇪,"Gheddo (feat. Killa Hakan, Ceza, Yener & Ayas Kapli) - Turkish Remiks",Eko Fresh
Deutschrap🇩🇪,German Dream,Eko Fresh
Deutschrap🇩🇪,Chinchilla (feat. KC Rebell & Capital Bra),Summer Cem
Deutschrap🇩🇪,Bros,RIN
Deutschrap🇩🇪,Heute mit mir,Nimo
Deutschrap🇩🇪,Augen auf,Sido
Deutschrap🇩🇪,Panamera Flow (feat. Shindy),Bushido
Deutschrap🇩🇪,Magisch - DJ Katch Remix,Olexesh
Deutschrap🇩🇪,Hurra die Welt geht unter,K.I.Z
Deutschrap🇩🇪,Sonnenbrille,Loredana
Deutschrap🇩🇪,UFF,Veysel
Deutschrap🇩🇪,Testarossa,Miami Yacine
Deutschrap🇩🇪,Crew,Summer Cem
Deutschrap🇩🇪,Kokain,Bonez MC
Deutschrap🇩🇪,Ti amo,Veysel
Deutschrap🇩🇪,Überlebt,Azet
Deutschrap🇩🇪,Kleiner Cabrón,Veysel
Deutschrap🇩🇪,Tropfen,Bausa
Deutschrap🇩🇪,Szenen im Hotel (feat. reezy),Bausa
Deutschrap🇩🇪,Heimgehen,KALIM
Deutschrap🇩🇪,Knöcheltief,Trettmann
Deutschrap🇩🇪,Bon Voyage,Miami Yacine
Deutschrap🇩🇪,Toto (feat. RAF Camora),Noizy
Deutschrap🇩🇪,Alles vorbei,Summer Cem
Deutschrap🇩🇪,Santorini (feat. Veysel) - RMX,Summer Cem
Deutschrap🇩🇪,Chinchilla (feat. KC Rebell & Capital Bra) - RMX,Summer Cem
Deutschrap🇩🇪,Shukran für nix,Summer Cem
Deutschrap🇩🇪,200 Düsen,Summer Cem
Deutschrap🇩🇪,Tausend Tattoos,Sido
Deutschrap🇩🇪,Liebe,Sido
Deutschrap🇩🇪,Ich & meine Maske,Sido
Deutschrap🇩🇪,Strip für mich (feat. Kitty Kat),Sido
Deutschrap🇩🇪,Nein! (feat. Doreen),Sido
Deutschrap🇩🇪,If I Can't,Favorite
Deutschrap🇩🇪,Jibbitbongbier,257ers
Deutschrap🇩🇪,Fuego,Veysel
Deutschrap🇩🇪,Skimaske,Veysel
Deutschrap🇩🇪,Molotov (feat. RAF Camora),Summer Cem
Deutschrap🇩🇪,Dein Ex (feat. KC Rebell),Summer Cem
Deutschrap🇩🇪,Nicht jetzt,KC Rebell
Deutschrap🇩🇪,Stripperin,Bausa
Deutschrap🇩🇪,Lhamdela,Zuna
Deutschrap🇩🇪,Norma jeane mortenson.flp,morten
Deutschrap🇩🇪,Raver,Trettmann
Deutschrap🇩🇪,Für die Street,Ajnabi32
Deutschrap🇩🇪,Cha-Cha,John on a Mission
Deutschrap🇩🇪,Pillen im Club (Skit),Bausa
Deutschrap🇩🇪,Schlange,Fatih
Deutschrap🇩🇪,Zuviel Hitze (feat. Kontra K),Falco
Deutschrap🇩🇪,VAY VAY VAY,FACE
Deutschrap🇩🇪,Winter in Berlin,Juju
Deutschrap🇩🇪,Bitte brich mein Herz nicht Baby,Ferdinand fka Left Boy
Deutschrap🇩🇪,Mit Mir,Lavie
Deutschrap🇩🇪,Der Kommissar (feat. Falco),Sido
Deutschrap🇩🇪,Nackt,Remoe
Deutschrap🇩🇪,Wahres Ich,SkinnyJewlz
Deutschrap🇩🇪,Plattenbauromantik,Plusmacher
Deutschrap🇩🇪,Wieder mal Freitag,Estikay
Deutschrap🇩🇪,Chardonnay (Bass Flip) - RIBELLU Edit,GVNGGVNG
Deutschrap🇩🇪,Berliner Schnauze,Said
Deutschrap🇩🇪,Vodka Energy,SVD
Deutschrap🇩🇪,Baller los,MERO
Deutschrap🇩🇪,Plattenbauprinzessin,Ost Boys
Deutschrap🇩🇪,One Night,RIN
Deutschrap🇩🇪,Hassan Arbeit,Alpa Gun
Deutschrap🇩🇪,Smart Home H**ensohn,101 ASSIstentenbande
Deutschrap🇩🇪,Roli Roli,Major
Deutschrap🇩🇪,Primo - Ribellu Remix,RIBELLU
Deutschrap🇩🇪,Bitches & Bacardi,Kevla
Deutschrap🇩🇪,SATIVA,Jabba
Deutschrap🇩🇪,Meine Welt,Prinz Pi
Deutschrap🇩🇪,Nacht,Bausa
Deutschrap🇩🇪,Pyramiden,Bausa
Deutschrap🇩🇪,Olabilir,MERO
Deutschrap🇩🇪,Neyim Var Ki (feat. Sagopa K),Ceza
Deutschrap🇩🇪,Mörder,PA Sports
Deutschrap🇩🇪,Jay Jay,MERO
Deutschrap🇩🇪,Sag schon,Veysel
Deutschrap🇩🇪,Zahnfee,Julien Bam
Deutschrap🇩🇪,weR mAChT PaRA 2,Dardan
Deutschrap🇩🇪,Alexander Wang,CAPO
Deutschrap🇩🇪,Vermissen (feat. Henning May),Juju
勉強,m i s t,eevee
勉強,It's OK to Cry,Sarcastic Sounds
勉強,Feathers,Kupla
勉強,Albatros,Plusma
勉強,You'r in My Head,moow
勉強,Smoke Sesh with the Homie Totoro,emune
勉強,tremolo,BROCKBEATS
勉強,5:32pm,The Deli
勉強,Wake Up,moow
勉強,Again,Wun Two
勉強,i'm closing my eyes,potsu
勉強,Getsomerest/sleepwell,"quickly, quickly"
勉強,Her,eery
勉強,french inhale,[bsd.u]
勉強,[oops],potsu
勉強,oneofone_rwrk,eli filosov [ p h i l o ]
勉強,We Can't Be Friends,Dream Koala
勉強,cup.noodles_,[bsd.u]
勉強,The Girl I Haven't Met,Kudasaibeats
勉強,down by the brook,biosphere
勉強,Ji-Eun's Sunset,City Girl
勉強,Memories,Sugi.wa
勉強,Power NAP,dark cat
勉強,We've Never Met but Can We Have a Cup of Coffee or Something,In Love With a Ghost
勉強,Football Head,Flamingosis
勉強,Falling for U,Peachy!
勉強,Anything Like Her (feat. Tiffi),City Girl
勉強,Amsterdam,Peachy!
勉強,Peacefruit,BluntOne
勉強,tired,chief.
勉強,controlla,Idealism
勉強,Affection,Jinsang
勉強,"sincerely, yours",Nohidea
勉強,lovesick,potsu
勉強,Flowers,The Deli
勉強,Long Espresso,o k h o
勉強,this girl,Elijah Who
勉強,falling down,Nohidea
勉強,I Fell in Love with You One Night in September,Rook1e
勉強,Lonely,Idealism
勉強,Jovial,Limes
勉強,viola,eevee
勉強,Eternal Youth,RŮDE
勉強,"Sorry, I Like You",Burbank
勉強,I Fall in Love Too Easliy,Caleb Belkin
勉強,I'll Keep You Safe,sagun
勉強,Egyptian Pools,Jinsang
勉強,just ask,weird inside
勉強,I'm Sorry,Swell
勉強,Feblu,Flughand
勉強,I Don't Sleep,Sarcastic Sounds
勉強,Sakura Trees,Saib
勉強,my new love,Elijah Who
勉強,Sorry for Not Answering the Phone I'm Too Busy Trying to Fly Away,In Love With a Ghost
勉強,my heart flutters when i see you,biosphere
勉強,You're the Dream I Never Wanna Wake Up From,sad boy with a laptop
勉強,summer nights.,halberd
勉強,Game over!,Harris Cole
勉強,I Wish I Could Sleep,Nymano
勉強,Fade,Knowmadic
勉強,Bliss,Jinsang
勉強,i'm tired of feeling this way,Elijah Who
勉強,First Date,frad
勉強,人生のメリーゴーランド,Meine Meinung
勉強,Howl's Moving Castle Theme,Kyle Landry
勉強,Jinsei No Merry Goround (Howl's Moving Castle),Aun J-Classic Orchestra
勉強,"i'm in love with u, sorry",j'san
勉強,The Girl I Have a Crush On,frad
勉強,Walking in the Rain to a Café to Write Down Private Thoughts in Public,City Girl
勉強,I Have Love for Everyone Besides Myself.,Barnes Blvd.
勉強,seeing your name makes me happy,Burbank
勉強,nagashi,Idealism
勉強,coffee on the beach.,halberd
勉強,Time Flies.,Luv.Ly
勉強,喫茶店,frad
勉強,april showers,aqualina
勉強,sunrise,mt. fujitive
勉強,when the leaves come falling down,j'san
勉強,Too Much To Ask For,Fresh
勉強,passing,mommy
勉強,スモーク,SwuM
勉強,Smoking at Midnight,Tomppabeats
勉強,Sleepwalker,Smartface
勉強,Sakura III,Elijah Nang
bubblegum !,All the Small Things,GFOTY
bubblegum !,big bad wolf,shinigami
bubblegum !,hand crushed by a mallet,100 gecs
bubblegum !,314 (feat. Night Lovell),Dylan Brady
bubblegum !,NEVER MET!,CMTEN
bubblegum !,"Cyber Baby Angel, Pt. 1",Yameii Online
bubblegum !,claws,Charli xcx
bubblegum !,bad idea,osquinn
bubblegum !,Play Poker Remix - Remix,SEBii
bubblegum !,Be Nice 2 Me,Bladee
bubblegum !,Western Union,Ecco2k
bubblegum !,Blood Flow Down My Wrist,Kay P
bubblegum !,denial,kurtains
bubblegum !,Hold Fast,San Holo
bubblegum !,devil cry,whitetrash
bubblegum !,Colorblind,Panda Eyes
bubblegum !,Butterfly Bankai,SEBii
bubblegum !,Earring - Dylan Brady Remix,Instupendo
bubblegum !,Hai Domo,Cao White
bubblegum !,Die by Fire,David Shawty
bubblegum !,Monster,Capoxxo
bubblegum !,xXXi_wud_nvrstøp_ÜXXx (Remix) [feat. Tommy Cash & Hannah Diamond],100 gecs
bubblegum !,Liquid,99jakes
bubblegum !,breathless,d1v
bubblegum !,astrid,glaive
bubblegum !,Friday Night Basement,Yameii Online
bubblegum !,Everything OK (feat. Night Lovell),Cali Cartier
bubblegum !,No Sleep,Gab3
bubblegum !,Do or Die,Tony Velour
bubblegum !,Victory,San Holo
bubblegum !,dropout,brakence
bubblegum !,Miku,Anamanaguchi
bubblegum !,i dont want that many friends in the first place,osquinn
bubblegum !,Ferrari,Alice Gas
bubblegum !,cybercrush222,han.irl <3
"Spread Those Cheeks Girl, Vol 1-3",I Wanna Be Down,Brandy
"Spread Those Cheeks Girl, Vol 1-3",Anything,SWV
"Spread Those Cheeks Girl, Vol 1-3",Candy Rain,Soul For Real
"Spread Those Cheeks Girl, Vol 1-3",Just One Of Those Days,Monica
"Spread Those Cheeks Girl, Vol 1-3",Brown Sugar,D'Angelo
"Spread Those Cheeks Girl, Vol 1-3",Freek'n U (feat. Jodeci & Raekwon),Ghostface Killah
"Spread Those Cheeks Girl, Vol 1-3",My Boo - Radio Mix,Ghost Town DJs
"Spread Those Cheeks Girl, Vol 1-3",Can't Be Wasting My Time - One Dread One Ball Head Version,Mona Lisa
"Spread Those Cheeks Girl, Vol 1-3",Head Over Heels (feat. Nas),Allure
"Spread Those Cheeks Girl, Vol 1-3",Creep,TLC
"Spread Those Cheeks Girl, Vol 1-3",Keep Tryin',Groove Theory
"Spread Those Cheeks Girl, Vol 1-3",It's a Party (feat. Zhane),Busta Rhymes
"Spread Those Cheeks Girl, Vol 1-3",Steelo,702
"Spread Those Cheeks Girl, Vol 1-3",Hot Like Fire (feat Timbaland and Missy Elliott),Aaliyah
"Spread Those Cheeks Girl, Vol 1-3",In My Bed - So So Def Mix,Dru Hill
"Spread Those Cheeks Girl, Vol 1-3",Swing My Way - Radio Version,K.P. & Envyi
"Spread Those Cheeks Girl, Vol 1-3",Love You Down,INOJ
"Spread Those Cheeks Girl, Vol 1-3",Beep Me 911 (feat. 702 & Magoo),Missy Elliott
"Spread Those Cheeks Girl, Vol 1-3",You Make Me Wanna...,USHER
"Spread Those Cheeks Girl, Vol 1-3",Movin' On,Mýa
"Spread Those Cheeks Girl, Vol 1-3",Touch Me Tease Me,Case
"Spread Those Cheeks Girl, Vol 1-3",Someone (feat. Puff Daddy),SWV
"Spread Those Cheeks Girl, Vol 1-3",Love Is All We Need,Mary J. Blige
"Spread Those Cheeks Girl, Vol 1-3",Let's Ride,Montell Jordan
"Spread Those Cheeks Girl, Vol 1-3",What About Us,Total
"Spread Those Cheeks Girl, Vol 1-3",Get Involved,Raphael Saadiq
"Spread Those Cheeks Girl, Vol 1-3",Too Close,Next
"Spread Those Cheeks Girl, Vol 1-3","U Know What's Up (feat. Lisa ""Left Eye"" Lopes)",Donell Jones
"Spread Those Cheeks Girl, Vol 1-3",My Love Is the Shhh!,Somethin' For The People
"Spread Those Cheeks Girl, Vol 1-3",Thank God I Found You (feat. Joe & Nas) - Make It Last Remix,Mariah Carey
"Spread Those Cheeks Girl, Vol 1-3",I Can Love You,Mary J. Blige
"Spread Those Cheeks Girl, Vol 1-3",I Get Lonely,Janet Jackson
"Spread Those Cheeks Girl, Vol 1-3",Body Bumpin' (Yippie-Yi-Yo),Public Announcement
"Spread Those Cheeks Girl, Vol 1-3",My Body,LSG
"Spread Those Cheeks Girl, Vol 1-3",I Belong To You (Every Time I See Your Face),Rome
"Spread Those Cheeks Girl, Vol 1-3",The Things That You Do - Bad Boy Remix,Gina Thompson
"Spread Those Cheeks Girl, Vol 1-3",At Your Best (You Are Love) - Gangstar Child Remix,Aaliyah
"Spread Those Cheeks Girl, Vol 1-3",Tell Me,Groove Theory
"Spread Those Cheeks Girl, Vol 1-3",Come & Talk To Me,Jodeci
"Spread Those Cheeks Girl, Vol 1-3","Can We (feat. Missy ""Misdemeanor"" Elliott)",SWV
"Spread Those Cheeks Girl, Vol 1-3",T-Shirt & Panties,Adina Howard
"Spread Those Cheeks Girl, Vol 1-3",Let's Get Down,Tony! Toni! Toné!
"Spread Those Cheeks Girl, Vol 1-3",4 Page Letter,Aaliyah
"Spread Those Cheeks Girl, Vol 1-3",Cheers 2 U,Playa
"Spread Those Cheeks Girl, Vol 1-3",Get It Together,702
"Spread Those Cheeks Girl, Vol 1-3",Breakdown (feat. Krayzie Bone & Wish Bone),Mariah Carey
"Spread Those Cheeks Girl, Vol 1-3",Freak Like Me,Adina Howard
"Spread Those Cheeks Girl, Vol 1-3",You're Making Me High,Toni Braxton
"Spread Those Cheeks Girl, Vol 1-3",I Miss You (Come Back Home),Monifah
"Spread Those Cheeks Girl, Vol 1-3",Everyday & Everynight,Yvette Michelle
"Spread Those Cheeks Girl, Vol 1-3",Can't You See (feat. The Notorious B.I.G.),Total
"Spread Those Cheeks Girl, Vol 1-3",Come See Me,112
"Spread Those Cheeks Girl, Vol 1-3",I Love You - Remix,Mary J. Blige
"Spread Those Cheeks Girl, Vol 1-3",You're the One,SWV
"Spread Those Cheeks Girl, Vol 1-3",Before You Walk Out Of My Life - Pete Rock Mix,Monica
"Spread Those Cheeks Girl, Vol 1-3","I Wanna Be Down (feat. Queen Latifah, Yo-Yo & MC Lyte) - Remix",Brandy
"Spread Those Cheeks Girl, Vol 1-3",Gotta Go Down,Doo Wop
"Spread Those Cheeks Girl, Vol 1-3",Loungin (Who Do Ya Luv) - Remix,LL COOL J
"Spread Those Cheeks Girl, Vol 1-3",Sock It 2 Me (feat. Da Brat),Missy Elliott
"Spread Those Cheeks Girl, Vol 1-3",None Of Ur Friends Business,Ginuwine
"Spread Those Cheeks Girl, Vol 1-3",Pt. 2 (feat. Tupac Shakur),Jon B.
"Spread Those Cheeks Girl, Vol 1-3",The Roof (Back In Time) - Mobb Deep Edit,Mariah Carey
"Spread Those Cheeks Girl, Vol 1-3",Nice & Slow - Radio Version,USHER
"Spread Those Cheeks Girl, Vol 1-3",Did You Ever Think (feat. Nas) - Remix - Radio Edit,R. Kelly
"Spread Those Cheeks Girl, Vol 1-3",Anywhere,112
Esta Ambición Desmedida,Un Veneno,C. Tangana
Esta Ambición Desmedida,Demasiadas Mujeres,C. Tangana
Esta Ambición Desmedida,Nunca Estoy,C. Tangana
Esta Ambición Desmedida,Comerte Entera,C. Tangana
Esta Ambición Desmedida,Tú Me Dejaste De Querer,C. Tangana
Esta Ambición Desmedida,Los Tontos - Live at NPR's Tiny Desk,C. Tangana
Esta Ambición Desmedida,Ateo,C. Tangana
Esta Ambición Desmedida,La Culpa (feat. Canelita),C. Tangana
Esta Ambición Desmedida,Me Maten - Live at NPR's Tiny Desk,C. Tangana
Esta Ambición Desmedida,Yate,C. Tangana
Esta Ambición Desmedida,CAMBIA!,C. Tangana
Esta Ambición Desmedida,Párteme La Cara,C. Tangana
Esta Ambición Desmedida,Muriendo De Envidia,C. Tangana
Esta Ambición Desmedida,Tocarte,Jorge Drexler
Esta Ambición Desmedida,Nominao,C. Tangana
Esta Ambición Desmedida,Como habla una mujer (feat. C. Tangana),Paula Cendejas
Esta Ambición Desmedida,Te Olvidaste,C. Tangana
Esta Ambición Desmedida,Cuándo Olvidaré,C. Tangana
Esta Ambición Desmedida,Un Veneno - G-Mix,C. Tangana
Esta Ambición Desmedida,Para Repartir,C. Tangana
Esta Ambición Desmedida,Hong Kong,C. Tangana
Esta Ambición Desmedida,Los Tontos,C. Tangana
Bachstreet Boys,"Schwanengesang, D.957: No. 4 Serenade",Franz Schubert
Bachstreet Boys,"13 Pieces for Piano, Op. 76: II. Etude",Jean Sibelius
Bachstreet Boys,"Swan Lake, Op. 20, Act II No. 10: Scène. Moderato",Pyotr Ilyich Tchaikovsky
Bachstreet Boys,"Six Pieces, Op. 51, TH 143: VI. Valse sentimentale. Tempo di Valse",Pyotr Ilyich Tchaikovsky
Bachstreet Boys,"Nocturne No. 19 in E Minor, Op. 72, No. 1",Frédéric Chopin
Bachstreet Boys,"Debussy: Syrinx, CD 137, L. 129",Claude Debussy
Bachstreet Boys,"Sonata in F Minor, K.183: Allegro",Domenico Scarlatti
Bachstreet Boys,"Schwanengesang, D. 957: IV. Ständchen",Franz Schubert
Bachstreet Boys,"Boccherini: Guitar Quintet No. 4 in D Major, G. 448 ""Fandango"": IV. Fandango",Luigi Boccherini
Bachstreet Boys,"Symphony No. 88 in G Major, Hob.I:88: I. Adagio - Allegro",Joseph Haydn
Bachstreet Boys,"Scherzo-Tarantelle, Op. 16",Henryk Wieniawski
Bachstreet Boys,"Danzas Españolas, Op. 23: No. 6 - Zapateado, Op. 23 No. 2",Pablo de Sarasate
Bachstreet Boys,"Sonata à 4 ""La carolietta""",Johann Heinrich Schmelzer
Bachstreet Boys,"Cantata ""Wir danken dir, Gott, wir danken dir"", BWV 29 (Ratswechsel 1731): I. Sinfonia (Arr. By Matthias Höfs)",Johann Sebastian Bach
Bachstreet Boys,"Haydn: Trumpet Concerto in E-Flat Major, Hob. VIIe:1: I. Allegro",Joseph Haydn
Bachstreet Boys,"Brandenburg Concerto No. 3 in G Major, BWV 1048: I. [Allegro]",Johann Sebastian Bach
Bachstreet Boys,"Brandenburg Concerto No. 3 in G Major, BWV 1048: III. Allegro",Johann Sebastian Bach
Bachstreet Boys,"Canon en Re Mayor, P. 37: I. Canon",Johann Pachelbel
Bachstreet Boys,Suspiros de España - Pasodoble,Real Orquesta Sinfonica De Sevilla
Bachstreet Boys,"Passacaglia in C Minor, BWV 582",Johann Sebastian Bach
Ana Iris Simón,El Titiritero,Joan Manuel Serrat
Ana Iris Simón,Alba,Antonio Flores
Ana Iris Simón,Por Allí Viene Durruti,El Violinista del Amor & Los Pibes Que Miraban
Ana Iris Simón,El Niño Yuntero,Carmen Linares
Ana Iris Simón,"¡Hola, Mi Amor!",Junco
Ana Iris Simón,Del Sur A Cataluña,Tijeritas
Ana Iris Simón,Escuela de Calor,Radio Futura
Ana Iris Simón,Son Ilusiones - Remasterizado 2015,Los Chichos
Ana Iris Simón,Si los curas comieran chinas del río (con Evaristo de Gatillazo),Porretas
Ana Iris Simón,"A la mancha, manchegos",Manuel Luna
Ana Iris Simón,El Emigrante,Juanito Valderrama
Ana Iris Simón,Mar Antiguo - En Directo,El Último De La Fila
Ana Iris Simón,Mi Agüita Amarilla,Los Toreros Muertos
Ana Iris Simón,Sevilla Tiene un Color Especial,Los Del Rio
Ana Iris Simón,Tú me sobrevuelas,Los Burros
Ana Iris Simón,Carbón y Ramas Secas,Manolo Garcia
Ana Iris Simón,Gijón,Pablo Und Destruktion
Ana Iris Simón,Cuando el Mar te Tenga - En Directo,El Último De La Fila
Ana Iris Simón,Uva de la Vieja Parra - En Directo,El Último De La Fila
Ana Iris Simón,Turu turai,Remedios Amaya
Ana Iris Simón,El Vaquilla,Los Chichos
puta soy tu nuevo novio 🤬,Me Gustaron Tus Nai,Soto Asa
puta soy tu nuevo novio 🤬,Mmm Tkm,LEÏTI
puta soy tu nuevo novio 🤬,Hentai,Sticky M.A.
puta soy tu nuevo novio 🤬,Viaje Espacial (feat. Cesar AC),Nevo Angel
puta soy tu nuevo novio 🤬,Solo,Sticky M.A.
puta soy tu nuevo novio 🤬,Stussy,Nevo Angel
puta soy tu nuevo novio 🤬,Guiness,Recycled J
puta soy tu nuevo novio 🤬,Money,C.R.O
puta soy tu nuevo novio 🤬,Malito,Sticky M.A.
puta soy tu nuevo novio 🤬,Tate Pendiente,Papi Trujillo
puta soy tu nuevo novio 🤬,Ya No,Sticky M.A.
puta soy tu nuevo novio 🤬,Mami Dónde Estás?,Sticky M.A.
puta soy tu nuevo novio 🤬,Still Rapping (feat. Steve Lean),C. Tangana
puta soy tu nuevo novio 🤬,5 Stars (feat. Polimá Westcoast),C. Tangana
puta soy tu nuevo novio 🤬,Poli M.A.,Sticky M.A.
puta soy tu nuevo novio 🤬,Klub,Soto Asa
Las 10 de Delaossa,Replace Me (feat. Big Sean & Don Toliver),Nas
Las 10 de Delaossa,Juro Que,ROSALÍA
Las 10 de Delaossa,Quicksand,Morray
Las 10 de Delaossa,El Anhelo - Bulerías,Israel Fernández
Las 10 de Delaossa,Money Keep Coming,YK Osiris
Las 10 de Delaossa,Locura (Agustico),Pepe y Vizio
Las 10 de Delaossa,BUENOS AIRES,NATHY PELUSO
Las 10 de Delaossa,LOYAL (feat. Drake),PARTYNEXTDOOR
Las 10 de Delaossa,96ERS,Hoke
Las 10 de Delaossa,ISSEY MIYAKE,Cruz Cafuné
Las 10 de Cruz Cafuné,Un Booty Nuevo,Jowell & Randy
Las 10 de Cruz Cafuné,Winona,DJ BORING
Las 10 de Cruz Cafuné,SAVAGE ANTHEM,PARTYNEXTDOOR
Las 10 de Cruz Cafuné,Perros,ABHIR
Las 10 de Cruz Cafuné,64',Kaash Paige
Las 10 de Cruz Cafuné,Chingy (It’s Whatever),Digga D
Las 10 de Cruz Cafuné,Kelegbe Megbe (Know your level),Adekunle Gold
Las 10 de Cruz Cafuné,You’re Mines Still (feat. Drake),Yung Bleu
Las 10 de Cruz Cafuné,Molasses,Kwaku Asante
Las 10 de Cruz Cafuné,Without,Shy Girls
Hip Hop Oriental,HIP HOP GAME,ECD
Hip Hop Oriental,Hungry Strut,KOHEI JAPAN
Hip Hop Oriental,ミスターWICKED,ECD
Hip Hop Oriental,Murda！！！！（Killa Emcee）feat． TOKONA－X,DABO
Hip Hop Oriental,坂間広平スタイル,KOHEI JAPAN
Hip Hop Oriental,난 널 원해,Drunken Tiger
Hip Hop Oriental,Spiral,Nujabes
Hip Hop Oriental,Road to Nowhere,DJ KRUSH
Hip Hop Oriental,Sky is Tumbling (feat. Cise Star),Nujabes
Hip Hop Oriental,所以說 (feat. 李大奔 & 王子）,VaVa
Hip Hop Oriental,風的顏色,NINEONE赵馨玥
Hip Hop Oriental,LOVE STORY,Epik High
Hip Hop Oriental,D.I.W.D,VaVa
Hip Hop Oriental,KAZINO,BIBI
Hip Hop Oriental,"Doctor Pepper (feat. CL, RiFF RAFF & OG Maco)",CL
Hip Hop Oriental,Bet On Me,Suboi
Hip Hop Oriental,N-Sao?,Suboi
Hip Hop Oriental,16 Hours,Higher Brothers
Hip Hop Oriental,Money Game (feat. Vava),Bohan Phoenix
Hip Hop Oriental,Dat $tick,Rich Brian
Hip Hop Oriental,Mijangwon (feat. Loopy & Nafla),Dumbfoundead
Hip Hop Oriental,My Wrist Clearer Than Water!,Keith Ape
Hip Hop Oriental,Gospel,Rich Brian
Hip Hop Oriental,十面埋伏2,艾菲 & 李斯丹妮
Hip Hop Oriental,Psycho,Jin Dogg
Hip Hop Oriental,"Dirty Vibe (with Diplo, G-Dragon, and CL)",Skrillex
Hip Hop Oriental,我的新衣 (feat. Ty. & 王倩倩),VaVa
Hip Hop Oriental,In 20XX,Dos Monos
Lo-Fi,I Wish You Cared,BVG
Lo-Fi,Lagoon,Casiio
Lo-Fi,Journey,Tenno
Lo-Fi,Blue Terrain,Refeeld
Lo-Fi,Fever,Psalm Trees
Lo-Fi,Wish You Were Mine,Sarcastic Sounds
Lo-Fi,Infused,Yasper
Lo-Fi,Stargazing,S N U G
Lo-Fi,Snooze,S N U G
Lo-Fi,Dreams of You,S N U G
Lo-Fi,Blankets,S N U G
Lo-Fi,Vivid Memories,Otaam
Lo-Fi,Breathing in October,softy
Lo-Fi,Those Were the Days,Kupla
Lo-Fi,Helpless,Team Astro
Lo-Fi,Lost,Kanisan
Lo-Fi,distant,petunie
Lo-Fi,November to December,Kr0w
Lo-Fi,wind chimes,fallen shores 
Lo-Fi,Far Away,Nothingtosay
Lo-Fi,Time Goes By,Kupla
Lo-Fi,Sunday Fog,goosetaf
Lo-Fi,Floating Away,Glimlip
Lo-Fi,don't lie to me,Kayou.
Lo-Fi,balter,aesthetic boi
Lo-Fi,Loneliest Hour,Jordy Chandra
Lo-Fi,Night Picknick,Shierro
Lo-Fi,Lost in Echoes,S N U G
Lo-Fi,Everything Will Be Ok,Thaehan
Lo-Fi,Distant Memories,Kyoshin
Lo-Fi,Heartstrings,Cold Glow
Lo-Fi,Still With You,Smyang Piano
Lo-Fi,Itai,Ottom
Lo-Fi,A Time for You,Arvnd
Lo-Fi,A New Bloom,Cold Glow
Lo-Fi,"Deer, Lion and Eagle",Arvnd
Lo-Fi,Magnolia,Smyang Piano
Lo-Fi,January 5th,Smyang Piano
Lo-Fi,aubade,ENRA
Lo-Fi,Find Yourself,Thaehan
Lo-Fi,Honey & Lemon,Lilac
Lo-Fi,Café Walk,Arvnd
Lo-Fi,Dear to Me,Towerz
Lo-Fi,If Only You Knew,Slowheal
Lo-Fi,Rendezvous,Ageturner
Lo-Fi,Friends in Different Seasons,~flynn
Lo-Fi,Slow Days,Lomtre
Lo-Fi,I have seen your eyes,eugenio izzi
Lo-Fi,Steven Universe,L.Dre
Lo-Fi,"Somewhere, in the Woods...",SubTrailss
Lo-Fi,Call Me Back,Ageturner
Lo-Fi,Dreamscape,Spencer Hunt
Lo-Fi,Single Phial,HM Surf
Lo-Fi,First Date,frad
Lo-Fi,Spells to fall asleep,Miscél
Lo-Fi,Find Someone,Retro Jungle
Lo-Fi,Waking up Slowly,No Spirit
Lo-Fi,Lunar Drive,Mondo Loops
Lo-Fi,Backpack City,Flovry
Lo-Fi,Celes ( Dj CUTMAN Remix),GameChops
Lo-Fi,I Was Thinking About Us,Bluedoom
Lo-Fi,I Promised Myself I Wouldn't Cry In The Club Rn,cbakl
Lo-Fi,Sleep by the Waves,Leavv
Lo-Fi,Yuna Studies Shaolin,Dj Cutman
Lo-Fi,Snowfall,Idealism
Lo-Fi,hide,Miscél
Lo-Fi,OdeToYou,Flitz&Suppe
Lo-Fi,come with me,Miscél
Lo-Fi,Nostalgia,Inteus
Lo-Fi,Perpetual,goosetaf
Lo-Fi,I Try Really Hard...,Frrb
Lo-Fi,downstairs,stream_error
Lo-Fi,winterglow,Elior
Lo-Fi,Shooting Star,C4C
Lo-Fi,Persist,invention_
Lo-Fi,Hau Nalu,FloFilz
Lo-Fi,Ethereal Traces,Sillage
Lo-Fi,Sad but Cute,obrabts
Lo-Fi,Childhood Imagination,Homie Cat
Lo-Fi,Lonely City,Lately Lui
Lo-Fi,The Night Will End,Plastic Patina
Lo-Fi,sleepwalking,ENRA
Lo-Fi,Always Miss You,Kupla
Lo-Fi,Autumn Lullaby,w00ds
Lo-Fi,Trees.,Korou.
Lo-Fi,Until I disappear,stream_error
Lo-Fi,Somewhere Far Away,Pebelone
Lo-Fi,if only,Cotton Vibe
Lo-Fi,Keep Friends Close,tender spring
Lo-Fi,After Sunset,Project AER
Lo-Fi,Kickflip My Gradma Off the Stairs,Frrb
Lo-Fi,It Takes Time,Caulden
Lo-Fi,sunshine & butterflies,LilyPichu
Lo-Fi,Snowflakes,Thaehan
Lo-Fi,Nuit Blanche,C4C
Lo-Fi,Highest In The Room,Lofi Fruits Music
Lo-Fi,Redbone,Dontcry
Lo-Fi,having psychic powers doesn't make you popular,amphee
Lo-Fi,The Great Sea,Mikel
Lo-Fi,Sugarless,The Field Tapes
POST PUNK RUSO,Iron Lung,Black Marble
POST PUNK RUSO,Alps,Motorama
POST PUNK RUSO,Things I Don't Need,Human Tetris
POST PUNK RUSO,Empty Bed,Motorama
POST PUNK RUSO,На старых сидениях кинотеатра,Buerak
POST PUNK RUSO,Baltic Sea,Human Tetris
POST PUNK RUSO,Warm Memory,Human Tetris
POST PUNK RUSO,Судно (Борис Рижий),Molchat Doma
POST PUNK RUSO,Hay Que Abandonar Este Lugar,Depresión Sonora
POST PUNK RUSO,Клетка,Molchat Doma
POST PUNK RUSO,Holod,Super Besse
POST PUNK RUSO,A Great Design,Black Marble
POST PUNK RUSO,Heavy Wave,Motorama
POST PUNK RUSO,Страсть к курению,Buerak
POST PUNK RUSO,Soviet Encounter Problem,corn wave
POST PUNK RUSO,мёртвый вечер,мой друг магнитофон
POST PUNK RUSO,Voyage,Motorama
POST PUNK RUSO,Posmotri na Menia,Super Besse
POST PUNK RUSO,Wind in Her Hair,Motorama
POST PUNK RUSO,One Moment,Motorama
POST PUNK RUSO,Танцевать,Molchat Doma
POST PUNK RUSO,Взгляды,ЭЛЕКТРОЦОЙ
POST PUNK RUSO,Ya No Hay Verano,Depresión Sonora
POST PUNK RUSO,PDA,Day Wave
POST PUNK RUSO,Kiss Me Until My Lips Fall Off,Lebanon Hanover
POST PUNK RUSO,Корень имбиря (Remastered),Buerak
POST PUNK RUSO,Porch,Meena
POST PUNK RUSO,Truth or Lie,Hapax
POST PUNK RUSO,Тоска,Molchat Doma
POST PUNK RUSO,Dime Que Me Odias,Depresión Sonora
POST PUNK RUSO,Žorstka,Nürnberg
POST PUNK RUSO,Biessensoŭnasć,Nürnberg
POST PUNK RUSO,Pole Star,Motorama
POST PUNK RUSO,Far Away From The City,Motorama
POST PUNK RUSO,Sailor's Song,Motorama
POST PUNK RUSO,Disorder,Freak Slug
POST PUNK RUSO,Усталость от безделья,Buerak
POST PUNK RUSO,Melancholy,Human Tetris
POST PUNK RUSO,Swing Lynn,Harmless
POST PUNK RUSO,Perséfone,Dolphant
POST PUNK RUSO,Gallowdance,Lebanon Hanover
POST PUNK RUSO,Always Then,The KVB
POST PUNK RUSO,Закладка,Ploho
POST PUNK RUSO,Los,Nürnberg
POST PUNK RUSO,Rasplyvajecca,Nürnberg
POST PUNK RUSO,No Light,A Projection
POST PUNK RUSO,Tomorrow for Us,Rosetta Stone
POST PUNK RUSO,Age of Consent - 2015 Remaster,New Order
POST PUNK RUSO,Раньше в твоих глазах...,Kino
POST PUNK RUSO,Pain,Boy Harsher
POST PUNK RUSO,Collene,Black Marble
POST PUNK RUSO,Go Away,Hvmvn
POST PUNK RUSO,Dead Disco Dancer,O. Children
POST PUNK RUSO,Net Nichego,Super Besse
POST PUNK RUSO,She Is Lost,The Foreign Resort
POST PUNK RUSO,Влюблённый Альфонс,Buerak
POST PUNK RUSO,Anchor,Motorama
POST PUNK RUSO,Love in Winter,Palm Ghosts
POST PUNK RUSO,The Style Is Death,Forever Grey
POST PUNK RUSO,During The Years,Motorama
POST PUNK RUSO,Mne Vse Odno,Super Besse
POST PUNK RUSO,Up,Motorama
POST PUNK RUSO,Tak Silno,Super Besse
POST PUNK RUSO,I Sit Next to an Empty Seat,Mega Happy
POST PUNK RUSO,Prikazano,Super Besse
POST PUNK RUSO,Leave Behind,Eddie the Wheel
POST PUNK RUSO,Тишина,Molchat Doma
POST PUNK RUSO,Rodina,Super Besse
POST PUNK RUSO,Euroshima,Rendez Vous
POST PUNK RUSO,Distance,Rendez Vous
POST PUNK RUSO,She Needs Him,Her's
POST PUNK RUSO,Another Day,Human Tetris
POST PUNK RUSO,La Casa del Árbol,Depresión Sonora
POST PUNK RUSO,"Generación Perdida, Diversión Prohibida",Depresión Sonora
POST PUNK RUSO,Ghost,Motorama
POST PUNK RUSO,Letter Home,Motorama
POST PUNK RUSO,Durdu Dünya,She Past Away
POST PUNK RUSO,Hasta Que Llegue la Muerte,Depresión Sonora
POST PUNK RUSO,The Marionette,A Slice Of Life
POST PUNK RUSO,Motion,Boy Harsher
POST PUNK RUSO,After Dark,Mr.Kitty
POST PUNK RUSO,Люди Надоели,Molchat Doma
POST PUNK RUSO,Berlin Zoo,Super Besse
POST PUNK RUSO,Fantasmas,Twin Tribes
POST PUNK RUSO,In Ecstasy,Draa
POST PUNK RUSO,Parallel Words,Hapax
POST PUNK RUSO,Eternidad,Andrés Sustaita
POST PUNK RUSO,Next Time,A Projection
POST PUNK RUSO,Into Those Woods,Bragolin
POST PUNK RUSO,Eternidad - Original Mix,Andrés Sustaita
POST PUNK RUSO,Life as It Is,A Slice Of Life
POST PUNK RUSO,Panic Attack,A Slice Of Life
POST PUNK RUSO,Sorrow,A Slice Of Life
POST PUNK RUSO,First Encounters,The Ninth Wave
POST PUNK RUSO,Blood Dance,Stranger and Lovers
POST PUNK RUSO,the last one,chemical club
POST PUNK RUSO,Telescope,THYMIAN
POST PUNK RUSO,Shadows,Twin Tribes
POST PUNK RUSO,Dalliance,Processions
POST PUNK RUSO,jade,chemical club
Guitar Playlist,Dinner for Two,Nadav Cohen
Guitar Playlist,Flying Apart,Bequem
Guitar Playlist,Rise and Shine,Roelo
Guitar Playlist,Lazy with You,TABAL
Guitar Playlist,moonrise,Miles Kang
Guitar Playlist,Summer Daze,echoing tides
Guitar Playlist,I'm Home,Sachiho
Guitar Playlist,"Memory Of A Day That Hasn't Been, Yet",Chillpac
Guitar Playlist,Never The Same,Sebastian Kamae
Guitar Playlist,High Ways,Hoogway
Guitar Playlist,Gambit,Blue Wednesday
Guitar Playlist,Last Time,Swink
Guitar Playlist,Window Pane,morningtime
Guitar Playlist,Other Side,Toshiki Soejima
Guitar Playlist,simple life,C4C
Guitar Playlist,waiting,chief.
Guitar Playlist,my refuge,C4C
Guitar Playlist,Sunset Drive,DLJ
Guitar Playlist,Sunshine,azayaka
Guitar Playlist,Slow Summer Nights,Mindr
Guitar Playlist,Parasail,Dpsht
Guitar Playlist,Summer Memories,Dryden
Guitar Playlist,overboard,chief.
Guitar Playlist,lost sheep,C4C
Guitar Playlist,Oak Cabin,Swink
Guitar Playlist,From The Heart,Allem Iversom
Guitar Playlist,Soft Fall,Hoogway
Guitar Playlist,Moving On,Dontcry
Guitar Playlist,Breathe In,cxlt.
Guitar Playlist,Some Kind Of Peace,Slowheal
Guitar Playlist,Close Your Eyes,Hoogway
Guitar Playlist,our memories,yuume
Guitar Playlist,Long Drive,cxlt.
Guitar Playlist,It's like falling into the void,eugenio izzi
Guitar Playlist,Elsewhere,amies
Guitar Playlist,My Way,Gerardo Millán
Guitar Playlist,The Couch (I Hear The Morning Birds),Hoogway
Guitar Playlist,Foresight,Kainbeats
Guitar Playlist,Eventide,cxlt.
Guitar Playlist,Moonlight Soul,softy
Guitar Playlist,looking ahead,Juliàn
Guitar Playlist,Naptime,Casiio
Guitar Playlist,Summer of '04,Amess
Guitar Playlist,Rainforest,Swink
Guitar Playlist,Halo,Casiio
Guitar Playlist,Be Still,fnonose
Guitar Playlist,Don't Look Back,The Aether
Guitar Playlist,Hug Me,C4C
Guitar Playlist,"New Apartment, No Furniture",azayaka
Guitar Playlist,The Last Onod,Mondo Loops
Guitar Playlist,we'll be waiting a while,S N U G
Guitar Playlist,Sunflowers,Ambulo
Guitar Playlist,Talking Till Late,azayaka
Guitar Playlist,Now We Know,Charlee Nguyen
Guitar Playlist,hazelnut,S N U G
Guitar Playlist,Half Moon,chief.
Guitar Playlist,come along,steezy prime
Guitar Playlist,Pure,BIDØ
Guitar Playlist,Till Heaven Reunite Us,Pebelone
Guitar Playlist,Wind of the Galaxies,C4C
Guitar Playlist,Waiting for tomorrow,Arkei
Guitar Playlist,sunset drive,chief.
Guitar Playlist,where is the love?,Billy Hammer
Guitar Playlist,House By The Ocean,Vens Adams
Guitar Playlist,Last Breath,squeeda
Guitar Playlist,Last Summer,Kiraiyzu
Guitar Playlist,Under the Moonlight,Cammie
Guitar Playlist,ephemeral,ENRA
Guitar Playlist,Comfort Zone,Cotton Vibe
Guitar Playlist,Shoreline,Dreama
Guitar Playlist,Evening Echoes,eaup
Guitar Playlist,Outro,yuhei miura
Guitar Playlist,Up And Down,Juliàn
Guitar Playlist,Bate Papo,Louk
Guitar Playlist,Ficus,Sleep Powder
Guitar Playlist,Weightless,Second Harbor
Guitar Playlist,Bills Lullaby,obrabts
Guitar Playlist,communitas,Billy Hammer
Guitar Playlist,butterflies,sftspkn
Guitar Playlist,Hug,Toshiki Soejima
Guitar Playlist,Halcion,Nuncc
Guitar Playlist,Mystical,Ningen
Guitar Playlist,Swaying Palms,eaup
Guitar Playlist,Golden Days,franz.
Guitar Playlist,Tokyo,Toshiki Soejima
Guitar Playlist,Aspire,yuhei miura
Guitar Playlist,Polaroid Summer,Nadav Cohen
Guitar Playlist,Night Flight,Seeweed
Guitar Playlist,hey ya,Billy Hammer
Guitar Playlist,violet sky,Cotton Vibe
Guitar Playlist,Field Of Dreams,Theo Aabel
Guitar Playlist,last summer,Nosmoh
Guitar Playlist,seaside,Billy Hammer
Guitar Playlist,Memories,Yora
Guitar Playlist,goodbye autumn,under the maple tree
Guitar Playlist,Under The Tree,Happytear
Guitar Playlist,Hide and Seek,C4C
Guitar Playlist,Driftwood,Rinse Cycle
Guitar Playlist,Still,Aryan Jolly
Guitar Playlist,Moving,Blue Wednesday
ELMILLOR PLAYLIST,How to Be a Heartbreaker,MARINA
ELMILLOR PLAYLIST,5 O'Clock (feat. Lily Allen & Wiz Khalifa),T-Pain
ELMILLOR PLAYLIST,B.Y.O.B.,System Of A Down
ELMILLOR PLAYLIST,Black Betty,Ram Jam
ELMILLOR PLAYLIST,DJ Got Us Fallin' In Love (feat. Pitbull),USHER
ELMILLOR PLAYLIST,I Follow Rivers - The Magician Remix,Lykke Li
ELMILLOR PLAYLIST,I Like How It Feels,Enrique Iglesias
ELMILLOR PLAYLIST,Lights - Single Version,Ellie Goulding
ELMILLOR PLAYLIST,Primadonna,MARINA
ELMILLOR PLAYLIST,Turn Me On - feat. Nicki Minaj,David Guetta
ELMILLOR PLAYLIST,We R Who We R,Kesha
ELMILLOR PLAYLIST,Bubblegum Bitch,MARINA
ELMILLOR PLAYLIST,Lies,MARINA
ELMILLOR PLAYLIST,Oh No!,MARINA
ELMILLOR PLAYLIST,We Can't Stop,Miley Cyrus
ELMILLOR PLAYLIST,Party In The U.S.A.,Miley Cyrus
ELMILLOR PLAYLIST,When I Look At You,Miley Cyrus
ELMILLOR PLAYLIST,Bad Day,Daniel Powter
ELMILLOR PLAYLIST,99 Red Balloons,Goldfinger
ELMILLOR PLAYLIST,When I Come Around,Green Day
ELMILLOR PLAYLIST,I Wanna Go,Britney Spears
ELMILLOR PLAYLIST,Yeah 3x,Chris Brown
ELMILLOR PLAYLIST,Summer Paradise (feat. Sean Paul) - Single Version,Simple Plan
ELMILLOR PLAYLIST,I'm Just A Kid,Simple Plan
ELMILLOR PLAYLIST,All The Small Things,blink-182
ELMILLOR PLAYLIST,The Fox (What Does the Fox Say?),Ylvis
ELMILLOR PLAYLIST,River Below,Billy Talent
ELMILLOR PLAYLIST,Sandstorm,Darude
ELMILLOR PLAYLIST,Red Flag,Billy Talent
ELMILLOR PLAYLIST,Fallen Leaves,Billy Talent
ELMILLOR PLAYLIST,Hey Brother,Avicii
ELMILLOR PLAYLIST,"Turn Around (5,4,3,2,1)",Flo Rida
ELMILLOR PLAYLIST,The One That Got Away,Katy Perry
ELMILLOR PLAYLIST,Got 2 Luv U (feat. Alexis Jordan),Sean Paul
ELMILLOR PLAYLIST,So Good,B.o.B
ELMILLOR PLAYLIST,Magic - feat. Rivers Cuomo,B.o.B
ELMILLOR PLAYLIST,Wrecking Ball,Miley Cyrus
ELMILLOR PLAYLIST,Heart Attack,Demi Lovato
ELMILLOR PLAYLIST,Made In The USA,Demi Lovato
ELMILLOR PLAYLIST,Give Your Heart a Break,Demi Lovato
ELMILLOR PLAYLIST,Neon Lights,Demi Lovato
ELMILLOR PLAYLIST,I Knew You Were Trouble,Taylor Swift
ELMILLOR PLAYLIST,One More Night,Maroon 5
ELMILLOR PLAYLIST,Payphone,Maroon 5
ELMILLOR PLAYLIST,Daylight,Maroon 5
ELMILLOR PLAYLIST,This Love,Maroon 5
ELMILLOR PLAYLIST,She Will Be Loved,Maroon 5
ELMILLOR PLAYLIST,Monster,Skillet
ELMILLOR PLAYLIST,Over And Under,Egypt Central
ELMILLOR PLAYLIST,Monster (DotEXE Remix),Nightcore
ELMILLOR PLAYLIST,God Is A Girl,Nightcore
ELMILLOR PLAYLIST,Witchcraft,Nightcore
ELMILLOR PLAYLIST,Be Alive!,Nightcore
ELMILLOR PLAYLIST,Undead,Nightcore
ELMILLOR PLAYLIST,Be With You,Nightcore
ELMILLOR PLAYLIST,Someone Like You,Adele
ELMILLOR PLAYLIST,We'll Be Coming Back (feat. Example),Calvin Harris
ELMILLOR PLAYLIST,crushcrushcrush,Paramore
ELMILLOR PLAYLIST,Misery Business,Paramore
ELMILLOR PLAYLIST,Fences,Paramore
ELMILLOR PLAYLIST,Where The Hood At,DMX
ELMILLOR PLAYLIST,Time of Dying,Three Days Grace
ELMILLOR PLAYLIST,Gone Forever,Three Days Grace
ELMILLOR PLAYLIST,Animal I Have Become,Three Days Grace
ELMILLOR PLAYLIST,Riot,Three Days Grace
ELMILLOR PLAYLIST,Treasure,Bruno Mars
ELMILLOR PLAYLIST,Karma is a Bitch,Giedrė
ELMILLOR PLAYLIST,Disconnected,Pegboard Nerds
ELMILLOR PLAYLIST,Still into You,Paramore
ELMILLOR PLAYLIST,Ain't It Fun,Paramore
ELMILLOR PLAYLIST,Let Her Go,Passenger
ELMILLOR PLAYLIST,Flight,Tristam
ELMILLOR PLAYLIST,Gravity,Stereotronique
ELMILLOR PLAYLIST,I Remember,Tristam
ELMILLOR PLAYLIST,It's a Beautiful Day,Michael Bublé
ELMILLOR PLAYLIST,Call Me,Shinedown
ELMILLOR PLAYLIST,Second Chance,Shinedown
ELMILLOR PLAYLIST,Slow Down,Selena Gomez
ELMILLOR PLAYLIST,Come & Get It,Selena Gomez
ELMILLOR PLAYLIST,Come With Me [Deadmeat] (feat. Polina) - Deorro Remix,Steve Aoki
ELMILLOR PLAYLIST,Fireflies (Owl City Tribute Mix),Renegade Hit Makers
ELMILLOR PLAYLIST,"Let It Go - From ""Frozen""/Soundtrack Version",Idina Menzel
ELMILLOR PLAYLIST,Figure 8,Ellie Goulding
ELMILLOR PLAYLIST,Warrior,Disturbed
ELMILLOR PLAYLIST,Bullet Train (feat. Joni Fatora),Stephen Swartz
ELMILLOR PLAYLIST,Now,Paramore
ELMILLOR PLAYLIST,Pompeii,Bastille
ELMILLOR PLAYLIST,Finale (feat. Nicholas Petricca),Madeon
ELMILLOR PLAYLIST,You Make Me Feel... (feat. Sabi),Cobra Starship
ELMILLOR PLAYLIST,Ampersand,Stephen Walking
ELMILLOR PLAYLIST,Time Bomb (feat. Veela),Feint
ELMILLOR PLAYLIST,Get Dirty,Camo & Krooked
ELMILLOR PLAYLIST,Silver Scrapes (As Featured In League of Legends Season 2 World Championship),Danny McCarthy
ELMILLOR PLAYLIST,Let Me Out,Dover
ELMILLOR PLAYLIST,Do Ya,Dover
ELMILLOR PLAYLIST,Happy,Pharrell Williams
ELMILLOR PLAYLIST,Survival,Eminem
ELMILLOR PLAYLIST,Bullseye,KDrew
ELMILLOR PLAYLIST,Firestarter,KDrew
ELMILLOR PLAYLIST,Primadonna Girl - Radio Edit,All I Ever Wanted
Favorite・DREAMY,Hope,Genamusic
Favorite・DREAMY,Sleepless,w00ds
Favorite・DREAMY,Along for the Ride,Pyrosion
Favorite・DREAMY,Out of Town,Kupla
Favorite・DREAMY,embrace,mommy
Favorite・DREAMY,Silver Lining,Kupla
Favorite・DREAMY,Rise and Shine,Toshiki Soejima
Favorite・DREAMY,Sonidos del Barrio,Ghostnaut
Favorite・DREAMY,Night Owl,Picture Talk
Favorite・DREAMY,Desert Nights,Mondo Loops
Favorite・DREAMY,Champloo,Jav Cast
Favorite・DREAMY,Sasanqua,physis
Favorite・DREAMY,tiny wellspring,Gemp
Favorite・DREAMY,hoodie pic,S N U G
Favorite・DREAMY,Time Alone,Owen Who
Favorite・DREAMY,Summer Daze,echoing tides
Favorite・DREAMY,americano,kyoshi
Favorite・DREAMY,spf 50,Allem Iversom
Favorite・DREAMY,Old School Love,C4C
Favorite・DREAMY,Lone Reflections,nytø
Favorite・DREAMY,Do You Feel the Same,Kaiyo
Favorite・DREAMY,Coastline Breeze,Juliàn
Favorite・DREAMY,Blue Blossom,Rubus
Favorite・DREAMY,Out There,Dosi
Favorite・DREAMY,fljóta,Dinis
Favorite・DREAMY,Shimmering,softy
Favorite・DREAMY,Solitude,Hayne
Favorite・DREAMY,Coyote,WYS
Favorite・DREAMY,Your Touch,alhivi
Favorite・DREAMY,Enigma,Juliàn
Favorite・DREAMY,àsta,Dinis
Favorite・DREAMY,alpha ursae minoris,Dinis
Favorite・DREAMY,Carnations,luv pug
Favorite・DREAMY,Murai,Chau Sara
Favorite・DREAMY,One thousand and one nights,Amess
Favorite・DREAMY,deep dive,Dinis
Favorite・DREAMY,Dream Destination,HoKø
Favorite・DREAMY,kokoro,wind-up bird
Favorite・DREAMY,Memories,Nosmoh
Favorite・DREAMY,torn apart,fabeats
Favorite・DREAMY,Stardust,Banks
Favorite・DREAMY,Living ≠ Surviving,Charlee Nguyen
Favorite・DREAMY,Calm Journey,Blumen
Favorite・DREAMY,Left Behind,steezy prime
Favorite・DREAMY,Chasing Senses,Juliàn
Favorite・DREAMY,Across the River,Paoz
Favorite・DREAMY,First Leaf,Cookie Tapes
Favorite・DREAMY,Autumn Ode,Nowun
Favorite・DREAMY,Starry night in Babylon,Amess
Favorite・DREAMY,A Slight Hope,physis
Favorite・DREAMY,Forge Onwards,Kainbeats
Favorite・DREAMY,Contemplation,Juliàn
Favorite・DREAMY,Another Day,Roelo
Favorite・DREAMY,Paper Moon,Pevanni
Favorite・DREAMY,Nights Alone,yhellø
Favorite・DREAMY,The One I Love,Charlee Nguyen
Favorite・DREAMY,While the World Sleeps,softy
Favorite・DREAMY,aspirations,steezy prime
Favorite・DREAMY,Yellow Brick House,Hoogway
Favorite・DREAMY,running,im.fine
Favorite・DREAMY,Don't Leave,steezy prime
Favorite・DREAMY,Foresight,Kainbeats
Favorite・DREAMY,Safe Space,Mondo Loops
Favorite・DREAMY,At A Distance,Charlee Nguyen
Favorite・DREAMY,A Little Hope,Bcalm
Favorite・DREAMY,Danse avec la Nuit,HoKø
Favorite・DREAMY,Swinging Doors,steezy prime
Favorite・DREAMY,Flowerbed,chief.
Favorite・DREAMY,off the grid,beyond pluto
Favorite・DREAMY,Lost In Echoes,S N U G
Favorite・DREAMY,well worn,Cold Glow
Favorite・DREAMY,Promise,Kiraiyzu
Favorite・DREAMY,This Won't Last,Dyrean
Favorite・DREAMY,"My Personal, Personal experience through my memories",FIFexclamation
Favorite・DREAMY,We'll Be Alright,Palpal
Favorite・DREAMY,Blooming Soul,softy
Favorite・DREAMY,Projections,softy
Favorite・DREAMY,right next to you,Osaki
Favorite・DREAMY,letting go,Billy Hammer
Favorite・DREAMY,someday,under the maple tree
Favorite・DREAMY,empty spaces,Towerz
Favorite・DREAMY,We All Feel Darkness,Kainbeats
Favorite・DREAMY,Endless,Hoogway
Favorite・DREAMY,Wellspring,trxxshed
Favorite・DREAMY,escape,fabeats
Favorite・DREAMY,Slip under the sheets,eugenio izzi
Favorite・DREAMY,The Prophecy,Mondo Loops
Favorite・DREAMY,Away From Home,Ambian
Favorite・DREAMY,holding onto you,fabeats
Favorite・DREAMY,Dreamstate,cxlt.
Favorite・DREAMY,Like Lovers,Refeeld
Favorite・DREAMY,Duty Calls,Kainbeats
Favorite・DREAMY,Leaving,Bamf
Favorite・DREAMY,Answer Is In The Stars,Pebelone
Favorite・DREAMY,Sea of Clouds,Ageturner
Favorite・DREAMY,From the Window on My Roof,Charlie
Favorite・DREAMY,A Short Story,Dontcry
Favorite・DREAMY,Northland,Неделька
Favorite・DREAMY,tomorrow will be different,frad
Favorite・DREAMY,Lightning Aura,Romain Granger
naiki vibes ,Foreplay,Jalen Santoy
naiki vibes ,Lens,Frank Ocean
naiki vibes ,Exchange,Bryson Tiller
naiki vibes ,64',Kaash Paige
naiki vibes ,Shorty Wanna Be A Thug,2Pac
naiki vibes ,4r Da Squaw,Isaiah Rashad
naiki vibes ,Get You (feat. Kali Uchis),Daniel Caesar
naiki vibes ,Rapture,Original Koffee
naiki vibes ,pick up the phone (feat. Quavo),Young Thug
naiki vibes ,Tadow,Masego
naiki vibes ,Angels,A$AP Rocky
naiki vibes ,Faces,Roddy Ricch
naiki vibes ,PGT,PARTYNEXTDOOR
naiki vibes ,Xxplosive,Dr. Dre
naiki vibes ,Babushka Boi,A$AP Rocky
naiki vibes ,YOSEMITE,Travis Scott
naiki vibes ,B.E.D.,Jacquees
naiki vibes ,Mixed Personalities (feat. Kanye West),YNW Melly
naiki vibes ,Dolce,Soto Asa
naiki vibes ,Poetic Justice,Kendrick Lamar
naiki vibes ,5% TINT,Travis Scott
naiki vibes ,Die Young,Roddy Ricch
naiki vibes ,Hail Mary,2Pac
naiki vibes ,Only God Can Judge Me,2Pac
naiki vibes ,goosebumps,Travis Scott
naiki vibes ,Area Codes,Roddy Ricch
naiki vibes ,Brand New,Roddy Ricch
naiki vibes ,Down for Real,Roddy Ricch
naiki vibes ,All About Us,Jacquees
naiki vibes ,Smile,Isaiah Rashad
naiki vibes ,Free Lunch,Isaiah Rashad
naiki vibes ,Vuelvo a la Nena,Soto Asa
naiki vibes ,Bellagio,Dano
naiki vibes ,Mntp,Baby J & MLSHBTS
naiki vibes ,SIN MIRAR LAS SEÑALES,Rels B
naiki vibes ,Mírame a la Cara,Khaled
naiki vibes ,Veneno,Delaossa
naiki vibes ,Do For Love,2Pac
naiki vibes ,Un Veneno,C. Tangana
naiki vibes ,Me Gustaron Tus Nai,Soto Asa
naiki vibes ,Fields,GIVĒON
naiki vibes ,The Rain,Rejjie Snow
naiki vibes ,Can't C Me,2Pac
naiki vibes ,Persiguiéndonos,C. Tangana
naiki vibes ,Nights,Frank Ocean
naiki vibes ,Ivy,Frank Ocean
naiki vibes ,Peach Fuzz,"Tyler, The Creator"
naiki vibes ,Pink + White,Frank Ocean
naiki vibes ,Soon as I Get Home,Faith Evans
naiki vibes ,Si Yo Estuviera Enamorao,Juancho Marqués
naiki vibes ,Heartbreak Anniversary,GIVĒON
naiki vibes ,Acapella,Duki
naiki vibes ,Cayendo (Side A - Acoustic),Frank Ocean
naiki vibes ,Moon River,Frank Ocean
naiki vibes ,Get It Together,702
The Complete Pokémon Piano Covers Collection! || Darren Ang,"A Grand Tale (from ""PMD2: Explorers"")",Darren Ang
The Complete Pokémon Piano Covers Collection! || Darren Ang,"Professor Rowan's Lab (from ""Pokémon DPPt"")",Darren Ang
The Complete Pokémon Piano Covers Collection! || Darren Ang,"Route 29 (From ""Pokémon GSC"")",Darren Ang
The Complete Pokémon Piano Covers Collection! || Darren Ang,"Twinleaf Town (From ""Pokémon DPPt"")",Darren Ang
The Complete Pokémon Piano Covers Collection! || Darren Ang,"Littleroot Town (From ""Pokémon RSE"")",Darren Ang
The Complete Pokémon Piano Covers Collection! || Darren Ang,"Tiny Woods (from ""PMD1: Rescue Teams"")",Darren Ang
The Complete Pokémon Piano Covers Collection! || Darren Ang,"Route 201 (from ""Pokémon DPPt"")",Darren Ang
The Complete Pokémon Piano Covers Collection! || Darren Ang,"Cherrygrove City (From ""Pokémon GSC"")",Darren Ang
The Complete Pokémon Piano Covers Collection! || Darren Ang,"Capim Town (from ""PSMD"")",Darren Ang
The Complete Pokémon Piano Covers Collection! || Darren Ang,"Wigglytuff's Guild (from ""PMD2: Explorers"")",Darren Ang
The Complete Pokémon Piano Covers Collection! || Darren Ang,"Route 1 (From ""Pokémon GSC"")",Darren Ang
The Complete Pokémon Piano Covers Collection! || Darren Ang,"Route 2 (From ""Pokémon BW"")",Darren Ang
The Complete Pokémon Piano Covers Collection! || Darren Ang,"Viridian City (From ""Pokémon RBY"")",Darren Ang
The Complete Pokémon Piano Covers Collection! || Darren Ang,"Pokémon Center (Night) (from ""Pokémon DPPt"")",Darren Ang
The Complete Pokémon Piano Covers Collection! || Darren Ang,"Oldale Town (From ""Pokémon RSE"")",Darren Ang
The Complete Pokémon Piano Covers Collection! || Darren Ang,"Azalea Town (From ""Pokémon GSC"")",Darren Ang
The Complete Pokémon Piano Covers Collection! || Darren Ang,"Lake (From ""Pokémon DPPt"")",Darren Ang
The Complete Pokémon Piano Covers Collection! || Darren Ang,"Route 3 (From ""Pokémon GSC"")",Darren Ang
The Complete Pokémon Piano Covers Collection! || Darren Ang,"Route 34 (From ""Pokémon GSC"")",Darren Ang
The Complete Pokémon Piano Covers Collection! || Darren Ang,"Seafolk Village (From ""Pokémon SM"")",Darren Ang
The Complete Pokémon Piano Covers Collection! || Darren Ang,"Canalave City (From ""Pokémon DPPT"")",Darren Ang
The Complete Pokémon Piano Covers Collection! || Darren Ang,"Waterfall Cave (from ""PMD2: Explorers"")",Darren Ang
The Complete Pokémon Piano Covers Collection! || Darren Ang,"National Park (from ""Pokémon HGSS"")",Darren Ang
The Complete Pokémon Piano Covers Collection! || Darren Ang,"Cianwood City (From ""Pokémon HGSS"")",Darren Ang
The Complete Pokémon Piano Covers Collection! || Darren Ang,"Ecruteak City (From ""Pokémon HGSS"")",Darren Ang
The Complete Pokémon Piano Covers Collection! || Darren Ang,"Village Bridge (from ""Pokémon BW"")",Darren Ang
The Complete Pokémon Piano Covers Collection! || Darren Ang,"Jubilife City (from ""Pokémon DPPt"")",Darren Ang
The Complete Pokémon Piano Covers Collection! || Darren Ang,"Valor Lakefront (From ""Pokémon DPPt"")",Darren Ang
The Complete Pokémon Piano Covers Collection! || Darren Ang,"Route 209 (From ""Pokémon DPPT"")",Darren Ang
The Complete Pokémon Piano Covers Collection! || Darren Ang,"Hearthome City (From ""Pokemon DPPT"")",Darren Ang
The Complete Pokémon Piano Covers Collection! || Darren Ang,"Eterna Forest (From ""Pokémon DPPT"")",Darren Ang
The Complete Pokémon Piano Covers Collection! || Darren Ang,"Veilstone City (From ""Pokémon DPPt"")",Darren Ang
The Complete Pokémon Piano Covers Collection! || Darren Ang,"Eterna City (From ""Pokémon DPPt"")",Darren Ang
The Complete Pokémon Piano Covers Collection! || Darren Ang,"Dragonspiral Tower (From ""Pokémon BW"")",Darren Ang
The Complete Pokémon Piano Covers Collection! || Darren Ang,"Lavender Town (From ""Pokémon RBY"")",Darren Ang
The Complete Pokémon Piano Covers Collection! || Darren Ang,"Paniola Ranch (From ""Pokémon SM"")",Darren Ang
The Complete Pokémon Piano Covers Collection! || Darren Ang,"Sandgem Town (From ""Pokémon DPPt"")",Darren Ang
The Complete Pokémon Piano Covers Collection! || Darren Ang,"Vermillion City (From ""Pokémon RBY"")",Darren Ang
The Complete Pokémon Piano Covers Collection! || Darren Ang,"Route 205 (From ""Pokémon DPPt"")",Darren Ang
The Complete Pokémon Piano Covers Collection! || Darren Ang,"Route 38 (From ""Pokémon GSC"")",Darren Ang
The Complete Pokémon Piano Covers Collection! || Darren Ang,"Sunyshore City (From ""Pokémon DPPt"")",Darren Ang
The Complete Pokémon Piano Covers Collection! || Darren Ang,"New Bark Town (From ""Pokémon HGSS"")",Darren Ang
The Complete Pokémon Piano Covers Collection! || Darren Ang,"Floaroma Town (From ""Pokémon DPPt"")",Darren Ang
The Complete Pokémon Piano Covers Collection! || Darren Ang,"Run Away (from ""PMD1: Rescue Teams"")",Darren Ang
The Complete Pokémon Piano Covers Collection! || Darren Ang,"Route 216 (From ""Pokémon DPPt"")",Darren Ang
The Complete Pokémon Piano Covers Collection! || Darren Ang,"Distortion World (From ""Pokémon DPPt"")",Darren Ang
The Complete Pokémon Piano Covers Collection! || Darren Ang,"Dialga / Palkia Battle Theme (From ""Pokémon DPPt"")",Darren Ang
The Complete Pokémon Piano Covers Collection! || Darren Ang,"N's Farewell (from ""Pokémon BW"")",Darren Ang
The Complete Pokémon Piano Covers Collection! || Darren Ang,"Cinnabar Island (From ""Pokémon GSC"")",Darren Ang
The Complete Pokémon Piano Covers Collection! || Darren Ang,"Pallet Town, for Pokémon Masters (from ""Pokémon RBY"")",Darren Ang
The Complete Pokémon Piano Covers Collection! || Darren Ang,"Route 24 (From ""Pokémon RBY"")",Darren Ang
The Complete Pokémon Piano Covers Collection! || Darren Ang,"Route 11 (From ""Pokémon RBY"")",Darren Ang
The Complete Pokémon Piano Covers Collection! || Darren Ang,"Solaceon Town (from ""Pokémon DPPt"")",Darren Ang
The Complete Pokémon Piano Covers Collection! || Darren Ang,"Goldenrod City (From ""Pokémon HGSS"")",Darren Ang
The Complete Pokémon Piano Covers Collection! || Darren Ang,"Surf (From ""Pokémon DPPt"")",Darren Ang
The Complete Pokémon Piano Covers Collection! || Darren Ang,"Violet City (From ""Pokémon GSC"")",Darren Ang
The Complete Pokémon Piano Covers Collection! || Darren Ang,"The Underground (from ""Pokémon DPPt"")",Darren Ang
The Complete Pokémon Piano Covers Collection! || Darren Ang,"Lilycove City (from ""Pokémon RSE"")",Darren Ang
The Complete Pokémon Piano Covers Collection! || Darren Ang,"Route 210 (from ""Pokémon DPPt"")",Darren Ang
The Complete Pokémon Piano Covers Collection! || Darren Ang,"Celadon City (From ""Pokémon RBY"")",Darren Ang
The Complete Pokémon Piano Covers Collection! || Darren Ang,"Oreburgh City (from ""Pokémon DPPt"")",Darren Ang
The Complete Pokémon Piano Covers Collection! || Darren Ang,"Fuchsia City (From ""Pokémon RBY"")",Darren Ang
The Complete Pokémon Piano Covers Collection! || Darren Ang,"Route 42 (From ""Pokémon GSC"")",Darren Ang
The Complete Pokémon Piano Covers Collection! || Darren Ang,"Snowpoint City (from ""Pokémon DPPt"")",Darren Ang
The Complete Pokémon Piano Covers Collection! || Darren Ang,"An Unwavering Heart (From ""Pokémon BW"")",Darren Ang
The Complete Pokémon Piano Covers Collection! || Darren Ang,"Snowbelle City (from ""Pokémon XY"")",Darren Ang
The Complete Pokémon Piano Covers Collection! || Darren Ang,"Lonely Lillie (from ""Pokémon SM"")",Darren Ang
The Complete Pokémon Piano Covers Collection! || Darren Ang,"Route 26 (From ""Pokémon GSC"")",Darren Ang
The Complete Pokémon Piano Covers Collection! || Darren Ang,"Anville Town (From ""Pokémon BW"")",Darren Ang
The Complete Pokémon Piano Covers Collection! || Darren Ang,"Pokémon League (From ""Pokémon DPPt"")",Darren Ang
The Complete Pokémon Piano Covers Collection! || Darren Ang,"Champion Cynthia (from ""Pokémon DPPt"")",Darren Ang
The Complete Pokémon Piano Covers Collection! || Darren Ang,"Tree of Life: Roots (from ""PSMD"")",Darren Ang
The Complete Pokémon Piano Covers Collection! || Darren Ang,"Sympathy and Sincerity (from ""PMD: GtI"")",Darren Ang
The Complete Pokémon Piano Covers Collection! || Darren Ang,"Hoenn Ending Theme (From ""Pokémon RSE"")",Darren Ang
The Complete Pokémon Piano Covers Collection! || Darren Ang,"Let's Go Home (from ""Pokémon ORAS"")",Darren Ang
The Complete Pokémon Piano Covers Collection! || Darren Ang,"Pallet Town (From ""Pokémon RBY"")",Darren Ang
The Complete Pokémon Piano Covers Collection! || Darren Ang,"Fight Area (from ""Pokémon DPPt"")",Darren Ang
The Complete Pokémon Piano Covers Collection! || Darren Ang,"Route 30 (From ""Pokémon GSC"")",Darren Ang
The Complete Pokémon Piano Covers Collection! || Darren Ang,"Route 47 (from ""Pokémon HGSS"")",Darren Ang
The Complete Pokémon Piano Covers Collection! || Darren Ang,"Ending Theme (From ""Pokémon DPPt"")",Darren Ang
Chill-Hop,Bandida,Cruz Cafuné
Chill-Hop,Bolsas,Tangana
Chill-Hop,Drama,Tangana
Chill-Hop,Lo jodiste,Babi
Chill-Hop,NASA,Babi
Chill-Hop,Devuélvemelo,Babi
Chill-Hop,Prioridades,Babi
Chill-Hop,Tu nana,Babi
Chill-Hop,Duelo dulce,Babi
Chill-Hop,Persiguiéndonos,C. Tangana
Chill-Hop,NO TEARS LEFT,Russ
Chill-Hop,Lucid Dreams,Juice WRLD
Chill-Hop,Toosie Slide,Drake
Chill-Hop,GREECE (feat. Drake),DJ Khaled
Chill-Hop,Chicago Freestyle (feat. Giveon),Drake
Chill-Hop,Trust Issues,Drake
Chill-Hop,I Get Lonely,Drake
Chill-Hop,Antes de Morirme (feat. Rosalía),C. Tangana
Chill-Hop,Bambino,Recycled J
Chill-Hop,Angeles Caídos,Recycled J
Chill-Hop,Ibiza,Juancho Marqués
Chill-Hop,Belfast,Juancho Marqués
Chill-Hop,<3,Kinder Malo
Chill-Hop,Intro,Yung Beef
Chill-Hop,Nunca Estoy,C. Tangana
Chill-Hop,Bien:( (feat. Rusowsky),C. Tangana
Chill-Hop,La Pared,Cupido
Chill-Hop,Estigma,Xenon
Chill-Hop,Buenos Genes,Rels B
Chill-Hop,Desierto,Babi
Chill-Hop,Love,Hard GZ
Chill-Hop,Hide (feat. Seezyn),Juice WRLD
Chill-Hop,Satisfayer,BEJO
Chill-Hop,Me and You,Cold Hart
Chill-Hop,Life's A Mess,Juice WRLD
Chill-Hop,"C.R.O: Bzrp Music Sessions, Vol. 29",Bizarrap
Chill-Hop,Ring Ring (with Rvssian feat. Clever),Juice WRLD
Chill-Hop,Fast,Juice WRLD
Chill-Hop,Let Go,Beau Young Prince
Chill-Hop,6 Kiss,Trippie Redd
Chill-Hop,Fu2,Oliver Francis
Chill-Hop,Veneno,Delaossa
Chill-Hop,death bed (coffee for your head),Powfu
Chill-Hop,Moonlight,XXXTENTACION
Chill-Hop,SAD!,XXXTENTACION
Chill-Hop,the remedy for a broken heart (why am I so in love),XXXTENTACION
Chill-Hop,NUMB,XXXTENTACION
Chill-Hop,changes,XXXTENTACION
Chill-Hop,Jocelyn Flores,XXXTENTACION
Chill-Hop,Everybody Dies In Their Nightmares,XXXTENTACION
Chill-Hop,Save Me,XXXTENTACION
Chill-Hop,WANTED U,Joji
Chill-Hop,El Paisaje,Locoplaya
Chill-Hop,"KHEA: Bzrp Music Sessions, Vol. 34",Bizarrap
Chill-Hop,Sick and Tired,iann dior
Chill-Hop,All Girls Are The Same,Juice WRLD
Chill-Hop,Demasiao Tarde,C. Tangana
Chill-Hop,De Pie,C. Tangana
Chill-Hop,Tú Me Dejaste De Querer,C. Tangana
Chill-Hop,Substance,Rawska
Chill-Hop,100k Pasos,Agorazein
Chill-Hop,Good News,Mac Miller
Chill-Hop,Lo sabía,Babi
Chill-Hop,Amorfoda,Bad Bunny
Chill-Hop,Qué va a pasar,Juacko
Chill-Hop,Panic Attack,Oliver Francis
Chill-Hop,Tristeza de verano / Quédate,Ksiofingo
Chill-Hop,You’re Mines Still (feat. Drake),Yung Bleu
Chill-Hop,Gym Class,Lil Peep
Chill-Hop,ATTENTION,Joji
Chill-Hop,SLOW DANCING IN THE DARK,Joji
Chill-Hop,Love song,Lana Del Rey
Chill-Hop,Georgia,Kevin Abstract
Chill-Hop,TLC,Cruz Cafuné
Chill-Hop,Use This Gospel,Kanye West
Chill-Hop,Wasted (feat. Lil Uzi Vert),Juice WRLD
Chill-Hop,Every Day's A Day,Cold Hart
Chill-Hop,Bucle,Saske
Chill-Hop,IDGAF,Lil Peep
Chill-Hop,insertar nombre,emebé
Chill-Hop,Se Apagó,Cupido
Chill-Hop,Calling My Phone,Lil Tjay
Chill-Hop,Además de Mí - Remix,Rusherking
Chill-Hop,Beautiful,Lana Del Rey
Chill-Hop,COMO UN G,ROSALÍA
Chill-Hop,Sunlight,greenface
Trap,Leglock,Shakewell
Trap,Pemex,Shakewell
Trap,JOAN OF ARC,Night Lovell
Trap,BAD KID,Night Lovell
Trap,Mount Sinai,$uicideboy$
Trap,1000 Rounds,Ghostemane
Trap,Heart Attack,Scarlxrd
Trap,Caligula,Ghostemane
Trap,The Otha Side,Terror Reid
Trap,Buried Alive,Terror Reid
Trap,Uppercuts,Terror Reid
Trap,Death by Dishonor,Ghostemane
Trap,Outlawz,Terror Reid
Trap,When It's All Gone,Terror Reid
Trap,Buried Alive 2,Terror Reid
Trap,Dark Light,Night Lovell
Trap,XLR,BONES
Trap,Tissue (Тишью),BONES
Trap,Paris,$uicideboy$
Trap,Vengeance,Killstation
Trap,New Charlotte,DuRu Tha King
Trap,Dead Or Alive,Jazz Cartier
Trap,Like Me (feat. Kevin Flum),Deff
Trap,The Wake Up,Kevin Flum
Trap,Oxygen,BONES
Trap,D Rose,Lil Pump
Trap,Still Cold / Pathway Private,Night Lovell
Trap,Void,Pouya
Trap,Dat $tick,Rich Brian
Trap,Audi.,Smokepurpp
Trap,Back off Me,Pouya
Trap,KOODA,6ix9ine
Trap,$outh $ide $uicide,$uicideboy$
Trap,Sarcophagus II,Ramirez
Trap,O Pana!,$uicideboy$
Trap,Handshakes,Pouya
Trap,Krylon,Terror Reid
Trap,whatever mane,Pouya
Trap,Scrubs (feat. Shakewell),Pouya
Trap,Get Buck,Pouya
Trap,Cold Turkey,$uicideboy$
Trap,Muddy Blunts,$uicideboy$
Trap,Lethal Presence,Night Lovell
Trap,Contraband,Night Lovell
Trap,Aliens Are Ghosts ($UICIDEBOY$ X TRAVIS BARKER),$uicideboy$
Trap,Dirt,BONES
Trap,Killing (feat. Terror Reid),Diablo
Trap,WTF,Fat Nick
Trap,Suicidal Thoughts in the Back of the Cadillac,Pouya
Trap,Sodium,BONES
Trap,Psycho Pass,Xavier Wulf
Trap,AirplaneMode,BONES
Trap,Suicidal Thoughts in the Back of the Cadillac Pt. 2,Pouya
Trap,"WDYW (feat. Lil Uzi Vert, A$AP Ferg & Rich The Kid)",Carnage
Trap,Twin Nem (feat. Lil Durk),King Von
Trap,He's Dead,Jmash
Trap,Curse,Bass Santana
Trap,Look at Me Now,Brennan Savage
Trap,GOOBA,6ix9ine
Trap,Malito De Lean,Pedro LaDroga
Trap,123,Smokepurpp
Trap,Santería,Blackthoven
Trap,Kelly,Dillom
Trap,Tempura,Muerejoven
Trap,DO RE MI,Pimp Flaco
Trap,Casipegado,Dillom
Trap,"Dillom: Bzrp Music Sessions, Vol. 9",Bizarrap
Trap,Draco,Dillom
Trap,Cindor,Muerejoven
Trap,Okey,Muerejoven
Trap,gratis,Muerejoven
Trap,Fredo,Muerejoven
Trap,Broken Soul (breaking bread),Pouya
Trap,Liquid Sunshine,Ramirez
Trap,FIVE SIX,Pouya
Trap,Mood Swing Misery,Pouya
Trap,Stuck In Admiration,Pouya
Trap,Forever Waiting For You At My Window,Pouya
Trap,Don't Give a Fuck - Soul Doubt Remix,$uicideboy$
Trap,Canal St. (feat. Bones),A$AP Rocky
urbano 🏄🏻‍♂️,Lil Papi,Love Yi
urbano 🏄🏻‍♂️,L' amore,Love Yi
urbano 🏄🏻‍♂️,TN,Love Yi
urbano 🏄🏻‍♂️,Diablo - Remix,Sticky M.A.
urbano 🏄🏻‍♂️,TKM,Sticky M.A.
urbano 🏄🏻‍♂️,Ondas,Danni Ble
urbano 🏄🏻‍♂️,Renegado,Recycled J
urbano 🏄🏻‍♂️,Tarde,Slim Samurai
urbano 🏄🏻‍♂️,YanoaY,Sticky M.A.
urbano 🏄🏻‍♂️,Tierra Prometida,Fran Laoren
urbano 🏄🏻‍♂️,Vincitore,Fran Laoren
urbano 🏄🏻‍♂️,From Darkness With Love,Cecilio G.
urbano 🏄🏻‍♂️,Ya Sabes,Agorazein
urbano 🏄🏻‍♂️,Planes,Agorazein
urbano 🏄🏻‍♂️,Siempre Quise Todo (feat. Sky Rompiendo),C. Tangana
urbano 🏄🏻‍♂️,"Huele a Nuevo (feat. Sticky M.A., Danni Ble & Royce Rolo)",C. Tangana
urbano 🏄🏻‍♂️,Cuando Me Miras (feat. Enry-K),C. Tangana
urbano 🏄🏻‍♂️,Baile de la Lluvia (feat. Take A Daytrip),C. Tangana
urbano 🏄🏻‍♂️,Je m'appelle Blessed,El Bobe
urbano 🏄🏻‍♂️,Did You See - C. Tangana Remix,J Hus
urbano 🏄🏻‍♂️,Te Quiero,Recycled J
urbano 🏄🏻‍♂️,Storyfeeling,Recycled J
urbano 🏄🏻‍♂️,Toda la Noche,Recycled J
urbano 🏄🏻‍♂️,Tiempo,C. Tangana
urbano 🏄🏻‍♂️,Marketing,DELLAFUENTE
urbano 🏄🏻‍♂️,Diablo,Sticky M.A.
urbano 🏄🏻‍♂️,Sangre (feat. Steve Lean & Saox),C. Tangana
urbano 🏄🏻‍♂️,Okey,Fran Laoren
urbano 🏄🏻‍♂️,Off-Luv,AC3
urbano 🏄🏻‍♂️,Yes Indeed / I Feel Like Kim K (RIP Pucho),Yung Beef
urbano 🏄🏻‍♂️,Yeyo en Mi Iphone,Goa
urbano 🏄🏻‍♂️,goosebumps,Travis Scott
urbano 🏄🏻‍♂️,BUTTERFLY EFFECT,Travis Scott
urbano 🏄🏻‍♂️,Relax,Sticky M.A.
urbano 🏄🏻‍♂️,STARGAZING,Travis Scott
urbano 🏄🏻‍♂️,Guns N Roses (feat. Goa & Pochi),Yung Beef
urbano 🏄🏻‍♂️,Ready Pa Morir,Yung Beef
urbano 🏄🏻‍♂️,Intro,Yung Beef
urbano 🏄🏻‍♂️,Me Gustaron Tus Nai,Soto Asa
urbano 🏄🏻‍♂️,Nothing,Fran Laoren
urbano 🏄🏻‍♂️,Triste Balada,Recycled J
urbano 🏄🏻‍♂️,Bb No Sé,Love Yi
urbano 🏄🏻‍♂️,A Lo Mejor,DELLAFUENTE
urbano 🏄🏻‍♂️,Veneno,DELLAFUENTE
urbano 🏄🏻‍♂️,Consentía - El Corte Remix,DELLAFUENTE
urbano 🏄🏻‍♂️,13/18,DELLAFUENTE
urbano 🏄🏻‍♂️,Consentia,DELLAFUENTE
urbano 🏄🏻‍♂️,Really On,Rels B
urbano 🏄🏻‍♂️,Yeyo En Mi Iphone,Goa
urbano 🏄🏻‍♂️,Gucci & Crema,WEST DUBAI
urbano 🏄🏻‍♂️,3AM,WEST DUBAI
urbano 🏄🏻‍♂️,Como Travis,Appaloosa
urbano 🏄🏻‍♂️,Cicatrices,Natos y Waor
urbano 🏄🏻‍♂️,Kids,Recycled J
urbano 🏄🏻‍♂️,Internacional,Suite Soprano
urbano 🏄🏻‍♂️,Work Out,Lildami
urbano 🏄🏻‍♂️,Daniela Bregoli,Yung Beef
urbano 🏄🏻‍♂️,Romeo,Love Yi
urbano 🏄🏻‍♂️,Bailabamos,Love Yi
urbano 🏄🏻‍♂️,Fácil,Choclock
urbano 🏄🏻‍♂️,Bambino,Recycled J
urbano 🏄🏻‍♂️,Aunque digan que yo,Recycled J
urbano 🏄🏻‍♂️,Me Perdi en Madrid,Yung Beef
urbano 🏄🏻‍♂️,Intro'98,Israel B
urbano 🏄🏻‍♂️,Clouds (feat. Mito),Cráneo
urbano 🏄🏻‍♂️,000000,A.CHAL
urbano 🏄🏻‍♂️,Mi Casa,Cruz Cafuné
urbano 🏄🏻‍♂️,El Puto Glen,Ellegas
urbano 🏄🏻‍♂️,Muertito De La Pena,Recycled J
urbano 🏄🏻‍♂️,Bitch Mode,La Zowi
urbano 🏄🏻‍♂️,Putas - Remix,La Zowi
urbano 🏄🏻‍♂️,Malito,Sticky M.A.
urbano 🏄🏻‍♂️,Slim Thugs,Alemán
urbano 🏄🏻‍♂️,Criminal (Spanish Version) (feat. C. Tangana),Miguel
urbano 🏄🏻‍♂️,Elixir,Funzo & Baby Loud
urbano 🏄🏻‍♂️,Dentro,$kyhook
urbano 🏄🏻‍♂️,Envidia,Moonkey
urbano 🏄🏻‍♂️,Bad Boys,Moonkey
urbano 🏄🏻‍♂️,Happy Love,Moonkey
urbano 🏄🏻‍♂️,Guau Guau,Moonkey
urbano 🏄🏻‍♂️,Lil Baby,Moonkey
urbano 🏄🏻‍♂️,Surfin' Cali,Fran Laoren
urbano 🏄🏻‍♂️,LA Weed,Fuego
urbano 🏄🏻‍♂️,"Humo y Alcohol - Feat. Jerv.AGZ, C.Tangana & Steve Lean",Sticky M.A.
urbano 🏄🏻‍♂️,Groenlandia,Fran Laoren
urbano 🏄🏻‍♂️,Por la Pasta,Recycled J
urbano 🏄🏻‍♂️,Joven Estrella,ODDLIQUOR
urbano 🏄🏻‍♂️,Noche Oscura,Medina Kid
urbano 🏄🏻‍♂️,Ley Seca,Erick Hervé
urbano 🏄🏻‍♂️,De Chill,Chill Chicos
urbano 🏄🏻‍♂️,En Busca de Ti,Zazo & Gxurmet
urbano 🏄🏻‍♂️,Una Más,Zazo & Gxurmet
urbano 🏄🏻‍♂️,Mentira,Kaydy Cain
urbano 🏄🏻‍♂️,Ibiza,Juancho Marqués
urbano 🏄🏻‍♂️,Hentai,Sticky M.A.
urbano 🏄🏻‍♂️,Juliet,Eleazeta
urbano 🏄🏻‍♂️,Million Dollar Baby,Cecilio G.
urbano 🏄🏻‍♂️,SuboX3,Sticky M.A.
urbano 🏄🏻‍♂️,Wow,WEST DUBAI
HIP-HOP,4 Your Eyez Only,J. Cole
HIP-HOP,Change,J. Cole
HIP-HOP,Neighbors,J. Cole
HIP-HOP,No Role Modelz,J. Cole
HIP-HOP,Wet Dreamz,J. Cole
HIP-HOP,G.O.M.D.,J. Cole
HIP-HOP,LAND OF THE FREE,Joey Bada$$
HIP-HOP,Fashion Killa,A$AP Rocky
HIP-HOP,Weekend (feat. Miguel),Mac Miller
HIP-HOP,LOVE. FEAT. ZACARI.,Kendrick Lamar
HIP-HOP,ELEMENT.,Kendrick Lamar
HIP-HOP,Broccoli (feat. Lil Yachty),DRAM
HIP-HOP,"Shook Ones, Pt. II",Mobb Deep
HIP-HOP,HiiiPower,Kendrick Lamar
HIP-HOP,R.I.C.O. (feat. Drake),Meek Mill
HIP-HOP,Marshall Mathers,Eminem
HIP-HOP,Under The Influence,Eminem
HIP-HOP,Ex Calling,6LACK
HIP-HOP,Scarface Rozay Gotti,Wale
HIP-HOP,Cell Therapy,Goodie Mob
HIP-HOP,Jazz,Mick Jenkins
HIP-HOP,Loners Blvd,Tory Lanez
HIP-HOP,No Diggity,Blackstreet
HIP-HOP,Killem With Kindness,Dizzy Wright
HIP-HOP,All Eyez On Me,2Pac
HIP-HOP,Represent,Nas
HIP-HOP,Canal St. (feat. Bones),A$AP Rocky
HIP-HOP,rockstar,Post Malone
HIP-HOP,C.R.E.A.M. (Cash Rules Everything Around Me),Wu-Tang Clan
HIP-HOP,Juicy - 2005 Remaster,The Notorious B.I.G.
HIP-HOP,It Was A Good Day,Ice Cube
HIP-HOP,Big Poppa - 2005 Remaster,The Notorious B.I.G.
HIP-HOP,Survival of the Fittest,Mobb Deep
HIP-HOP,Still D.R.E.,Dr. Dre
HIP-HOP,Full Clip,Gang Starr
HIP-HOP,Forgot About Dre,Dr. Dre
HIP-HOP,Work,Gang Starr
HIP-HOP,Grandma's Hands,Gregory Porter
HIP-HOP,Can't Get Enough,J. Cole
HIP-HOP,Ambitionz Az A Ridah,2Pac
HIP-HOP,Breathin,2Pac
HIP-HOP,Washington Square,Chinese Man
HIP-HOP,Stronger,Kanye West
HIP-HOP,New Freezer (feat. Kendrick Lamar),Rich The Kid
HIP-HOP,California,Delinquent Habits
HIP-HOP,God's Plan,Drake
HIP-HOP,Over & Over,Delinquent Habits
HIP-HOP,No Limit,G-Eazy
HIP-HOP,Pray For Me,G-Eazy
HIP-HOP,But A Dream,G-Eazy
HIP-HOP,LOYALTY. FEAT. RIHANNA.,Kendrick Lamar
HIP-HOP,Da Joint,EPMD
HIP-HOP,FEAR.,Kendrick Lamar
HIP-HOP,GOD.,Kendrick Lamar
HIP-HOP,One Two Three,Delinquent Habits
HIP-HOP,Clone Me,Delinquent Habits
HIP-HOP,Quitte à t'aimer,Hocus Pocus
HIP-HOP,Go Easy,Delinquent Habits
HIP-HOP,Walk It Talk It,Migos
HIP-HOP,My Yout,Joey Bada$$
HIP-HOP,Prosper,Russ
HIP-HOP,Tadow,Masego
HIP-HOP,Hail Mary,Makaveli
HIP-HOP,Lemon (feat. Drake) - Drake Remix,N.E.R.D
HIP-HOP,Passionfruit,Drake
HIP-HOP,GHOST,Jaden
HIP-HOP,Taste (feat. Offset),Tyga
HIP-HOP,Goodbye,Russ
HIP-HOP,Cold as Ice,M.O.P.
HIP-HOP,"Psycho, Pt. 2",Russ
HIP-HOP,Voicemail,Russ
HIP-HOP,Can't Tell Me Nothing,Kanye West
HIP-HOP,Batman,Jaden
HIP-HOP,Our Time,Russ
HIP-HOP,The Flute Song,Russ
HIP-HOP,The Hop,A Tribe Called Quest
HIP-HOP,Hell on Earth (Front Lines),Mobb Deep
HIP-HOP,Praise The Lord (Da Shine) (feat. Skepta),A$AP Rocky
HIP-HOP,Rapper's Delight - Single Version,The Sugarhill Gang
HIP-HOP,You Don't Know,Loyle Carner
HIP-HOP,Built for This (Instrumental),DJ Skandalous
HIP-HOP,Shorty Wanna Be A Thug,2Pac
HIP-HOP,A Calabasas Freestyle,Jaden
HIP-HOP,Tribe (with J. Cole),Bas
HIP-HOP,Do It Myself,Russ
HIP-HOP,Valuable Lessons,Cormega
HIP-HOP,America,Mac Miller
HIP-HOP,Pull The Trigger,Russ
HIP-HOP,"1Train (feat. Kendrick Lamar, Joey Bada$$, Yelawolf, Danny Brown, Action Bronson & Big K.R.I.T.)",A$AP Rocky
HIP-HOP,HIGHEST IN THE ROOM,Travis Scott
HIP-HOP,Real Hip-Hop,Das EFX
HIP-HOP,Hey Lover,LL COOL J
HIP-HOP,Bet (feat. Skepta & Michael Phantom),Octavian
HIP-HOP,NIGHTTIME (Interlude),Russ
HIP-HOP,Nonstop,Drake
HIP-HOP,Old Town Road,Lil Nas X
HIP-HOP,Free Lunch,Isaiah Rashad
HIP-HOP,Young Black Intelligent,Masta Ace
HIP-HOP,C'Mon wit da Git Down,Artifacts
HIP-HOP,My Life Be Like(Grits),L. Starz
CUANDO ANOCHECE,Numb,Aftertheparty
CUANDO ANOCHECE,Routine,Eli Sostre
CUANDO ANOCHECE,Timezones,MANILA GREY
CUANDO ANOCHECE,XS,Josman
CUANDO ANOCHECE,Mi Isla / 10k,Cruz Cafuné
CUANDO ANOCHECE,bedouin,samxsen
CUANDO ANOCHECE,Fuego,Manu Crooks
CUANDO ANOCHECE,When the Night Comes,Eli Sostre
CUANDO ANOCHECE,12,88GLAM
CUANDO ANOCHECE,Reflection,Aftertheparty
CUANDO ANOCHECE,Space Jam,Mir Fontane
CUANDO ANOCHECE,Low,Frank Casino
CUANDO ANOCHECE,Calling My Spirit,Kodak Black
CUANDO ANOCHECE,Flex,Fuego
CUANDO ANOCHECE,Before I Die,Che Ecru
CUANDO ANOCHECE,Frank Ocean,Mir Fontane
CUANDO ANOCHECE,Kill Bill,Ellegas
CUANDO ANOCHECE,NORTHSIDE,Ama
CUANDO ANOCHECE,Purple Baguettes,88GLAM
CUANDO ANOCHECE,Bodega,Mir Fontane
CUANDO ANOCHECE,Curvas,Ellegas
CUANDO ANOCHECE,Surface (feat. A2),Etta Bond
CUANDO ANOCHECE,New Addy,Eli Sostre
CUANDO ANOCHECE,Stolen,Rasstokyo
CUANDO ANOCHECE,Monte Carlo,Aftertheparty
CUANDO ANOCHECE,Cuando Estoy Mal,Cruz Cafuné
CUANDO ANOCHECE,No Puedo Cambiar,Choclock
CUANDO ANOCHECE,You Got It,Vory
CUANDO ANOCHECE,Na' Que Pueda Hacer,Ellegas
CUANDO ANOCHECE,Wild,4FLEX
CUANDO ANOCHECE,Argentique,Dinos
CUANDO ANOCHECE,Si No Estás Aquí,One Path
CUANDO ANOCHECE,Spanish,Craig David
CUANDO ANOCHECE,Condiciones,Maikel Delacalle
CUANDO ANOCHECE,7 Days,Craig David
CUANDO ANOCHECE,Arabian Knights,Mishaal Tamer
CUANDO ANOCHECE,How Bout Now,Drake
CUANDO ANOCHECE,Wus Good / Curious,PARTYNEXTDOOR
CUANDO ANOCHECE,WINE,B Young
CUANDO ANOCHECE,Dolores,Choclock
CUANDO ANOCHECE,Barrio,Mahmood
CUANDO ANOCHECE,Every Night,ABHIR
CUANDO ANOCHECE,Supernova,Mr Eazi
CUANDO ANOCHECE,Lghrib,L7or
CUANDO ANOCHECE,Bandida,Cruz Cafuné
CUANDO ANOCHECE,Frío,Omar Apollo
CUANDO ANOCHECE,Bamboo,ABHIR
CUANDO ANOCHECE,Worry,Jack Garratt
CUANDO ANOCHECE,Unknown (To You),Jacob Banks
CUANDO ANOCHECE,Kumbaya (feat. Bibi Bourelly),Jacob Banks
CUANDO ANOCHECE,Saudade,Indigo Jams
CUANDO ANOCHECE,Loved by You,KIRBY
CUANDO ANOCHECE,Salima,Jehro
CUANDO ANOCHECE,Peace Of Mind,Jacob Banks
CUANDO ANOCHECE,Leche y Galletitas,Illya Lukyanov
CUANDO ANOCHECE,Cigarro,Choclock
CUANDO ANOCHECE,Rose Quartz,Toro y Moi
CUANDO ANOCHECE,Thank You,Bret James
CUANDO ANOCHECE,Cold,Nick Hakim
CUANDO ANOCHECE,Witness,Jacob Banks
CUANDO ANOCHECE,Woods,Bon Iver
CUANDO ANOCHECE,Gravity,John Mayer
CUANDO ANOCHECE,Easily,Bruno Major
CUANDO ANOCHECE,Addicted,JMSN
CUANDO ANOCHECE,Promise,Ben Howard
CUANDO ANOCHECE,So Many Details,Toro y Moi
CUANDO ANOCHECE,Desire,José James
CUANDO ANOCHECE,III. Urn,Childish Gambino
CUANDO ANOCHECE,Forever,The-Dream
CUANDO ANOCHECE,Could've Been (feat. Bryson Tiller),H.E.R.
CUANDO ANOCHECE,Trip,Ella Mai
CUANDO ANOCHECE,Dirty,Tank
CUANDO ANOCHECE,A Media Luz,Dawaira
CUANDO ANOCHECE,Jaded,Drake
CUANDO ANOCHECE,Sudas de Mi,Cristina Len
CUANDO ANOCHECE,Balaperdida,Cruz Cafuné
CUANDO ANOCHECE,Sloo,Last Night In Paris
CUANDO ANOCHECE,Peak,Drake
CUANDO ANOCHECE,Lento (feat. Cruz Cafuné),Eva Ruiz
CUANDO ANOCHECE,Last Stand,Kwabs
CUANDO ANOCHECE,Doble Tick Azul,Cruz Cafuné
CUANDO ANOCHECE,Fácil,Choclock
CUANDO ANOCHECE,Fire & Desire,Drake
CUANDO ANOCHECE,Te Enamoraste de un G,Cruz Cafuné
CUANDO ANOCHECE,Pink Matter,Frank Ocean
CUANDO ANOCHECE,FALLEN Part 2,Jaden
CUANDO ANOCHECE,Tarantino,Eva Ruiz
CUANDO ANOCHECE,TBH,PARTYNEXTDOOR
CUANDO ANOCHECE,En Bajo Perfil,Cruz Cafuné
CUANDO ANOCHECE,Sangre,ABHIR
CUANDO ANOCHECE,922 & Heartbreak,Cruz Cafuné
CUANDO ANOCHECE,Fill The Void (feat. Amir Obé & Daniel Caesar),Stwo
CUANDO ANOCHECE,Ctrl + Z,ABHIR
CUANDO ANOCHECE,Close To You,Dreezy
CUANDO ANOCHECE,Fuck The World (Summer in London),Brent Faiyaz
CUANDO ANOCHECE,Jungle,Drake
CUANDO ANOCHECE,Too Much,Sampha
CUANDO ANOCHECE,Gang Over Luv,Brent Faiyaz
CUANDO ANOCHECE,East Atlanta Love Letter (feat. Future),6LACK
CUANDO ANOCHECE,Poison,Brent Faiyaz
everyday,Lucid Dreams,Juice WRLD
everyday,1400 / 999 Freestyle,Trippie Redd
everyday,All Girls Are The Same,Juice WRLD
everyday,Hide (feat. Seezyn),Juice WRLD
everyday,Armed And Dangerous,Juice WRLD
everyday,Fast,Juice WRLD
everyday,Legends,Juice WRLD
everyday,Lean Wit Me,Juice WRLD
everyday,Yacht Club (feat. Juice WRLD),Lil Yachty
everyday,Black & White,Juice WRLD
everyday,Rich And Blind,Juice WRLD
everyday,Empty,Juice WRLD
everyday,Lust,Lil Skies
everyday,I,Lil Skies
everyday,Nowadays (feat. Landon Cube),Lil Skies
everyday,Red Roses (feat. Landon Cube),Lil Skies
everyday,Robbery,Juice WRLD
everyday,Hear Me Calling,Juice WRLD
everyday,Maze,Juice WRLD
everyday,Make Believe,Juice WRLD
everyday,Scared Of Love (with instrumental by Ghost Loft),Juice WRLD
everyday,Pop Out (feat. Lil Tjay),Polo G
everyday,Finer Things,Polo G
everyday,Candles,Juice WRLD
everyday,Flaws And Sins,Juice WRLD
everyday,Make It Back,Juice WRLD
everyday,Heartless (feat. Mustard),Polo G
everyday,PTSD,G Herbo
everyday,HeMotions,Juice WRLD
everyday,Rider,Juice WRLD
everyday,Big,Juice WRLD
everyday,Who Shot Cupid?,Juice WRLD
everyday,ON GOD (feat. Young Thug),Juice WRLD
everyday,She’s The One,Juice WRLD
everyday,Won’t Let Go,Juice WRLD
everyday,Desire,Juice WRLD
everyday,End Of The Road,Juice WRLD
everyday,Through Da Storm,Polo G
everyday,Righteous,Juice WRLD
everyday,THRU THE NIGHT (feat. Bryson Tiller),Jack Harlow
everyday,changes,XXXTENTACION
everyday,Revenge,XXXTENTACION
everyday,Don't Believe The Hype,Polo G
everyday,Flex (feat. Juice WRLD),Polo G
everyday,21,Polo G
everyday,33,Polo G
everyday,I Know,Polo G
everyday,Beautiful Pain (Losin My Mind),Polo G
everyday,No Matter What,Polo G
everyday,Be Something,Polo G
everyday,Trials & Tribulations,Polo G
everyday,Wishing For A Hero (feat. BJ The Chicago Kid),Polo G
everyday,GO (feat. Juice WRLD),The Kid LAROI
everyday,3 Headed Goat (feat. Lil Baby & Polo G),Lil Durk
everyday,Diva (feat. Lil Tecca),The Kid LAROI
everyday,10 Feet,Juice WRLD
everyday,Life's A Mess (feat. Halsey),Juice WRLD
everyday,Conversations,Juice WRLD
everyday,Titanic,Juice WRLD
everyday,Bad Energy,Juice WRLD
everyday,Blood On My Jeans,Juice WRLD
everyday,Hate The Other Side (with Marshmello & The Kid Laroi),Juice WRLD
everyday,I Want It,Juice WRLD
everyday,Fighting Demons,Juice WRLD
everyday,Wishing Well,Juice WRLD
everyday,Screw Juice,Juice WRLD
everyday,Up Up And Away,Juice WRLD
everyday,Stay High,Juice WRLD
everyday,Can't Die,Juice WRLD
everyday,TELL ME WHY,The Kid LAROI
everyday,I'll Be Fine,Juice WRLD
Stormlight 4 Writing Soundtrack,Final Frontier,Thomas Bergersen
Stormlight 4 Writing Soundtrack,Fearless,Really Slow Motion
Stormlight 4 Writing Soundtrack,Your Hand In Mine,Explosions In The Sky
Stormlight 4 Writing Soundtrack,Becoming a Legend,John Dreamer
Stormlight 4 Writing Soundtrack,Oriana,MythFox
Stormlight 4 Writing Soundtrack,Ninth Dynasty's Legend,MythFox
Stormlight 4 Writing Soundtrack,Io,Future Heroes
Stormlight 4 Writing Soundtrack,While My Guitar Gently Weeps,Jake Shimabukuro
Stormlight 4 Writing Soundtrack,I Ran - Epic Trailer Version,Hidden Citizens
Stormlight 4 Writing Soundtrack,Time-Lapse,Kings & Creatures
Stormlight 4 Writing Soundtrack,Catapult,2WEI
Stormlight 4 Writing Soundtrack,Another One Bites the Dust (Epic Trailer Version),Hidden Citizens
Stormlight 4 Writing Soundtrack,Pioneers Of The Apocalypse,Cliff Lin
Stormlight 4 Writing Soundtrack,Spectra,Hi-Finesse
Stormlight 4 Writing Soundtrack,Ravenous,Hidden Citizens
Stormlight 4 Writing Soundtrack,November,Max Richter
Stormlight 4 Writing Soundtrack,Sentenced to Death,Colossal Trailer Music
Stormlight 4 Writing Soundtrack,Hope of Men,Bytheway-May
Stormlight 4 Writing Soundtrack,Superhero,Johnny Hollow
Stormlight 4 Writing Soundtrack,Human Legacy,Iván Torrent
Stormlight 4 Writing Soundtrack,"Pride (In The Name Of Love) - From ""The Man In The High Castle""",Lxandra
Stormlight 4 Writing Soundtrack,Live Like Legends,Ruelle
Stormlight 4 Writing Soundtrack,The Return of Pegasus,Really Slow Motion
Stormlight 4 Writing Soundtrack,Earth,Steven Coltart
Stormlight 4 Writing Soundtrack,Iron,Woodkid
Stormlight 4 Writing Soundtrack,Run Boy Run,Woodkid
Stormlight 4 Writing Soundtrack,Hyperion,Celldweller
Stormlight 4 Writing Soundtrack,Sunshine (Adagio in D Minor),John Murphy
Stormlight 4 Writing Soundtrack,Flight Of The Silverbird,Two Steps from Hell
Stormlight 4 Writing Soundtrack,An Toll Dubh,Runrig
Stormlight 4 Writing Soundtrack,Run Free,Thomas Bergersen
Stormlight 4 Writing Soundtrack,Dawn of Creation,Liquid Cinema
Stormlight 4 Writing Soundtrack,DESTINY,Sawano Hiroyuki
Stormlight 4 Writing Soundtrack,Baba O'Riley - Live,Blue Man Group
Stormlight 4 Writing Soundtrack,Yuve Yuve Yu,The HU
Stormlight 4 Writing Soundtrack,The Legend of Iya,Philter
Stormlight 4 Writing Soundtrack,Suns and Stars,Really Slow Motion
Stormlight 4 Writing Soundtrack,A New Age,Keith Merrill
Canciones «BONITAS» Hip Hop.,Passin' Me By,The Pharcyde
Canciones «BONITAS» Hip Hop.,You Got Me,The Roots
Canciones «BONITAS» Hip Hop.,Paparazzi,Xzibit
Canciones «BONITAS» Hip Hop.,Release Yo' Delf,Method Man
Canciones «BONITAS» Hip Hop.,Step To My Girl,Souls Of Mischief
Canciones «BONITAS» Hip Hop.,Ready or Not,Fugees
Canciones «BONITAS» Hip Hop.,I Got 5 On It,Luniz
Canciones «BONITAS» Hip Hop.,Life Goes On,2Pac
Canciones «BONITAS» Hip Hop.,Poetry in the Streets,Necro
Canciones «BONITAS» Hip Hop.,Ghetto Gospel,2Pac
Canciones «BONITAS» Hip Hop.,The Message,Nas
Canciones «BONITAS» Hip Hop.,Cold as Ice,M.O.P.
Canciones «BONITAS» Hip Hop.,Lynguistics [Deluxe Edition],CunninLynguists
Canciones «BONITAS» Hip Hop.,Three Bullets,Snowgoons
Canciones «BONITAS» Hip Hop.,Vocab,Fugees
"GHIBLI, Myazaki, Hisaishi",HIGHLIGHTS FROM NAUSICA OF THE VALLEY OF THE WIND,Japan Ground Self Defense Force Central Band
"GHIBLI, Myazaki, Hisaishi",HIGHLIGHTS FROM KIKI'S DELIVERY SERVICE,Japan Ground Self Defense Force Central Band
"GHIBLI, Myazaki, Hisaishi",HIGHLIGHTS FROM MY NEIGHBOR TOTORO,Japan Ground Self Defense Force Central Band
"GHIBLI, Myazaki, Hisaishi",HIGHLIGHTS FROM SPIRITED AWAY,Japan Ground Self Defense Force Central Band
"GHIBLI, Myazaki, Hisaishi","TAKE ME HOME, COUNTRY ROADS from Whisper of the Heart",Japan Ground Self Defense Force Central Band
"GHIBLI, Myazaki, Hisaishi",HIGHLIGHTS FROM HOWL'S MOVING CASTLE,Japan Ground Self Defense Force Central Band
"GHIBLI, Myazaki, Hisaishi",HIGHLIGHTS FROM CASTLE IN THE SKY,Japan Ground Self Defense Force Central Band
"GHIBLI, Myazaki, Hisaishi",HIGHLIGHTS FROM PRINCESS MONONOKE,Japan Ground Self Defense Force Central Band
"GHIBLI, Myazaki, Hisaishi",Variations on Sampo form My Neighbor Totoro,Japan Ground Self Defense Force Central Band
"GHIBLI, Myazaki, Hisaishi",GHIBLI MEDLEY,Japan Ground Self Defense Force Central Band
"GHIBLI, Myazaki, Hisaishi",Nausicaä of the Valley of the Winds - Nausicaä Symphonic Poem: First Movement,Joe Hisaishi
"GHIBLI, Myazaki, Hisaishi",Nausicaä of the Valley of the Winds - Nausicaä Symphonic Poem: Second Movement,Joe Hisaishi
"GHIBLI, Myazaki, Hisaishi",Nausicaä of the Valley of the Winds - Nausicaä Symphonic Poem: Third Movement,Joe Hisaishi
"GHIBLI, Myazaki, Hisaishi",Porco Rosso - Madness,Joe Hisaishi
"GHIBLI, Myazaki, Hisaishi",Princess Mononoke - The Legend of Ashitaka,Joe Hisaishi
"GHIBLI, Myazaki, Hisaishi",Princess Mononoke - Theme Song,Joe Hisaishi
"GHIBLI, Myazaki, Hisaishi",Princess Mononoke - TA.TA.RI.GAMI,Joe Hisaishi
"GHIBLI, Myazaki, Hisaishi",Princess Mononoke - Ashitaka and San,Joe Hisaishi
"GHIBLI, Myazaki, Hisaishi",Spirited Away - One Summer's Day,Joe Hisaishi
"GHIBLI, Myazaki, Hisaishi",Spirited Away - The Dragon Boy / The Bottomless Pit,Joe Hisaishi
"GHIBLI, Myazaki, Hisaishi",Spirited Away - The Sixth Station,Joe Hisaishi
"GHIBLI, Myazaki, Hisaishi",Spirited Away - Reprise,Joe Hisaishi
"GHIBLI, Myazaki, Hisaishi",The Rain,Joe Hisaishi
"GHIBLI, Myazaki, Hisaishi",Howl's Moving Castle,Joe Hisaishi
"GHIBLI, Myazaki, Hisaishi",Laputa (excerpts) [arr. P. Breiner],Joe Hisaishi
"GHIBLI, Myazaki, Hisaishi",Totoro (excerpts) [arr. P. Breiner],Joe Hisaishi
"GHIBLI, Myazaki, Hisaishi",Ponyo on the Cliff(Ponyo on the Cliff),NAKANISHI KIRIKO
"GHIBLI, Myazaki, Hisaishi",Mononoke,Jouzuru Hisaishi
"GHIBLI, Myazaki, Hisaishi",Legend of Ashitaka (Princess Mononoke),Eminence Symphony Orchestra
"GHIBLI, Myazaki, Hisaishi",Journey to the West (Princess Mononoke),Eminence Symphony Orchestra
"GHIBLI, Myazaki, Hisaishi","The Great Legend (Laputa, the Castle in the Sky)",Eminence Symphony Orchestra
"GHIBLI, Myazaki, Hisaishi",Cave of Mind (Howl's Moving Castle),Eminence Symphony Orchestra
"GHIBLI, Myazaki, Hisaishi",The Boy of the Dragon (Spirited Away),Eminence Symphony Orchestra
"GHIBLI, Myazaki, Hisaishi",I'm so Glad (My Neighbour Totoro),Eminence Symphony Orchestra
"GHIBLI, Myazaki, Hisaishi",World of the Dead (Princess Mononoke),Eminence Symphony Orchestra
"GHIBLI, Myazaki, Hisaishi",Laputa: Castle In the Sky Suite,Eminence Symphony Orchestra
"GHIBLI, Myazaki, Hisaishi",Arrietty's Song (Japanese version) (The Borrower Arrietty),Imaginary Flying Machines
"GHIBLI, Myazaki, Hisaishi",ひこうき雲,Yumi Arai
"GHIBLI, Myazaki, Hisaishi",The Path of the Wind - Guitar Instrumental,Will Moore
"GHIBLI, Myazaki, Hisaishi",君をのせて,Orita Nobotta
"GHIBLI, Myazaki, Hisaishi",The Path of the Wind,Suginami Children's Choir
"GHIBLI, Myazaki, Hisaishi",Discouraged Pazu,Joe Hisaishi
"GHIBLI, Myazaki, Hisaishi",The Girl Who Fell From the Sky,Joe Hisaishi
"GHIBLI, Myazaki, Hisaishi",Morning in the Slag Ravine,Joe Hisaishi
"GHIBLI, Myazaki, Hisaishi",A Rowdy Brawl (- Pursuit),Joe Hisaishi
"GHIBLI, Myazaki, Hisaishi",Memories of Gondoa,Joe Hisaishi
"GHIBLI, Myazaki, Hisaishi",Robot Soldier (Resurrection - Rescue),Joe Hisaishi
"GHIBLI, Myazaki, Hisaishi",Carrying You - With Chorus,Suginami Junior Chorus
"GHIBLI, Myazaki, Hisaishi",Sheeta's Decision,Joe Hisaishi
"GHIBLI, Myazaki, Hisaishi",On The Tiger Moth,Joe Hisaishi
"GHIBLI, Myazaki, Hisaishi",An Omen to Ruin,Joe Hisaishi
"GHIBLI, Myazaki, Hisaishi",A Sea of Clouds in the Moonlight,Joe Hisaishi
"GHIBLI, Myazaki, Hisaishi",Castle in the Sky,Joe Hisaishi
"GHIBLI, Myazaki, Hisaishi",Destruction of Laputa,Suginami Junior Chorus
"GHIBLI, Myazaki, Hisaishi",Carrying You,Azumi Inoue
"GHIBLI, Myazaki, Hisaishi",The Girl Who Fell from the Sky (Main Theme),SEATTLEMUSIC
"GHIBLI, Myazaki, Hisaishi",To the Countryside,Tamiya Terashima
,Tacones baratos,Huecco
,Nube de pegatina,Los Delinqüentes
,Con La Mano Levantá (feat. Estopa),Macaco
,Tu Calorro,Estopa
,Tragicomedia,Estopa
,Se acabaron las lágrimas - dueto con Hanna,Huecco
,Destrangis in the Night,Estopa
,Reina de los angelotes,Huecco
,Después,Los Delinqüentes
,Fuente de Energia,Estopa
,Mirando al cielo,Huecco
,Dame vida,Huecco
,Alosque,La Pegatina
,Ojitos Rojos - Directo,Estopa
,Caminando por la vida,Melendi
,Poquito a Poco,Estopa
,Tú Eres Eso,El Puchero Del Hortelano
,El aire de la calle,Los Delinqüentes
,A Mi Manera,Siempre Asi
,Rie,D'Callaos
,Si Los Hombres Han Llegado Hasta La Luna,Siempre Asi
,Por amarte tanto,Melendi
,Papeles Mojados,Chambao
,El Recuerdo,El Barrio
,Contigo,Canteca de macao
,A la luz del Lorenzo,Los Delinqüentes
,No me llames iluso,La Cabra Mecanica
,Los Muchachos de Mi Barrio,Chambao
,Somos Luz (feat. Lamari De Chambao),Macaco
,El Sur,D'Callaos
,Bellas,Canteca de macao
,Caraguapa,Muchachito Bombo Infierno
,Crímenes perfectos,Andrés Calamaro
,¿cómo Explicarte?,La Pegatina
,Me Falta el Aliento,Estopa
,La Quiero a Morir,Muchachito Bombo Infierno
,Para Volver A Volver - Para Volver A Volver,Siempre Asi
,Asuntos Serios,El Puchero Del Hortelano
,El pisito,Albertucho
,Un Violinista En Tu Tejado,Melendi
,Felicidad,La Cabra Mecanica
,Conversaciones Incompatibles,Muchachito Bombo Infierno
,Buen Rollito,Amparanoia
,Flaca,Andrés Calamaro
,La lista de la compra (feat. María Jiménez),La Cabra Mecanica
,"Buena, Bonita y Barata",El Barrio
,Cigarrito,Platero Y Tu
,Lo Que Pasa Es Que Me Cuelgo,El Puchero Del Hortelano
,Pa' Madrid,El Barrio
,Despierto,La Pegatina
,Orgullo,El Barrio
,Gat rumberu,La Pegatina
,Nasío pa la Alegria,Estopa
,Qué bonito es el amor,La Pegatina
,Un amor tan grande,El Arrebato
,Canción de amor caducada,Melendi
,Una noche con arte,El Arrebato
,Poquito a poco,El Arrebato
,Estadio Azteca,Andrés Calamaro
,Hoy todo va a salirme bien,El Arrebato
,Mal de Amores,El Barrio
,Dulce Soledad,Nolasco
,Besos Amargos,Nolasco
,Abreme la Puerta,El Barrio
,Se Me Va,Siempre Asi
,A Mi Manera - Live in Los Angeles,Gipsy Kings
,Mi colega de siempre,El Arrebato
,Quiereme,El Barrio
,Volare (Nel Blu di Pinto di Blu),Gipsy Kings
,Corazón congelado,Pastora Soler
,El Viejo Verano,El Barrio
,Rojitas las orejas,Fito y Fitipaldis
,Hablame del sur,El Arrebato
,El Tiempo,D'Callaos
,Las Cosas Pequeñitas,Nolasco
,La Fuente del Deseo,El Barrio
,Sin documentos,Los Rodriguez
,Locura,Elbicho
,Algo contigo,Andrés Calamaro
,Estrella Fugaz,Estopa
,Necesito Medicación,Estopa
,Nuestro Amor,Cristian Castro
,Pajaros de Barro,Manolo Garcia
,De los malos,Elbicho
,Mamá Dolores,Elbicho
,Volver,Andrés Calamaro
,Hasta Que Salga El Sol,D'Callaos
,Que Nadie,Manuel Carrasco
,Sígueme,Manuel Carrasco
,Estoy Hecho De Pedacitos De Ti,Antonio Orozco
,Ya Lo Sabes,Antonio Orozco
,No Hay Más,Antonio Orozco
,Devuélveme La Vida,Antonio Orozco
,Que Me Queda,Antonio Orozco
,#Amor (feat. Fernando Caro),Sergio Contreras
,Llena de Luz y de Sal,Sergio Contreras
J DOSE HITS,Workin’ Out - A Colors Show,JID
J DOSE HITS,Just The Two of Us,Kauai45
J DOSE HITS,Tints (feat. Kendrick Lamar),Anderson .Paak
J DOSE HITS,Meditaçao,Andrea Motis
J DOSE HITS,"U Say (feat. Tyler, The Creator & Jay Prince)",GoldLink
J DOSE HITS,Topdown,Channel Tres
J DOSE HITS,Add the Bassline,Jordan Rakei
J DOSE HITS,Skyline,FKJ
J DOSE HITS,Quien lo diría,Rita Payés
J DOSE HITS,Nothing Even Matters (feat. D'Angelo),Ms. Lauryn Hill
J DOSE HITS,Uncle Jerry,Diego Guerrero
J DOSE HITS,Nightrider,Tom Misch
J DOSE HITS,otro lugar • despertar,Judeline
J DOSE HITS,Ranchada de los Paraguayos,Niño Josele
J DOSE HITS,蓝,DELLAFUENTE
J DOSE HITS,Letras - En directo,Elbicho
J DOSE HITS,Mi Tierra,Gloria Estefan
J DOSE HITS,Flor De Lis,Ketama
J DOSE HITS,Traición,Alberdi
J DOSE HITS,"Aquatic Ruin Zone (From ""Sonic the Hedgehog 2"")",insaneintherainmusic
J DOSE HITS,On One (feat. Freddie Gibbs),Joyce Wrice
J DOSE HITS,Two Tens (feat. Anderson .Paak),Cordae
J DOSE HITS,Un Lugar Mejor,DL Blando
J DOSE HITS,Need You,Stormzy
J DOSE HITS,No Me Salves,Queralt Lahoz
J DOSE HITS,Indestructible,Ray Barretto
J DOSE HITS,4EVA (feat. Pharrell Williams),KAYTRAMINÉ
J DOSE HITS,Ex (feat. YG),Ty Dolla $ign
J DOSE HITS,Run It Up,Snakehips
J DOSE HITS,Heart Don't Stand a Chance,Anderson .Paak
J DOSE HITS,Pa llorar,DELLAFUENTE
J DOSE HITS,3 Caras,DELLAFUENTE
J DOSE HITS,P.B.J.,Devin Morrison
J DOSE HITS,Little Things,Jorja Smith
J DOSE HITS,Pretty Dreamer,Jaz Karis
J DOSE HITS,Niña,Alberdi
J DOSE HITS,Who He Iz,KAYTRAMINÉ
J DOSE HITS,Addicted,Ben L'Oncle Soul
J DOSE HITS,Samba Tune,T-Break
J DOSE HITS,La Tirana,La Lupe
J DOSE HITS,Soak It Up,MJ Cole
J DOSE HITS,PURPLE TUESDAY (feat. Joey Bada$$ & Jesse Boykins III),Rejjie Snow
J DOSE HITS,Bailar,2fox
J DOSE HITS,Carefree,Mick Jenkins
J DOSE HITS,Andando,Morad
J DOSE HITS,Bossanova,Estopa
J DOSE HITS,Separated,IAMNOBODI
J DOSE HITS,"Cornbread, Fish & Collard Greens",Anthony Hamilton
J DOSE HITS,No Room,Madison McFerrin
J DOSE HITS,Love$ick (feat. A$AP Rocky),Mura Masa
J DOSE HITS,Midnight Mischief (Tom Misch Remix),Jordan Rakei
J DOSE HITS,J'aime Bien!,Josman
J DOSE HITS,Intro,Josman
J DOSE HITS,Eternal Light,Free Nationals
J DOSE HITS,Un Rodeoooo,Rels B
J DOSE HITS,Didn't Cha Know,Erykah Badu
J DOSE HITS,La Medicina,7 Notas 7 Colores
J DOSE HITS,Le cœur à l'envers,Béesau
J DOSE HITS,SUGGA,NATHY PELUSO
J DOSE HITS,Inmortales,J Dose
J DOSE HITS,Get It Together,Drake
J DOSE HITS,Tango De La Vía Láctea,Sílvia Pérez Cruz
J DOSE HITS,La Ocasión,Alberdi
J DOSE HITS,What You Wanna Try,Masego
J DOSE HITS,Special Affair,The Internet
J DOSE HITS,El Elegido,Ébano
J DOSE HITS,Free Latin,Horacio Hernández
J DOSE HITS,Why Don't You,Cleo Sol
J DOSE HITS,What You Won't Do for Love,Bobby Caldwell
J DOSE HITS,Watering My Plants,Larry June
J DOSE HITS,Let's Drive To Vegas,Larry June
J DOSE HITS,Mason Cafe,Larry June
J DOSE HITS,Keep Calling,Blxst
J DOSE HITS,MILLION DOLLAR BABY,Tommy Richman
J DOSE HITS,Ain't No Love In The Heart Of The City - Single Version,"Bobby ""Blue"" Bland"
J DOSE HITS,UN RUMBO SIN DESTINO,La Sra. Tomasa
J DOSE HITS,Sin Miedo (Houly Housy Sessions #3),La Sra. Tomasa
J DOSE HITS,Moça,Mariana Froes
J DOSE HITS,heart pt. 6,Kendrick Lamar
J DOSE HITS,Neotangos,Juanma Montoya
J DOSE HITS,JOROPO,Judeline
J DOSE HITS,Querría,El Kanka
J DOSE HITS,CARPINTERIA (feat. Freddie Gibbs),Rae Khalil
J DOSE HITS,NUEVAYoL,Bad Bunny
J DOSE HITS,CAFé CON RON,Bad Bunny
J DOSE HITS,TURiSTA,Bad Bunny
J DOSE HITS,HS 808 #3,808NOCHE
J DOSE HITS,Calor,Astrid Canales
J DOSE HITS,IMPOSTOR,CA7RIEL & Paco Amoroso
J DOSE HITS,Llorarás,Tremendo
J DOSE HITS,VUELVES,Queralt Lahoz
J DOSE HITS,Lua Comanche,Bala Desejo
J DOSE HITS,Weak,Vintage Culture
J DOSE HITS,"LA QUE PUEDE, PUEDE - Live at NPR MUSIC's Tiny Desk",CA7RIEL & Paco Amoroso
J DOSE HITS,Dy-Na-Mi-Tee,Ms. Dynamite
J DOSE HITS,RE FORRO,CA7RIEL & Paco Amoroso
J DOSE HITS,Que me entierren sin un chavo,Juancho Marqués
J DOSE HITS,Fuego,Astrid Canales
J DOSE HITS,TOL DIA,EAZYBOI
J DOSE HITS,Murmullo,Buena Vista Social Club
Para bajones,Wish You Were Here - 2011 Remaster,Pink Floyd
Para bajones,Hurt,Johnny Cash
Para bajones,"Here's Lookin At You, Kid",The Gaslight Anthem
Para bajones,"Don't Think Twice, It's All Right",Bob Dylan
Para bajones,Goodbye,Steve Earle
Para bajones,Blue Valentines,Tom Waits
Para bajones,"So Long, Marianne",Leonard Cohen
Para bajones,This Depression,Bruce Springsteen
Para bajones,Boots of Spanish Leather,Bob Dylan
Para bajones,Call Me on Your Way Back Home,Ryan Adams
Para bajones,Crying,Roy Orbison
Para bajones,November Rain,Guns N' Roses
Para bajones,"Still Drunk, Still Crazy, Still Blue",Scott H. Biram
Para bajones,Keep Me in Your Heart,Warren Zevon
Para bajones,Blue Velvet,Bobby Vinton
Para bajones,Can't Help Falling in Love,Elvis Presley
Para bajones,American Pie,Don McLean
Para bajones,Luka,Suzanne Vega
Para bajones,Blue Eyes Crying In the Rain,Willie Nelson
Para bajones,Hallelujah,Jeff Buckley
Para bajones,Ghosts That We Knew,Mumford & Sons
Para bajones,Not Dark Yet,Bob Dylan
Para bajones,Why Worry?,Dire Straits
Para bajones,Strange Fruit,Billie Holiday
Para bajones,Nothing Else Matters,Metallica
Para bajones,'Til I Die - Remastered 2009,The Beach Boys
Para bajones,Everybody Hurts,R.E.M.
Para bajones,Cloudy Day,J.J. Cale
Para bajones,Crazy Love - 2013 Remaster,Van Morrison
Para bajones,I'll Be Here In The Morning,Townes Van Zandt
Para bajones,Clay Pigeons,John Prine
Para bajones,Gloomy Sunday (with Teddy Wilson & His Orchestra) - Take 1,Billie Holiday
Para bajones,"4th of July, Asbury Park (Sandy) (feat. Danny Federici)",Bruce Springsteen
Para bajones,Drive All Night,Bruce Springsteen
Para bajones,Innocent When You Dream (Barroom),Tom Waits
Para bajones,Hope There's Someone,Antony and the Johnsons
Para bajones,The Ship Song - 2010 Remastered Version,Nick Cave & The Bad Seeds
Para bajones,The Sound of Silence,Simon & Garfunkel
Para bajones,He Was My Brother,Simon & Garfunkel
Para bajones,Redemption Song,Joe Strummer
Para bajones,"Tears in Heaven - Acoustic; Live at MTV Unplugged, Bray Film Studios, Windsor, England, UK, 1/16/1992; 2013 Remaster",Eric Clapton
Para bajones,Gave It A Name - Studio Outtake - 1998,Bruce Springsteen
Para bajones,Where Did You Sleep Last Night - Live,Nirvana
Para bajones,You Never Know What You're in For - Live,Elliott Murphy
Para bajones,Pain in My Heart,Otis Redding
Reggaetonada,Baila Morena - Original Reggaeton Mix,Hector & Tito
Reggaetonada,Danza Kuduro,Don Omar
Reggaetonada,Caliente - Radio Edit,Jay Santos
Reggaetonada,Chica Loca - Radio Edit,Kiko Rivera
Reggaetonada,La conocí bailando (feat. K-Narias) - Radio Edit,Dr. Bellido
Reggaetonada,Dale Morena - Radio Edit,Jay Santos
Reggaetonada,La Despedida,Daddy Yankee
Reggaetonada,Entre la Playa Ella y Yo (feat. Vato 18k),Big Yamo
Reggaetonada,Fanática Sensual,Plan B
Reggaetonada,Pasado pisado,Comando Tiburon
Reggaetonada,Rayos de Sol,José de Rico
Reggaetonada,Me Enamoré,Charly Rodriguez
Reggaetonada,Princesa de mi cuento,Sergio Contreras
Reggaetonada,Limbo,Daddy Yankee
Reggaetonada,Te Pintaron Pajaritos,Yandar & Yostin
Reggaetonada,Noche de Estrellas,José de Rico
Reggaetonada,Bailando por Ahi,Juan Magán
Reggaetonada,Rompe,Daddy Yankee
Reggaetonada,Mi Reina,Henry Mendez
Reggaetonada,Una En Un Millón,Alexis y Fido
Reggaetonada,Como Tu No Hay Dos,Buxxi
Reggaetonada,Pégate Más,Dyland & Lenny
Reggaetonada,No Voy a Llorar - Radio Edit,Rodriguez
Reggaetonada,El Malo,Eloy
Reggaetonada,Purpurina,Alberto Gambino
Reggaetonada,Me enamoré - Feeling of Love,Xriz
Reggaetonada,Yo Te Esperaré,Cali Y El Dandee
Reggaetonada,Agachate,Danny Romero
Reggaetonada,Angelito Sin Alas (feat. Juan Magán) - Remix,DCS
Reggaetonada,Lovumba,Daddy Yankee
Reggaetonada,Se Vuelve Loca,Juan Magán
Reggaetonada,Ella No Volverá,Dr. Bellido
Reggaetonada,La Temperatura (feat. Eli Palacios),Maluma
Reggaetonada,Dime Que Me Quieres,Luis Vazquez
Reggaetonada,Hace Calor (Cuando Sale el Sol) - Radio Edit,EME BE
Reggaetonada,Adrenalina (feat. Jennifer Lopez & Ricky Martin),Wisin
Reggaetonada,Una Vaina Loca (feat. El Potro),Fuego
Reggaetonada,Virtual Diva,Don Omar
Reggaetonada,Gol,Cali Y El Dandee
Reggaetonada,Atrévete-Te-Te,Calle 13
Reggaetonada,Taboo,Don Omar
Reggaetonada,Guaya Guaya,Don Omar
Reggaetonada,Calor De Verano - Original Mix,Kike Puentes
Reggaetonada,Imposible Olvidar,Critika y Saik
Reggaetonada,Pobre Diabla,Don Omar
Reggaetonada,Mentirosa,Rafaga
Reggaetonada,Oye niña,Xriz
Reggaetonada,Verano Azul,Juan Magán
Reggaetonada,El Taxi - Original Version,Pitbull
Reggaetonada,Quitate el Top - Radio Edit,Tapo & Raya
Reggaetonada,Tacata - Radio Edit,Tacabro
Reggaetonada,Hasta la Madrugada,Charly Rodriguez
Reggaetonada,Dile,Don Omar
Reggaetonada,El Tiburón - The Shark,Henry Mendez
Reggaetonada,Sígueme Y Te Sigo,Daddy Yankee
Reggaetonada,Lady,DJ Mendez
Reggaetonada,Amaneci Contento,"Secreto ""El Famoso Biberon"""
Reggaetonada,Todos los días sale el sol,Bongo Botrako
Reggaetonada,Tu Gatita,JMP
Reggaetonada,Mayor Que Yo 3,Luny Tunes
Reggaetonada,Dale Don Dale,Don Omar
Reggaetonada,Gasolina,Daddy Yankee
Reggaetonada,Noche De Sexo,Wisin & Yandel
Reggaetonada,Motívate,Danny Romero
Reggaetonada,Chica Deseada,Cosmik
Reggaetonada,Obsesion,Aventura
Reggaetonada,El Teke Teke,Los Teke Teke
Reggaetonada,Como Ella Ninguna,Tinto
Reggaetonada,Él No Te Da,Dasoul
Reggaetonada,Esta Noche De Travesura,"Héctor ""El Father"""
Reggaetonada,Pasame La Botella,Soca Man
Reggaetonada,Bata Bata 2,Latin Fresh
Reggaetonada,Mal de Amores,Juan Magán
Reggaetonada,Llamado de Emergencia,Daddy Yankee
Reggaetonada,Vaivén,Daddy Yankee
Reggaetonada,Es un Secreto,Plan B
Reggaetonada,Candy,Plan B
Reggaetonada,No Llores Más,
Reggaetonada,Ella No Sigue Modas,Juan Magán
Reggaetonada,"Lo Que Pasó, Pasó",Daddy Yankee
Reggaetonada,Ven Bailalo - Reggaeton Mix,Angel Y Khriz
Reggaetonada,Perros Salvajes,Daddy Yankee
Reggaetonada,Pa' Que Retozen,Tego Calderón
Reggaetonada,Bandoleros,Don Omar
Reggaetonada,Algo Me Gusta De Ti,Wisin & Yandel
Reggaetonada,Ma Chérie - DJ Antoine & Mad Mark 2K12 Radio Edit,DJ Antoine
Reggaetonada,Te Voy a Esperar (feat. Belinda),Juan Magán
Reggaetonada,Si No Te Quisiera,Juan Magán
Reggaetonada,Me Niegas,Baby Rasta y Gringo
Reggaetonada,Estrellita De Madrugada - Original 2022 Remaster (Ft. Daddy Yankee),Omega
Reggaetonada,Nunca Imagine - Remix,Justin Quiles
Reggaetonada,Escápate Conmigo - Remix,Wolfine
Reggaetonada,El Telefono,"Héctor ""El Father"""
Reggaetonada,Me Estas Tentando,Wisin & Yandel
Prendeloo 🔥,KEKE,6ix9ine
Prendeloo 🔥,Bicho raro,Natos y Waor
Prendeloo 🔥,Falling Down - Bonus Track,Lil Peep
Prendeloo 🔥,Bañador y chancletas,Ayax y Prok
Prendeloo 🔥,This Feeling (feat. Kelsea Ballerini),The Chainsmokers
Prendeloo 🔥,Afrohard,Hard GZ
Prendeloo 🔥,Orgullo Banderillero,SFDK
Prendeloo 🔥,Agua Pasá,SFDK
Prendeloo 🔥,Quiere Beber,Anuel AA
Prendeloo 🔥,BEBE,6ix9ine
Prendeloo 🔥,Luzbel,Arce
Prendeloo 🔥,No Quiero Amarte (feat. Zion & Lennox),Justin Quiles
Prendeloo 🔥,Jacaranda,Bad Gyal
Prendeloo 🔥,Fiebre - Prod. King DouDou,Bad Gyal
Prendeloo 🔥,Mujeres,Mozart La Para
Prendeloo 🔥,Nana,Anier
Prendeloo 🔥,Por la calle abajo,FERNANDOCOSTA
Prendeloo 🔥,High On Life (feat. Bonn),Martin Garrix
Prendeloo 🔥,High,Brytiago
Prendeloo 🔥,Are You With Me - Radio Edit,Lost Frequencies
Prendeloo 🔥,Reality (feat. Janieck Devy) - Radio Edit,Lost Frequencies
Prendeloo 🔥,Danger (with Migos & Marshmello),Migos
Prendeloo 🔥,Lollypop,Kidd Keo
Prendeloo 🔥,In My Mind,Dynoro
Prendeloo 🔥,Vamos Pa la Playa,FlowZeta
Prendeloo 🔥,Rise,Jonas Blue
Prendeloo 🔥,Narcolepsia,FERNANDOCOSTA
Prendeloo 🔥,Chacho,Dollar Selmouni
Prendeloo 🔥,Pa que lo gocen,FERNANDOCOSTA
Prendeloo 🔥,No Es Justo,J Balvin
Prendeloo 🔥,La player (Bandolera),Zion & Lennox
Prendeloo 🔥,Inditex,C. Tangana
Prendeloo 🔥,Spotlight,Marshmello
Prendeloo 🔥,Awful Things,Lil Peep
Prendeloo 🔥,Adrenalina (feat. Jennifer Lopez & Ricky Martin),Wisin
Prendeloo 🔥,Wake Me When It's Quiet,Hilda
Prendeloo 🔥,Something Just Like This - Don Diablo Remix,The Chainsmokers
Prendeloo 🔥,On My Mind - Radio Edit,Don Diablo
Prendeloo 🔥,Cutting Shapes,Don Diablo
Prendeloo 🔥,Levels - Radio Edit,Avicii
Prendeloo 🔥,Cicatrices,Natos y Waor
Prendeloo 🔥,Underground Kings,Natos y Waor
Prendeloo 🔥,Calavera no chilla,Natos y Waor
Prendeloo 🔥,Lágrimas Negras,Natos y Waor
Prendeloo 🔥,Camarón,Natos y Waor
Prendeloo 🔥,Rara Avis,Natos y Waor
Prendeloo 🔥,Carretera,Natos y Waor
Prendeloo 🔥,Sakalakalashnikov,Ayax y Prok
Prendeloo 🔥,"A veces se me pasa, a veces paso",Ayax y Prok
Prendeloo 🔥,GOTTI,6ix9ine
Prendeloo 🔥,Head Up,Don Diablo
Prendeloo 🔥,Crazy,Lost Frequencies
Prendeloo 🔥,Bien Duro,C. Tangana
Prendeloo 🔥,Llorando en la Limo (feat. Alizzz),C. Tangana
Prendeloo 🔥,Sola (Remix),Anuel AA
Prendeloo 🔥,Estamos Bien,Bad Bunny
Prendeloo 🔥,Reproches,Ayax y Prok
Prendeloo 🔥,Fresas con nata,Ayax y Prok
Prendeloo 🔥,La flauta de Hamelin,Ayax y Prok
Prendeloo 🔥,All You Need Is Love,Avicii
Prendeloo 🔥,Blanco y Negro,Nikone
Prendeloo 🔥,Culpables,KAROL G
Prendeloo 🔥,Mucho,BEJO
Prendeloo 🔥,"Taki Taki (with Selena Gomez, Ozuna & Cardi B)",DJ Snake
Prendeloo 🔥,We Rise,San Holo
Prendeloo 🔥,Five More Hours,Deorro
Prendeloo 🔥,Sugar (feat. Francesco Yates),Robin Schulz
Prendeloo 🔥,Rolex,Ayo & Teo
Prendeloo 🔥,Malamanera,FERNANDOCOSTA
Prendeloo 🔥,The Hum,Dimitri Vegas & Like Mike
Prendeloo 🔥,Don't Leave Me Alone (feat. Anne-Marie),David Guetta
Prendeloo 🔥,Let M3 Xplain,Kidd Keo
Prendeloo 🔥,Danger,FERNANDOCOSTA
Prendeloo 🔥,Traicionero (feat. Cromo X),C. Tangana
Prendeloo 🔥,Replay,Maikel Delacalle
Prendeloo 🔥,El Peor,Chyno Miranda
Prendeloo 🔥,She Don't Give a Fo,Duki
Prendeloo 🔥,MIA (feat. Drake),Bad Bunny
Prendeloo 🔥,Cuando Me Miras (feat. Enry-K),C. Tangana
Prendeloo 🔥,Condiciones,Maikel Delacalle
Prendeloo 🔥,Ficción,Costa
Prendeloo 🔥,Brindemos,Anuel AA
Prendeloo 🔥,Cholo,Arce
Prendeloo 🔥,Barco a la deriva,FERNANDOCOSTA
Prendeloo 🔥,"Pavos Reales (con Hermano L, Shabu One Shant y Mcklopedia)",Kase.O
Prendeloo 🔥,Hola,Zion & Lennox
Prendeloo 🔥,Welcome,Nikone
Prendeloo 🔥,Junto Al Amanecer,J Alvarez
Prendeloo 🔥,Booty,C. Tangana
Prendeloo 🔥,Abuso,Brytiago
Prendeloo 🔥,Jaque Mate,Maikel Delacalle
Prendeloo 🔥,Devuelveme,Ozuna
Prendeloo 🔥,Odysee - Radio Edit,Scarf!
Prendeloo 🔥,Don't Hurt Me,Mustard
Prendeloo 🔥,Que Sería,Anuel AA
Prendeloo 🔥,Choriqueso,BEJO
Prendeloo 🔥,Delirium,Natos y Waor
Prendeloo 🔥,Antes de Morirme (feat. Rosalía),C. Tangana
Prendeloo 🔥,Cuelga tú,Locoplaya
Prendeloo 🔥,Qué Dice la Juventud?,Locoplaya
BLASFEM CHOICE,M.I.A.,Jet Life
BLASFEM CHOICE,Life,Jet Life
BLASFEM CHOICE,Window Shopper,50 Cent
BLASFEM CHOICE,C.R.E.A.M. (Cash Rules Everything Around Me),Wu-Tang Clan
BLASFEM CHOICE,"Gravel Pit (feat. RZA, Method Man, Ghostface Killah, Raekwon & U-God)",Wu-Tang Clan
BLASFEM CHOICE,What's Happenin',Method Man
BLASFEM CHOICE,Part II,Method Man
BLASFEM CHOICE,Benzi Box,DANGERDOOM
BLASFEM CHOICE,En Privao,Juancho Marqués
BLASFEM CHOICE,Tu Lado de la Cama,Juancho Marqués
BLASFEM CHOICE,Chekkka,J Dose
BLASFEM CHOICE,Forgotten,Snak The Ripper
BLASFEM CHOICE,Murder Was The Case (Death After Visualizing Eternity) (feat. Dat Nigga Daz),Snoop Dogg
BLASFEM CHOICE,Pump Pump (feat. Lil' Malik),Snoop Dogg
BLASFEM CHOICE,Illusions,Cypress Hill
BLASFEM CHOICE,Killafornia,Cypress Hill
BLASFEM CHOICE,Stoned Raiders,Cypress Hill
BLASFEM CHOICE,Mi Entierro,Tego Calderón
BLASFEM CHOICE,Sopa de Letra,Tego Calderón
BLASFEM CHOICE,Chillin',Tego Calderón
BLASFEM CHOICE,Canción De Hamaca,Tego Calderón
BLASFEM CHOICE,Julito Maraña (feat. Tego Calderon),Voltio
BLASFEM CHOICE,Who Shot Ya? - 2005 Remaster,The Notorious B.I.G.
BLASFEM CHOICE,Da Joint,EPMD
BLASFEM CHOICE,Livin' Proof,Group Home
BLASFEM CHOICE,Slam,Onyx
BLASFEM CHOICE,Do For Love,2Pac
BLASFEM CHOICE,Wreckonize - Remix Vocal,Smif-N-Wessun
BLASFEM CHOICE,"Shook Ones, Pt. II",Mobb Deep
BLASFEM CHOICE,Cambumbo,Tego Calderón
BLASFEM CHOICE,ROCKABYE BABY (feat. ScHoolboy Q),Joey Bada$$
BLASFEM CHOICE,Christ Conscious,Joey Bada$$
BLASFEM CHOICE,IDGAF,MelyMel
BLASFEM CHOICE,Rascabicho,Ñejo
BLASFEM CHOICE,Can't Get Enough Of It (feat. General G),Mobb Deep
BLASFEM CHOICE,Apostle's Warning,Mobb Deep
BLASFEM CHOICE,King Kunta,Kendrick Lamar
BLASFEM CHOICE,Kream (feat. Tyga),Iggy Azalea
BLASFEM CHOICE,I'm Not Goin' (feat. Kevin Gates),Gucci Mane
BLASFEM CHOICE,And So,Boot Camp Clik
BLASFEM CHOICE,The Hustle,Boot Camp Clik
BLASFEM CHOICE,Who Got Da Props,Black Moon
BLASFEM CHOICE,Now Way,Black Moon
BLASFEM CHOICE,Bounce To The Ounce,O.G.C.
BLASFEM CHOICE,High As Hell,Keith Murray
BLASFEM CHOICE,Radio,Keith Murray
BLASFEM CHOICE,Above The Clouds,Gang Starr
BLASFEM CHOICE,Get Money,Junior M.A.F.I.A.
BLASFEM CHOICE,"Flava in Ya Ear Remix (feat. The Notorious B.I.G., LL Cool J, Busta Rhymes, Rampage)",Craig Mack
BLASFEM CHOICE,"L.A., L.A. - Kuwait Mix",Capone-N-Noreaga
BLASFEM CHOICE,Halfway Thugs,Capone-N-Noreaga
BLASFEM CHOICE,Illegal Life,Capone-N-Noreaga
BLASFEM CHOICE,Black Gangstas,Capone-N-Noreaga
BLASFEM CHOICE,Chin Check,N.W.A.
BLASFEM CHOICE,I Love It (& Lil Pump),Kanye West
BLASFEM CHOICE,Move Your Feet,Junior Senior
BLASFEM CHOICE,Be Faithful,Fatman Scoop
BLASFEM CHOICE,Lemon (feat. Drake) - Drake Remix,N.E.R.D
BLASFEM CHOICE,Ooh La La,The Wiseguys
BLASFEM CHOICE,Just Jammin',Gramatik
BLASFEM CHOICE,Can I Kick It?,A Tribe Called Quest
BLASFEM CHOICE,Gettin' Jiggy Wit It,Will Smith
BLASFEM CHOICE,"Medication (ft. Stephen Marley, Wiz Khalifa, Ty Dolla $ign) - Remix",Damian Marley
BLASFEM CHOICE,Trap Phone (feat. Capo Plaza),Guè
BLASFEM CHOICE,Baile Del Hindú (feat. Trainer & Big Soto),Akapellah
BLASFEM CHOICE,Réplica,Akapellah
BLASFEM CHOICE,El Mundo Está al Revés (feat. Foyone & Dollar),Akapellah
BLASFEM CHOICE,Achantadera Y Panzón,Akapellah
BLASFEM CHOICE,Full Clip,Gang Starr
BLASFEM CHOICE,N 2 Gether Now,Limp Bizkit
BLASFEM CHOICE,What's Luv? (feat. Ja-Rule & Ashanti),Fat Joe
BLASFEM CHOICE,A.V.E.R.A.G.E.,Kazi
BLASFEM CHOICE,Ten Crack Commandments - 2007 Remaster,The Notorious B.I.G.
BLASFEM CHOICE,Es is Kwam,Kwam.E
BLASFEM CHOICE,Play & Weed (feat. Akapellah),Nfx
BLASFEM CHOICE,Román,ACRU
BLASFEM CHOICE,Stroker Ace,Lovage
BLASFEM CHOICE,Coupe Se' Yern,Smino
BLASFEM CHOICE,Ain't Nothing Changed,Loyle Carner
BLASFEM CHOICE,Unga Bunga feat. Portformat,Joe Kickass
BLASFEM CHOICE,Street Life,The Crusaders
BLASFEM CHOICE,Ciudad del vicio - Remix,Foyone
BLASFEM CHOICE,Solo Quedar Consuelo,Violadores Del Verso
BLASFEM CHOICE,Come Clean - E New Y Radio,Jeru The Damaja
BLASFEM CHOICE,Supa Star,Group Home
BLASFEM CHOICE,Jackel,Madchild
BLASFEM CHOICE,Heavy Metal Kings,Jedi Mind Tricks
BLASFEM CHOICE,You Ain't a Killer,Big Pun
BLASFEM CHOICE,Q.U. - Hectic,Mobb Deep
BLASFEM CHOICE,I Got 5 On It,Luniz
BLASFEM CHOICE,Worst Comes To Worst - Edited,Dilated Peoples
BLASFEM CHOICE,This Way,Dilated Peoples
BLASFEM CHOICE,Adrenaline,Mobb Deep
BLASFEM CHOICE,That's My People,Suprême NTM
BLASFEM CHOICE,Twinz (Deep Cover 98) (feat. Fat Joe),Big Pun
BLASFEM CHOICE,"Glamour Life (feat. Fat Joe, Triple Seis, Armageddon & Cuban Link)",Big Pun
BLASFEM CHOICE,Hip Hop,Dead Prez
BLASFEM CHOICE,He Got Game,Public Enemy
BLASFEM CHOICE,Gangsta Gangsta - Feat. Tego Calderon; Explicit,Tony Touch
BLASFEM CHOICE,Nikes on My Feet,Mac Miller
Skate-punk,Bro Hymn,Pennywise
Skate-punk,No Cigar,Millencolin
Skate-punk,Violins,Lagwagon
Skate-punk,Justified Black Eye,No Use For A Name
Skate-punk,Sense & Sensibility,Millencolin
Skate-punk,Dis' Chords,Lagwagon
Skate-punk,Leave It Alone,NOFX
Skate-punk,Revolution,Pennywise
Skate-punk,99 Red Balloons,Goldfinger
Skate-punk,You,Bad Religion
Skate-punk,Invincible,No Use For A Name
Skate-punk,The Separation Of Church & Skate,NOFX
Skate-punk,CAN'T HELP FALLING IN LOVE,Hi-STANDARD
Ireland hip hop,Beautiful Death,Rob Kelly
Ireland hip hop,Back From The Dead,House Of Pain
Ireland hip hop,Olga (1984),Rejjie Snow
Ireland hip hop,Jump Around,House Of Pain
Ireland hip hop,Do You Really Love Me? (feat. Funzo),Nucentz
Ireland hip hop,PINK FLOWER (feat. Dana Williams & Julian Bell),Rejjie Snow
Ireland hip hop,Air Max & Cash,Rob Kelly
Ireland hip hop,Let Me Go,Maverick Sabre
Ireland hip hop,Black Jesus,Everlast
Ireland hip hop,Remember Those Days,Big Snap
Ireland hip hop,Shit for Brains (feat. Jonny Darko),Class A'z
Ireland hip hop,Geography,Messiah J & The Expert
Ireland hip hop,Only Live Once (feat. Jonny Darko & Liam Geddes),Class A'z
Reggaeton,Noche De Sexo,Wisin & Yandel
Reggaeton,Pobre Diabla,Don Omar
Reggaeton,Dale Don Dale (feat.Don Omar),Don Omar
Reggaeton,Hector & Tito Ft. Don Omar - Amor De Colegio,
Reggaeton,Baila Morena - Original Reggaeton Mix,Hector & Tito
Reggaeton,Ella Y Yo - Featuring Don Omar,Aventura
Reggaeton,La Gozadera (feat. Marc Anthony),Gente De Zona
Reggaeton,Amor De Pobre,Zion
Reggaeton,Pasarela,Ñejo & Dalmata
Reggaeton,Pa' Que Retozen,Tego Calderón
Reggaeton,Danza Kuduro,Don Omar
Reggaeton,Una En Un Millón,Alexis y Fido
Reggaeton,Despacito (Featuring Daddy Yankee),Luis Fonsi
90's hip hop New york,Nas Is Like,Nas
90's hip hop New york,Alright,Das EFX
90's hip hop New york,MC's Act Like They Don't Know,KRS-One
90's hip hop New york,Tearz,Wu-Tang Clan
90's hip hop New york,Invincible,Capone-N-Noreaga
90's hip hop New york,My Mind Spray,Jeru The Damaja
90's hip hop New york,"Shook Ones, Pt. II",Mobb Deep
90's hip hop New york,Electric Relaxation,A Tribe Called Quest
90's hip hop New york,Livin' Proof,Group Home
90's hip hop New york,Halftime,Nas
90's hip hop New york,Rappaz R. N. Dainja,KRS-One
90's hip hop New york,Shimmy Shimmy Ya,Ol' Dirty Bastard
90's hip hop New york,Real Hip-Hop - Pete Rock Remix,Das EFX
BSO,Verdanturf Town,Braxton Burks
BSO,To Good Friends,TPR
BSO,"Lugia's Song (From ""Pokémon 2000"")",Dan DeSimone
BSO,Suteki Da Ne,The St. Louis Ocarina Trio
BSO,One Summer's Day - Spirited Away,Joe Hisaishi
BSO,Le voyage de Chihiro: Reprise,Joe Hisaishi
BSO,Fight With Seymour,TPR
BSO,One Summer's Day (Ano Natsu e) - Spirited Away,daigoro789
BSO,Prologue,CrazyGroupTrio
BSO,"Song of the Ancients (From ""Nier: Gestalt"")",PurpleSchala
BSO,"Kaine (Salvation) [From ""NieR: Gestalt""]",PurpleSchala
BSO,The River on that Day (Movie Spirited Away From),Kiriko
BSO,Mary's Theme,村松祟継
BSO,Master Spells,村松祟継
BSO,Jenova (FINAL Fantasy Vii),Nobuo Uematsu
BSO,"Opera ""Maria and Draco"" (Final Fantasy VI)",Nobuo Uematsu
BSO,God of War,Bear McCreary
BSO,Valkyries,Bear McCreary
BSO,Concerning Hobbits,Howard Shore
BSO,Fawkes the Phoenix,John Williams
BSO,You are not Alone - Final Fantasy 9,Nielle dAGh
BSO,Sad Farewell,Carlos Calzada
BSO,Eyes on me - Final Fantasy VIII (Piano),Dagmar Krug
BSO,One​-​Winged Angel (Final Fantasy VII),Nobuo Uematsu
BSO,"Somnus (From ""Final Fantasy XV"")",AnimeVivi
BSO,River Flows In You - Original,Yiruma
BSO,Zanarkand,Nobuo Uematsu
BSO,Roses of May,Nobuo Uematsu
BSO,The Darkness of Eternity,Nobuo Uematsu
BSO,"The Road Goes Ever On..., Pt. 2 / ""In Dreams"" (feat. Edward Ross)",Howard Shore
BSO,Julia,Nobuo Uematsu
BSO,True Love,Yoko Shimomura
BSO,,
BSO,The Night King,Ramin Djawadi
BSO,Dewdrops at Dawn,Yoko Shimomura
BSO,希望の地へ,Masashi Hamauzu
BSO,「一時の安息」 from DISSIDIA FINAL FANTASY,石元 丈晴
BSO,Fisherman's Horizon (Final Fantasy VIII),Nobuo Uematsu
BSO,NOCTIS,Yoko Shimomura
BSO,Alethi Codes of War,Caleb Blood
BSO,Refreshing Melody,Masashi Hamauzu
BSO,Jeremy and Maureen,Franz Gordon
BSO,"Three Glyphs (Wind, Beloved, Protection)",Richard Tsutomu Williams
BSO,Uitwaaien,Annebelle Coenraad
BSO,Nightingale (Scaled Down Version),Lo Mimieux
BSO,"Mia & Sebastian's Theme (From ""La La Land"")",Jeremy Ng
BSO,Pandora's Song,Cris Velasco
BSO,"Gerudo Valley (From ""The Legend of Zelda Ocarina of Time"") - Original",Zelda Cover Band
BSO,Shore of Dreams (Another World),Yasunori Mitsuda
BSO,Emil / Sacrifice,SQUARE ENIX MUSIC
BSO,Yonah - Strings Ver.,SQUARE ENIX MUSIC
BSO,Prelude to FINAL FANTASY XIII,Masashi Hamauzu
BSO,"Valse Di Fantastica: Waltzing Amid Moonbeams (From ""Final Fantasy XV"") [For Piano Solo]",Yoko Shimomura
BSO,Aerith's Theme (Final Fantasy VII),Nobuo Uematsu
BSO,1000 Words (Final Fantasy X-2),PurpleSchala
Temazos 2000 España,Cuídate,La Oreja de Van Gogh
Temazos 2000 España,Puedes Contar Conmigo,La Oreja de Van Gogh
Temazos 2000 España,Rosas,La Oreja de Van Gogh
Temazos 2000 España,Te Dejo Madrid,Shakira
Temazos 2000 España,Que Me Quedes Tu,Shakira
Temazos 2000 España,"Suerte (Whenever, Wherever)",Shakira
Temazos 2000 España,La Tortura,Shakira
Temazos 2000 España,Las de la Intuición,Shakira
Temazos 2000 España,Loba,Shakira
Temazos 2000 España,Sin miedo a nada (feat. Amaia Montero),Alex Ubago
Temazos 2000 España,Malo,Bebe
Temazos 2000 España,Nada Fue Un Error - Live In Spain / 2005,Coti
Temazos 2000 España,Tu Peor Error,La Quinta Estacion
Temazos 2000 España,Ave María,David Bisbal
Temazos 2000 España,Color Esperanza,Diego Torres
Temazos 2000 España,Que Te Quería,La Quinta Estacion
Temazos 2000 España,Todos Me Miran,Gloria Trevi
Temazos 2000 España,"Marta, Sebas, Guille y los demás",Amaral
Temazos 2000 España,Entre tú y mil mares,Laura Pausini
Temazos 2000 España,Por la Raja de Tu Falda,Estopa
Temazos 2000 España,Morena Mía,Miguel Bosé
Temazos 2000 España,Y Yo Sigo Aqui,Paulina Rubio
Temazos 2000 España,Soy Yo,Marta Sánchez
Temazos 2000 España,Ni Una Sola Palabra,Paulina Rubio
Temazos 2000 España,A Dios Le Pido,Juanes
Temazos 2000 España,La Camisa Negra,Juanes
Temazos 2000 España,Pop,La Oreja de Van Gogh
Temazos 2000 España,Me Voy,Julieta Venegas
Temazos 2000 España,Limón y Sal,Julieta Venegas
Temazos 2000 España,Besos,El Canto Del Loco
Temazos 2000 España,Zapatillas,El Canto Del Loco
Temazos 2000 España,Volvera (feat. Alejandro Sanz),El Canto Del Loco
Temazos 2000 España,Peter Pan,El Canto Del Loco
Temazos 2000 España,Puede Ser,El Canto Del Loco
Temazos 2000 España,Tanto la Queria,Andy & Lucas
Temazos 2000 España,Estoy enfermo (con Melendi),Pignoise
Temazos 2000 España,Carolina - En directo 2000,M-Clan
Temazos 2000 España,Colgando en tus manos (con Marta Sánchez),Carlos Baute
Temazos 2000 España,Soldadito marinero,Fito y Fitipaldis
Temazos 2000 España,Princesas,Pereza
Temazos 2000 España,Como Camarón,Estopa
Temazos 2000 España,Voy a pasármelo bien,Hombres G
Temazos 2000 España,No Dudaria,Antonio Flores
Temazos 2000 España,El Run Run (with Rosario),Estopa
Temazos 2000 España,Un violinista en tu tejado,Melendi
Temazos 2000 España,Devuélveme a mi chica,Hombres G
Temazos 2000 España,Antes Que Ver El Sol,Coti
Temazos 2000 España,Física o química,Despistaos
Temazos 2000 España,Maquillaje,Mecano
Temazos 2000 España,Mi gran noche,Raphael
Temazos 2000 España,En Que Estrella Estara,Nena Daconte
Temazos 2000 España,Dos Hombres Y Un Destino,Bustamante
Temazos 2000 España,Sarandonga,Lolita
Temazos 2000 España,La Bomba,King Africa
Temazos 2000 España,La Madre de Jose,El Canto Del Loco
Temazos 2000 España,Mayonesa,La Banda Del Merengue
Temazos 2000 España,No Rompas Mas Mi Pobre Corazon,Felinos
Temazos 2000 España,Asereje,Tomate
Temazos 2000 España,Torero,Chayanne
Temazos 2000 España,Gasolina,Daddy Yankee
Temazos 2000 España,Sobreviviré,Monica Naranjo
Temazos 2000 España,Que La Detengan,David Civera
Temazos 2000 España,Yo Quiero Bailar,Sonia Y Selena
Temazos 2000 España,Ni tu ni nadie,Fangoria
Temazos 2000 España,Blanco y Negro,Malú
Temazos 2000 España,¡Corre!,Jesse & Joy
Temazos 2000 España,Por quererte,Efecto Mariposa
Temazos 2000 España,Eras Tu,Merche
Temazos 2000 España,Solamente Tú,Pablo Alborán
Temazos 2000 España,La Flaca,Jarabe De Palo
Temazos 2000 España,Quiero Tener Tu Presencia,Seguridad Social
Temazos 2000 España,Toda La Noche En La Calle,Amaral
Temazos 2000 España,Danza Kuduro,Don Omar
Temazos 2000 España,Buleria,David Bisbal
Temazos 2000 España,Corazon Latino,David Bisbal
Temazos 2000 España,El Jardín Prohibido,Sergio Dalma
Temazos 2000 España,Cuando Tú Vas,Chenoa
Temazos 2000 España,Escondidos,David Bisbal
Temazos 2000 España,Antes Muerta Que Sencilla,María Isabel
Temazos 2000 España,A toda mecha,S.J.K.
Temazos 2000 España,Uno más uno son 7,Fran Perea
Temazos 2000 España,Con la Duda,Laborde
Temazos 2000 España,Siempre,César Geune
Temazos 2000 España,Nunca volverá,El Sueño de Morfeo
Temazos 2000 España,Dime,Beth
Temazos 2000 España,Caminando por la vida,Melendi
Temazos 2000 España,Europe's Living A Celebration (Version Cibeles),Rosa López
Temazos 2000 España,El Baile del Gorila,Melody
Temazos 2000 España,Di Na Na Na,Serhat
Temazos 2000 España,Puede Ser (with Amaia Montero),El Canto Del Loco
Temazos 2000 España,Estrella Polar (with Juan Aguirre),Pereza
Temazos 2000 España,Disparé,Nena Daconte
Temazos 2000 España,La vida al reves,Fran Perea
Temazos 2000 España,Ella,Bebe
Temazos 2000 España,Toda la noche en la calle,Amaral
Temazos 2000 España,Moriría por vos,Amaral
Temazos 2000 España,Tenía Tanto Que Darte,Nena Daconte
Temazos 2000 España,El universo sobre mí,Amaral
Temazos 2000 España,No Dudaría - En Directo En El Liceu / 2008,Rosario
Temazos 2000 España,Mar Sin Dudas,Antonio Ferrer
